2026-06-06 14:39:45 ============================================================
2026-06-06 14:39:45 ENTRY EXECUTION STARTED
2026-06-06 14:39:45   Timestamp: 2026-06-06T14:39:45.598925
2026-06-06 14:39:45   Token: 1548560084778792402564428928978347766875...
2026-06-06 14:39:45   Budget: $5
2026-06-06 14:39:45   Price Offset: 0.02
2026-06-06 14:39:45   Max Retries: 3
2026-06-06 14:39:45   Max Entry Price: 0.99
2026-06-06 14:39:45   WebSocket Price: 0.97
2026-06-06 14:39:45   Initial Price: 0.9700
2026-06-06 14:39:45   Contracts Needed: 5
2026-06-06 14:39:45   Estimated Cost: $4.85
2026-06-06 14:39:45 ----------------------------------------
2026-06-06 14:39:45   Order Price: 0.9900 (price + 0.02)
2026-06-06 14:39:45 ATTEMPT 1/3
2026-06-06 14:39:45   Contracts bought so far: 0
2026-06-06 14:39:45   Remaining needed: 5
2026-06-06 14:39:45   Order size: 5
2026-06-06 14:39:45 --------------------------------------------------
2026-06-06 14:39:45 PLACING ORDER
2026-06-06 14:39:45   Token: 154856008477879240256442892897...
2026-06-06 14:39:45   Side: BUY
2026-06-06 14:39:45   Price: 0.9900
2026-06-06 14:39:45   Size: 5 contracts
2026-06-06 14:39:45   Value: $4.95
2026-06-06 14:39:45   Type: FAK (Fill-And-Kill)
2026-06-06 14:39:46 ORDER FAILED: PolyApiException[status_code=400, error_message={'error': 'not enough balance / allowance: the balance is not enough -> balance: 914302, order amount: 4953460'}]
2026-06-06 14:39:46   Elapsed: 713ms
2026-06-06 14:39:46 --------------------------------------------------
2026-06-06 14:39:46   Order rejected (API): PolyApiException[status_code=400, error_message={'error': 'not enough balance / allowance: the balance is not enough -> balance: 914302, order amount: 4953460'}]
2026-06-06 14:39:46 ATTEMPT 2/3
2026-06-06 14:39:46   Contracts bought so far: 0
2026-06-06 14:39:46   Remaining needed: 5
2026-06-06 14:39:46   Order size: 5
2026-06-06 14:39:46 --------------------------------------------------
2026-06-06 14:39:46 PLACING ORDER
2026-06-06 14:39:46   Token: 154856008477879240256442892897...
2026-06-06 14:39:46   Side: BUY
2026-06-06 14:39:46   Price: 0.9900
2026-06-06 14:39:46   Size: 5 contracts
2026-06-06 14:39:46   Value: $4.95
2026-06-06 14:39:46   Type: FAK (Fill-And-Kill)
2026-06-06 14:39:46 ORDER FAILED: PolyApiException[status_code=400, error_message={'error': 'not enough balance / allowance: the balance is not enough -> balance: 914302, order amount: 4953460'}]
2026-06-06 14:39:46   Elapsed: 228ms
2026-06-06 14:39:46 --------------------------------------------------
2026-06-06 14:39:46   Order rejected (API): PolyApiException[status_code=400, error_message={'error': 'not enough balance / allowance: the balance is not enough -> balance: 914302, order amount: 4953460'}]
2026-06-06 14:39:47 ATTEMPT 3/3
2026-06-06 14:39:47   Contracts bought so far: 0
2026-06-06 14:39:47   Remaining needed: 5
2026-06-06 14:39:47   Order size: 5
2026-06-06 14:39:47 --------------------------------------------------
2026-06-06 14:39:47 PLACING ORDER
2026-06-06 14:39:47   Token: 154856008477879240256442892897...
2026-06-06 14:39:47   Side: BUY
2026-06-06 14:39:47   Price: 0.9900
2026-06-06 14:39:47   Size: 5 contracts
2026-06-06 14:39:47   Value: $4.95
2026-06-06 14:39:47   Type: FAK (Fill-And-Kill)
2026-06-06 14:39:47 ORDER FAILED: PolyApiException[status_code=400, error_message={'error': 'not enough balance / allowance: the balance is not enough -> balance: 914302, order amount: 4953460'}]
2026-06-06 14:39:47   Elapsed: 220ms
2026-06-06 14:39:47 --------------------------------------------------
2026-06-06 14:39:47   Order rejected (API): PolyApiException[status_code=400, error_message={'error': 'not enough balance / allowance: the balance is not enough -> balance: 914302, order amount: 4953460'}]
2026-06-06 14:39:47   Total execution time: 2072ms
2026-06-06 14:39:47 ============================================================
2026-06-06 14:39:47 ENTRY EXECUTION COMPLETE
2026-06-06 14:39:47   Success: False
2026-06-06 14:39:47   Contracts Filled: 0/5
2026-06-06 14:39:47   Average Price: 0.0000
2026-06-06 14:39:47   Total Cost: $0.00
2026-06-06 14:39:47   Attempts: 3
2026-06-06 14:39:47   Total Time: 2072ms
2026-06-06 14:39:47   Error: PolyApiException[status_code=400, error_message={'error': 'not enough balance / allowance: the balance is not enough -> balance: 914302, order amount: 4953460'}]
2026-06-06 14:39:47   Fills: []
2026-06-06 14:39:47 ============================================================
2026-06-06 14:39:47 ============================================================
2026-06-06 14:39:47 ENTRY EXECUTION STARTED
2026-06-06 14:39:47   Timestamp: 2026-06-06T14:39:47.890754
2026-06-06 14:39:47   Token: 1548560084778792402564428928978347766875...
2026-06-06 14:39:47   Budget: $5
2026-06-06 14:39:47   Price Offset: 0.02
2026-06-06 14:39:47   Max Retries: 3
2026-06-06 14:39:47   Max Entry Price: 0.99
2026-06-06 14:39:47   WebSocket Price: 0.96
2026-06-06 14:39:47   Initial Price: 0.9600
2026-06-06 14:39:47   Contracts Needed: 5
2026-06-06 14:39:47   Estimated Cost: $4.80
2026-06-06 14:39:47 ----------------------------------------
2026-06-06 14:39:47   Order Price: 0.9800 (price + 0.02)
2026-06-06 14:39:47 ATTEMPT 1/3
2026-06-06 14:39:47   Contracts bought so far: 0
2026-06-06 14:39:47   Remaining needed: 5
2026-06-06 14:39:47   Order size: 5
2026-06-06 14:39:47 --------------------------------------------------
2026-06-06 14:39:47 PLACING ORDER
2026-06-06 14:39:47   Token: 154856008477879240256442892897...
2026-06-06 14:39:47   Side: BUY
2026-06-06 14:39:47   Price: 0.9800
2026-06-06 14:39:47   Size: 5 contracts
2026-06-06 14:39:47   Value: $4.90
2026-06-06 14:39:47   Type: FAK (Fill-And-Kill)
2026-06-06 14:39:48 ORDER FAILED: PolyApiException[status_code=400, error_message={'error': 'not enough balance / allowance: the balance is not enough -> balance: 914302, order amount: 4906860'}]
2026-06-06 14:39:48   Elapsed: 252ms
2026-06-06 14:39:48 --------------------------------------------------
2026-06-06 14:39:48   Order rejected (API): PolyApiException[status_code=400, error_message={'error': 'not enough balance / allowance: the balance is not enough -> balance: 914302, order amount: 4906860'}]
2026-06-06 14:39:48 ATTEMPT 2/3
2026-06-06 14:39:48   Contracts bought so far: 0
2026-06-06 14:39:48   Remaining needed: 5
2026-06-06 14:39:48   Order size: 5
2026-06-06 14:39:48 --------------------------------------------------
2026-06-06 14:39:48 PLACING ORDER
2026-06-06 14:39:48   Token: 154856008477879240256442892897...
2026-06-06 14:39:48   Side: BUY
2026-06-06 14:39:48   Price: 0.9800
2026-06-06 14:39:48   Size: 5 contracts
2026-06-06 14:39:48   Value: $4.90
2026-06-06 14:39:48   Type: FAK (Fill-And-Kill)
2026-06-06 14:39:48 ORDER FAILED: PolyApiException[status_code=400, error_message={'error': 'not enough balance / allowance: the balance is not enough -> balance: 914302, order amount: 4906860'}]
2026-06-06 14:39:48   Elapsed: 236ms
2026-06-06 14:39:48 --------------------------------------------------
2026-06-06 14:39:48   Order rejected (API): PolyApiException[status_code=400, error_message={'error': 'not enough balance / allowance: the balance is not enough -> balance: 914302, order amount: 4906860'}]
2026-06-06 14:39:48 ATTEMPT 3/3
2026-06-06 14:39:48   Contracts bought so far: 0
2026-06-06 14:39:48   Remaining needed: 5
2026-06-06 14:39:48   Order size: 5
2026-06-06 14:39:48 --------------------------------------------------
2026-06-06 14:39:48 PLACING ORDER
2026-06-06 14:39:48   Token: 154856008477879240256442892897...
2026-06-06 14:39:48   Side: BUY
2026-06-06 14:39:48   Price: 0.9800
2026-06-06 14:39:48   Size: 5 contracts
2026-06-06 14:39:48   Value: $4.90
2026-06-06 14:39:48   Type: FAK (Fill-And-Kill)
2026-06-06 14:39:49 ORDER FAILED: PolyApiException[status_code=400, error_message={'error': 'not enough balance / allowance: the balance is not enough -> balance: 914302, order amount: 4906860'}]
2026-06-06 14:39:49   Elapsed: 225ms
2026-06-06 14:39:49 --------------------------------------------------
2026-06-06 14:39:49   Order rejected (API): PolyApiException[status_code=400, error_message={'error': 'not enough balance / allowance: the balance is not enough -> balance: 914302, order amount: 4906860'}]
2026-06-06 14:39:49   Total execution time: 1628ms
2026-06-06 14:39:49 ============================================================
2026-06-06 14:39:49 ENTRY EXECUTION COMPLETE
2026-06-06 14:39:49   Success: False
2026-06-06 14:39:49   Contracts Filled: 0/5
2026-06-06 14:39:49   Average Price: 0.0000
2026-06-06 14:39:49   Total Cost: $0.00
2026-06-06 14:39:49   Attempts: 3
2026-06-06 14:39:49   Total Time: 1628ms
2026-06-06 14:39:49   Error: PolyApiException[status_code=400, error_message={'error': 'not enough balance / allowance: the balance is not enough -> balance: 914302, order amount: 4906860'}]
2026-06-06 14:39:49   Fills: []
2026-06-06 14:39:49 ============================================================
2026-06-06 14:39:50 ============================================================
2026-06-06 14:39:50 ENTRY EXECUTION STARTED
2026-06-06 14:39:50   Timestamp: 2026-06-06T14:39:50.226704
2026-06-06 14:39:50   Token: 1548560084778792402564428928978347766875...
2026-06-06 14:39:50   Budget: $5
2026-06-06 14:39:50   Price Offset: 0.02
2026-06-06 14:39:50   Max Retries: 3
2026-06-06 14:39:50   Max Entry Price: 0.99
2026-06-06 14:39:50   WebSocket Price: 0.99
2026-06-06 14:39:50   Initial Price: 0.9900
2026-06-06 14:39:50   Contracts Needed: 5
2026-06-06 14:39:50   Estimated Cost: $4.95
2026-06-06 14:39:50 ----------------------------------------
2026-06-06 14:39:50   PRICE LIMIT: 1.0100 > max 0.9900
2026-06-06 14:39:50 ============================================================
2026-06-06 14:39:50 ENTRY EXECUTION STARTED
2026-06-06 14:39:50   Timestamp: 2026-06-06T14:39:50.476785
2026-06-06 14:39:50   Token: 1548560084778792402564428928978347766875...
2026-06-06 14:39:50   Budget: $5
2026-06-06 14:39:50   Price Offset: 0.02
2026-06-06 14:39:50   Max Retries: 3
2026-06-06 14:39:50   Max Entry Price: 0.99
2026-06-06 14:39:50   WebSocket Price: 0.99
2026-06-06 14:39:50   Initial Price: 0.9900
2026-06-06 14:39:50   Contracts Needed: 5
2026-06-06 14:39:50   Estimated Cost: $4.95
2026-06-06 14:39:50 ----------------------------------------
2026-06-06 14:39:50   PRICE LIMIT: 1.0100 > max 0.9900
2026-06-06 14:39:50 ============================================================
2026-06-06 14:39:50 ENTRY EXECUTION STARTED
2026-06-06 14:39:50   Timestamp: 2026-06-06T14:39:50.732570
2026-06-06 14:39:50   Token: 1548560084778792402564428928978347766875...
2026-06-06 14:39:50   Budget: $5
2026-06-06 14:39:50   Price Offset: 0.02
2026-06-06 14:39:50   Max Retries: 3
2026-06-06 14:39:50   Max Entry Price: 0.99
2026-06-06 14:39:50   WebSocket Price: 0.99
2026-06-06 14:39:50   Initial Price: 0.9900
2026-06-06 14:39:50   Contracts Needed: 5
2026-06-06 14:39:50   Estimated Cost: $4.95
2026-06-06 14:39:50 ----------------------------------------
2026-06-06 14:39:50   PRICE LIMIT: 1.0100 > max 0.9900
2026-06-06 14:39:50 ============================================================
2026-06-06 14:39:50 ENTRY EXECUTION STARTED
2026-06-06 14:39:50   Timestamp: 2026-06-06T14:39:50.983933
2026-06-06 14:39:50   Token: 1548560084778792402564428928978347766875...
2026-06-06 14:39:50   Budget: $5
2026-06-06 14:39:50   Price Offset: 0.02
2026-06-06 14:39:50   Max Retries: 3
2026-06-06 14:39:50   Max Entry Price: 0.99
2026-06-06 14:39:50   WebSocket Price: 1.0
2026-06-06 14:39:50   Initial Price: 1.0000
2026-06-06 14:39:50   Contracts Needed: 5
2026-06-06 14:39:50   Estimated Cost: $5.00
2026-06-06 14:39:50 ----------------------------------------
2026-06-06 14:39:50   PRICE LIMIT: 1.0200 > max 0.9900
2026-06-06 14:39:51 ============================================================
2026-06-06 14:39:51 ENTRY EXECUTION STARTED
2026-06-06 14:39:51   Timestamp: 2026-06-06T14:39:51.243016
2026-06-06 14:39:51   Token: 1548560084778792402564428928978347766875...
2026-06-06 14:39:51   Budget: $5
2026-06-06 14:39:51   Price Offset: 0.02
2026-06-06 14:39:51   Max Retries: 3
2026-06-06 14:39:51   Max Entry Price: 0.99
2026-06-06 14:39:51   WebSocket Price: 1.0
2026-06-06 14:39:51   Initial Price: 1.0000
2026-06-06 14:39:51   Contracts Needed: 5
2026-06-06 14:39:51   Estimated Cost: $5.00
2026-06-06 14:39:51 ----------------------------------------
2026-06-06 14:39:51   PRICE LIMIT: 1.0200 > max 0.9900
2026-06-06 14:39:51 ============================================================
2026-06-06 14:39:51 ENTRY EXECUTION STARTED
2026-06-06 14:39:51   Timestamp: 2026-06-06T14:39:51.509086
2026-06-06 14:39:51   Token: 1548560084778792402564428928978347766875...
2026-06-06 14:39:51   Budget: $5
2026-06-06 14:39:51   Price Offset: 0.02
2026-06-06 14:39:51   Max Retries: 3
2026-06-06 14:39:51   Max Entry Price: 0.99
2026-06-06 14:39:51   WebSocket Price: 1.0
2026-06-06 14:39:51   Initial Price: 1.0000
2026-06-06 14:39:51   Contracts Needed: 5
2026-06-06 14:39:51   Estimated Cost: $5.00
2026-06-06 14:39:51 ----------------------------------------
2026-06-06 14:39:51   PRICE LIMIT: 1.0200 > max 0.9900
2026-06-06 14:39:51 ============================================================
2026-06-06 14:39:51 ENTRY EXECUTION STARTED
2026-06-06 14:39:51   Timestamp: 2026-06-06T14:39:51.763291
2026-06-06 14:39:51   Token: 1548560084778792402564428928978347766875...
2026-06-06 14:39:51   Budget: $5
2026-06-06 14:39:51   Price Offset: 0.02
2026-06-06 14:39:51   Max Retries: 3
2026-06-06 14:39:51   Max Entry Price: 0.99
2026-06-06 14:39:51   WebSocket Price: 0.99
2026-06-06 14:39:51   Initial Price: 0.9900
2026-06-06 14:39:51   Contracts Needed: 5
2026-06-06 14:39:51   Estimated Cost: $4.95
2026-06-06 14:39:51 ----------------------------------------
2026-06-06 14:39:51   PRICE LIMIT: 1.0100 > max 0.9900
2026-06-06 14:39:52 ============================================================
2026-06-06 14:39:52 ENTRY EXECUTION STARTED
2026-06-06 14:39:52   Timestamp: 2026-06-06T14:39:52.015635
2026-06-06 14:39:52   Token: 1548560084778792402564428928978347766875...
2026-06-06 14:39:52   Budget: $5
2026-06-06 14:39:52   Price Offset: 0.02
2026-06-06 14:39:52   Max Retries: 3
2026-06-06 14:39:52   Max Entry Price: 0.99
2026-06-06 14:39:52   WebSocket Price: 0.99
2026-06-06 14:39:52   Initial Price: 0.9900
2026-06-06 14:39:52   Contracts Needed: 5
2026-06-06 14:39:52   Estimated Cost: $4.95
2026-06-06 14:39:52 ----------------------------------------
2026-06-06 14:39:52   PRICE LIMIT: 1.0100 > max 0.9900
2026-06-06 14:39:53 ============================================================
2026-06-06 14:39:53 ENTRY EXECUTION STARTED
2026-06-06 14:39:53   Timestamp: 2026-06-06T14:39:53.294569
2026-06-06 14:39:53   Token: 1548560084778792402564428928978347766875...
2026-06-06 14:39:53   Budget: $5
2026-06-06 14:39:53   Price Offset: 0.02
2026-06-06 14:39:53   Max Retries: 3
2026-06-06 14:39:53   Max Entry Price: 0.99
2026-06-06 14:39:53   WebSocket Price: 1.0
2026-06-06 14:39:53   Initial Price: 1.0000
2026-06-06 14:39:53   Contracts Needed: 5
2026-06-06 14:39:53   Estimated Cost: $5.00
2026-06-06 14:39:53 ----------------------------------------
2026-06-06 14:39:53   PRICE LIMIT: 1.0200 > max 0.9900
2026-06-06 14:39:53 ============================================================
2026-06-06 14:39:53 ENTRY EXECUTION STARTED
2026-06-06 14:39:53   Timestamp: 2026-06-06T14:39:53.553732
2026-06-06 14:39:53   Token: 1548560084778792402564428928978347766875...
2026-06-06 14:39:53   Budget: $5
2026-06-06 14:39:53   Price Offset: 0.02
2026-06-06 14:39:53   Max Retries: 3
2026-06-06 14:39:53   Max Entry Price: 0.99
2026-06-06 14:39:53   WebSocket Price: 1.0
2026-06-06 14:39:53   Initial Price: 1.0000
2026-06-06 14:39:53   Contracts Needed: 5
2026-06-06 14:39:53   Estimated Cost: $5.00
2026-06-06 14:39:53 ----------------------------------------
2026-06-06 14:39:53   PRICE LIMIT: 1.0200 > max 0.9900
2026-06-06 14:39:53 ============================================================
2026-06-06 14:39:53 ENTRY EXECUTION STARTED
2026-06-06 14:39:53   Timestamp: 2026-06-06T14:39:53.807907
2026-06-06 14:39:53   Token: 1548560084778792402564428928978347766875...
2026-06-06 14:39:53   Budget: $5
2026-06-06 14:39:53   Price Offset: 0.02
2026-06-06 14:39:53   Max Retries: 3
2026-06-06 14:39:53   Max Entry Price: 0.99
2026-06-06 14:39:53   WebSocket Price: 1.0
2026-06-06 14:39:53   Initial Price: 1.0000
2026-06-06 14:39:53   Contracts Needed: 5
2026-06-06 14:39:53   Estimated Cost: $5.00
2026-06-06 14:39:53 ----------------------------------------
2026-06-06 14:39:53   PRICE LIMIT: 1.0200 > max 0.9900
2026-06-06 14:39:54 ============================================================
2026-06-06 14:39:54 ENTRY EXECUTION STARTED
2026-06-06 14:39:54   Timestamp: 2026-06-06T14:39:54.062972
2026-06-06 14:39:54   Token: 1548560084778792402564428928978347766875...
2026-06-06 14:39:54   Budget: $5
2026-06-06 14:39:54   Price Offset: 0.02
2026-06-06 14:39:54   Max Retries: 3
2026-06-06 14:39:54   Max Entry Price: 0.99
2026-06-06 14:39:54   WebSocket Price: 1.0
2026-06-06 14:39:54   Initial Price: 1.0000
2026-06-06 14:39:54   Contracts Needed: 5
2026-06-06 14:39:54   Estimated Cost: $5.00
2026-06-06 14:39:54 ----------------------------------------
2026-06-06 14:39:54   PRICE LIMIT: 1.0200 > max 0.9900
2026-06-06 14:39:54 ============================================================
2026-06-06 14:39:54 ENTRY EXECUTION STARTED
2026-06-06 14:39:54   Timestamp: 2026-06-06T14:39:54.315790
2026-06-06 14:39:54   Token: 1548560084778792402564428928978347766875...
2026-06-06 14:39:54   Budget: $5
2026-06-06 14:39:54   Price Offset: 0.02
2026-06-06 14:39:54   Max Retries: 3
2026-06-06 14:39:54   Max Entry Price: 0.99
2026-06-06 14:39:54   WebSocket Price: 0.99
2026-06-06 14:39:54   Initial Price: 0.9900
2026-06-06 14:39:54   Contracts Needed: 5
2026-06-06 14:39:54   Estimated Cost: $4.95
2026-06-06 14:39:54 ----------------------------------------
2026-06-06 14:39:54   PRICE LIMIT: 1.0100 > max 0.9900
2026-06-06 14:39:54 ============================================================
2026-06-06 14:39:54 ENTRY EXECUTION STARTED
2026-06-06 14:39:54   Timestamp: 2026-06-06T14:39:54.575200
2026-06-06 14:39:54   Token: 1548560084778792402564428928978347766875...
2026-06-06 14:39:54   Budget: $5
2026-06-06 14:39:54   Price Offset: 0.02
2026-06-06 14:39:54   Max Retries: 3
2026-06-06 14:39:54   Max Entry Price: 0.99
2026-06-06 14:39:54   WebSocket Price: 0.99
2026-06-06 14:39:54   Initial Price: 0.9900
2026-06-06 14:39:54   Contracts Needed: 5
2026-06-06 14:39:54   Estimated Cost: $4.95
2026-06-06 14:39:54 ----------------------------------------
2026-06-06 14:39:54   PRICE LIMIT: 1.0100 > max 0.9900
2026-06-06 14:39:54 ============================================================
2026-06-06 14:39:54 ENTRY EXECUTION STARTED
2026-06-06 14:39:54   Timestamp: 2026-06-06T14:39:54.824596
2026-06-06 14:39:54   Token: 1548560084778792402564428928978347766875...
2026-06-06 14:39:54   Budget: $5
2026-06-06 14:39:54   Price Offset: 0.02
2026-06-06 14:39:54   Max Retries: 3
2026-06-06 14:39:54   Max Entry Price: 0.99
2026-06-06 14:39:54   WebSocket Price: 0.99
2026-06-06 14:39:54   Initial Price: 0.9900
2026-06-06 14:39:54   Contracts Needed: 5
2026-06-06 14:39:54   Estimated Cost: $4.95
2026-06-06 14:39:54 ----------------------------------------
2026-06-06 14:39:54   PRICE LIMIT: 1.0100 > max 0.9900
2026-06-06 14:39:55 ============================================================
2026-06-06 14:39:55 ENTRY EXECUTION STARTED
2026-06-06 14:39:55   Timestamp: 2026-06-06T14:39:55.076395
2026-06-06 14:39:55   Token: 1548560084778792402564428928978347766875...
2026-06-06 14:39:55   Budget: $5
2026-06-06 14:39:55   Price Offset: 0.02
2026-06-06 14:39:55   Max Retries: 3
2026-06-06 14:39:55   Max Entry Price: 0.99
2026-06-06 14:39:55   WebSocket Price: 0.99
2026-06-06 14:39:55   Initial Price: 0.9900
2026-06-06 14:39:55   Contracts Needed: 5
2026-06-06 14:39:55   Estimated Cost: $4.95
2026-06-06 14:39:55 ----------------------------------------
2026-06-06 14:39:55   PRICE LIMIT: 1.0100 > max 0.9900
2026-06-06 14:39:55 ============================================================
2026-06-06 14:39:55 ENTRY EXECUTION STARTED
2026-06-06 14:39:55   Timestamp: 2026-06-06T14:39:55.329084
2026-06-06 14:39:55   Token: 1548560084778792402564428928978347766875...
2026-06-06 14:39:55   Budget: $5
2026-06-06 14:39:55   Price Offset: 0.02
2026-06-06 14:39:55   Max Retries: 3
2026-06-06 14:39:55   Max Entry Price: 0.99
2026-06-06 14:39:55   WebSocket Price: 0.99
2026-06-06 14:39:55   Initial Price: 0.9900
2026-06-06 14:39:55   Contracts Needed: 5
2026-06-06 14:39:55   Estimated Cost: $4.95
2026-06-06 14:39:55 ----------------------------------------
2026-06-06 14:39:55   PRICE LIMIT: 1.0100 > max 0.9900
2026-06-06 14:39:55 ============================================================
2026-06-06 14:39:55 ENTRY EXECUTION STARTED
2026-06-06 14:39:55   Timestamp: 2026-06-06T14:39:55.584144
2026-06-06 14:39:55   Token: 1548560084778792402564428928978347766875...
2026-06-06 14:39:55   Budget: $5
2026-06-06 14:39:55   Price Offset: 0.02
2026-06-06 14:39:55   Max Retries: 3
2026-06-06 14:39:55   Max Entry Price: 0.99
2026-06-06 14:39:55   WebSocket Price: 0.99
2026-06-06 14:39:55   Initial Price: 0.9900
2026-06-06 14:39:55   Contracts Needed: 5
2026-06-06 14:39:55   Estimated Cost: $4.95
2026-06-06 14:39:55 ----------------------------------------
2026-06-06 14:39:55   PRICE LIMIT: 1.0100 > max 0.9900
2026-06-06 14:39:55 ============================================================
2026-06-06 14:39:55 ENTRY EXECUTION STARTED
2026-06-06 14:39:55   Timestamp: 2026-06-06T14:39:55.843969
2026-06-06 14:39:55   Token: 1548560084778792402564428928978347766875...
2026-06-06 14:39:55   Budget: $5
2026-06-06 14:39:55   Price Offset: 0.02
2026-06-06 14:39:55   Max Retries: 3
2026-06-06 14:39:55   Max Entry Price: 0.99
2026-06-06 14:39:55   WebSocket Price: 1.0
2026-06-06 14:39:55   Initial Price: 1.0000
2026-06-06 14:39:55   Contracts Needed: 5
2026-06-06 14:39:55   Estimated Cost: $5.00
2026-06-06 14:39:55 ----------------------------------------
2026-06-06 14:39:55   PRICE LIMIT: 1.0200 > max 0.9900
2026-06-06 14:39:56 ============================================================
2026-06-06 14:39:56 ENTRY EXECUTION STARTED
2026-06-06 14:39:56   Timestamp: 2026-06-06T14:39:56.101776
2026-06-06 14:39:56   Token: 1548560084778792402564428928978347766875...
2026-06-06 14:39:56   Budget: $5
2026-06-06 14:39:56   Price Offset: 0.02
2026-06-06 14:39:56   Max Retries: 3
2026-06-06 14:39:56   Max Entry Price: 0.99
2026-06-06 14:39:56   WebSocket Price: 1.0
2026-06-06 14:39:56   Initial Price: 1.0000
2026-06-06 14:39:56   Contracts Needed: 5
2026-06-06 14:39:56   Estimated Cost: $5.00
2026-06-06 14:39:56 ----------------------------------------
2026-06-06 14:39:56   PRICE LIMIT: 1.0200 > max 0.9900
2026-06-06 14:39:56 ============================================================
2026-06-06 14:39:56 ENTRY EXECUTION STARTED
2026-06-06 14:39:56   Timestamp: 2026-06-06T14:39:56.357906
2026-06-06 14:39:56   Token: 1548560084778792402564428928978347766875...
2026-06-06 14:39:56   Budget: $5
2026-06-06 14:39:56   Price Offset: 0.02
2026-06-06 14:39:56   Max Retries: 3
2026-06-06 14:39:56   Max Entry Price: 0.99
2026-06-06 14:39:56   WebSocket Price: 1.0
2026-06-06 14:39:56   Initial Price: 1.0000
2026-06-06 14:39:56   Contracts Needed: 5
2026-06-06 14:39:56   Estimated Cost: $5.00
2026-06-06 14:39:56 ----------------------------------------
2026-06-06 14:39:56   PRICE LIMIT: 1.0200 > max 0.9900
2026-06-06 14:39:56 ============================================================
2026-06-06 14:39:56 ENTRY EXECUTION STARTED
2026-06-06 14:39:56   Timestamp: 2026-06-06T14:39:56.610883
2026-06-06 14:39:56   Token: 1548560084778792402564428928978347766875...
2026-06-06 14:39:56   Budget: $5
2026-06-06 14:39:56   Price Offset: 0.02
2026-06-06 14:39:56   Max Retries: 3
2026-06-06 14:39:56   Max Entry Price: 0.99
2026-06-06 14:39:56   WebSocket Price: 1.0
2026-06-06 14:39:56   Initial Price: 1.0000
2026-06-06 14:39:56   Contracts Needed: 5
2026-06-06 14:39:56   Estimated Cost: $5.00
2026-06-06 14:39:56 ----------------------------------------
2026-06-06 14:39:56   PRICE LIMIT: 1.0200 > max 0.9900
2026-06-06 14:39:56 ============================================================
2026-06-06 14:39:56 ENTRY EXECUTION STARTED
2026-06-06 14:39:56   Timestamp: 2026-06-06T14:39:56.861315
2026-06-06 14:39:56   Token: 1548560084778792402564428928978347766875...
2026-06-06 14:39:56   Budget: $5
2026-06-06 14:39:56   Price Offset: 0.02
2026-06-06 14:39:56   Max Retries: 3
2026-06-06 14:39:56   Max Entry Price: 0.99
2026-06-06 14:39:56   WebSocket Price: 1.0
2026-06-06 14:39:56   Initial Price: 1.0000
2026-06-06 14:39:56   Contracts Needed: 5
2026-06-06 14:39:56   Estimated Cost: $5.00
2026-06-06 14:39:56 ----------------------------------------
2026-06-06 14:39:56   PRICE LIMIT: 1.0200 > max 0.9900
2026-06-06 14:39:57 ============================================================
2026-06-06 14:39:57 ENTRY EXECUTION STARTED
2026-06-06 14:39:57   Timestamp: 2026-06-06T14:39:57.129487
2026-06-06 14:39:57   Token: 1548560084778792402564428928978347766875...
2026-06-06 14:39:57   Budget: $5
2026-06-06 14:39:57   Price Offset: 0.02
2026-06-06 14:39:57   Max Retries: 3
2026-06-06 14:39:57   Max Entry Price: 0.99
2026-06-06 14:39:57   WebSocket Price: 1.0
2026-06-06 14:39:57   Initial Price: 1.0000
2026-06-06 14:39:57   Contracts Needed: 5
2026-06-06 14:39:57   Estimated Cost: $5.00
2026-06-06 14:39:57 ----------------------------------------
2026-06-06 14:39:57   PRICE LIMIT: 1.0200 > max 0.9900
2026-06-06 14:39:57 ============================================================
2026-06-06 14:39:57 ENTRY EXECUTION STARTED
2026-06-06 14:39:57   Timestamp: 2026-06-06T14:39:57.391411
2026-06-06 14:39:57   Token: 1548560084778792402564428928978347766875...
2026-06-06 14:39:57   Budget: $5
2026-06-06 14:39:57   Price Offset: 0.02
2026-06-06 14:39:57   Max Retries: 3
2026-06-06 14:39:57   Max Entry Price: 0.99
2026-06-06 14:39:57   WebSocket Price: 1.0
2026-06-06 14:39:57   Initial Price: 1.0000
2026-06-06 14:39:57   Contracts Needed: 5
2026-06-06 14:39:57   Estimated Cost: $5.00
2026-06-06 14:39:57 ----------------------------------------
2026-06-06 14:39:57   PRICE LIMIT: 1.0200 > max 0.9900
2026-06-06 14:39:57 ============================================================
2026-06-06 14:39:57 ENTRY EXECUTION STARTED
2026-06-06 14:39:57   Timestamp: 2026-06-06T14:39:57.645377
2026-06-06 14:39:57   Token: 1548560084778792402564428928978347766875...
2026-06-06 14:39:57   Budget: $5
2026-06-06 14:39:57   Price Offset: 0.02
2026-06-06 14:39:57   Max Retries: 3
2026-06-06 14:39:57   Max Entry Price: 0.99
2026-06-06 14:39:57   WebSocket Price: 1.0
2026-06-06 14:39:57   Initial Price: 1.0000
2026-06-06 14:39:57   Contracts Needed: 5
2026-06-06 14:39:57   Estimated Cost: $5.00
2026-06-06 14:39:57 ----------------------------------------
2026-06-06 14:39:57   PRICE LIMIT: 1.0200 > max 0.9900
2026-06-06 14:39:57 ============================================================
2026-06-06 14:39:57 ENTRY EXECUTION STARTED
2026-06-06 14:39:57   Timestamp: 2026-06-06T14:39:57.898354
2026-06-06 14:39:57   Token: 1548560084778792402564428928978347766875...
2026-06-06 14:39:57   Budget: $5
2026-06-06 14:39:57   Price Offset: 0.02
2026-06-06 14:39:57   Max Retries: 3
2026-06-06 14:39:57   Max Entry Price: 0.99
2026-06-06 14:39:57   WebSocket Price: 1.0
2026-06-06 14:39:57   Initial Price: 1.0000
2026-06-06 14:39:57   Contracts Needed: 5
2026-06-06 14:39:57   Estimated Cost: $5.00
2026-06-06 14:39:57 ----------------------------------------
2026-06-06 14:39:57   PRICE LIMIT: 1.0200 > max 0.9900
2026-06-06 14:39:58 ============================================================
2026-06-06 14:39:58 ENTRY EXECUTION STARTED
2026-06-06 14:39:58   Timestamp: 2026-06-06T14:39:58.155151
2026-06-06 14:39:58   Token: 1548560084778792402564428928978347766875...
2026-06-06 14:39:58   Budget: $5
2026-06-06 14:39:58   Price Offset: 0.02
2026-06-06 14:39:58   Max Retries: 3
2026-06-06 14:39:58   Max Entry Price: 0.99
2026-06-06 14:39:58   WebSocket Price: 1.0
2026-06-06 14:39:58   Initial Price: 1.0000
2026-06-06 14:39:58   Contracts Needed: 5
2026-06-06 14:39:58   Estimated Cost: $5.00
2026-06-06 14:39:58 ----------------------------------------
2026-06-06 14:39:58   PRICE LIMIT: 1.0200 > max 0.9900
2026-06-06 14:39:58 ============================================================
2026-06-06 14:39:58 ENTRY EXECUTION STARTED
2026-06-06 14:39:58   Timestamp: 2026-06-06T14:39:58.403505
2026-06-06 14:39:58   Token: 1548560084778792402564428928978347766875...
2026-06-06 14:39:58   Budget: $5
2026-06-06 14:39:58   Price Offset: 0.02
2026-06-06 14:39:58   Max Retries: 3
2026-06-06 14:39:58   Max Entry Price: 0.99
2026-06-06 14:39:58   WebSocket Price: 1.0
2026-06-06 14:39:58   Initial Price: 1.0000
2026-06-06 14:39:58   Contracts Needed: 5
2026-06-06 14:39:58   Estimated Cost: $5.00
2026-06-06 14:39:58 ----------------------------------------
2026-06-06 14:39:58   PRICE LIMIT: 1.0200 > max 0.9900
2026-06-06 14:39:58 ============================================================
2026-06-06 14:39:58 ENTRY EXECUTION STARTED
2026-06-06 14:39:58   Timestamp: 2026-06-06T14:39:58.656317
2026-06-06 14:39:58   Token: 1548560084778792402564428928978347766875...
2026-06-06 14:39:58   Budget: $5
2026-06-06 14:39:58   Price Offset: 0.02
2026-06-06 14:39:58   Max Retries: 3
2026-06-06 14:39:58   Max Entry Price: 0.99
2026-06-06 14:39:58   WebSocket Price: 1.0
2026-06-06 14:39:58   Initial Price: 1.0000
2026-06-06 14:39:58   Contracts Needed: 5
2026-06-06 14:39:58   Estimated Cost: $5.00
2026-06-06 14:39:58 ----------------------------------------
2026-06-06 14:39:58   PRICE LIMIT: 1.0200 > max 0.9900
2026-06-06 14:39:58 ============================================================
2026-06-06 14:39:58 ENTRY EXECUTION STARTED
2026-06-06 14:39:58   Timestamp: 2026-06-06T14:39:58.912376
2026-06-06 14:39:58   Token: 1548560084778792402564428928978347766875...
2026-06-06 14:39:58   Budget: $5
2026-06-06 14:39:58   Price Offset: 0.02
2026-06-06 14:39:58   Max Retries: 3
2026-06-06 14:39:58   Max Entry Price: 0.99
2026-06-06 14:39:58   WebSocket Price: 1.0
2026-06-06 14:39:58   Initial Price: 1.0000
2026-06-06 14:39:58   Contracts Needed: 5
2026-06-06 14:39:58   Estimated Cost: $5.00
2026-06-06 14:39:58 ----------------------------------------
2026-06-06 14:39:58   PRICE LIMIT: 1.0200 > max 0.9900
2026-06-06 14:39:59 ============================================================
2026-06-06 14:39:59 ENTRY EXECUTION STARTED
2026-06-06 14:39:59   Timestamp: 2026-06-06T14:39:59.163197
2026-06-06 14:39:59   Token: 1548560084778792402564428928978347766875...
2026-06-06 14:39:59   Budget: $5
2026-06-06 14:39:59   Price Offset: 0.02
2026-06-06 14:39:59   Max Retries: 3
2026-06-06 14:39:59   Max Entry Price: 0.99
2026-06-06 14:39:59   WebSocket Price: 1.0
2026-06-06 14:39:59   Initial Price: 1.0000
2026-06-06 14:39:59   Contracts Needed: 5
2026-06-06 14:39:59   Estimated Cost: $5.00
2026-06-06 14:39:59 ----------------------------------------
2026-06-06 14:39:59   PRICE LIMIT: 1.0200 > max 0.9900
2026-06-06 14:39:59 ============================================================
2026-06-06 14:39:59 ENTRY EXECUTION STARTED
2026-06-06 14:39:59   Timestamp: 2026-06-06T14:39:59.418325
2026-06-06 14:39:59   Token: 1548560084778792402564428928978347766875...
2026-06-06 14:39:59   Budget: $5
2026-06-06 14:39:59   Price Offset: 0.02
2026-06-06 14:39:59   Max Retries: 3
2026-06-06 14:39:59   Max Entry Price: 0.99
2026-06-06 14:39:59   WebSocket Price: 1.0
2026-06-06 14:39:59   Initial Price: 1.0000
2026-06-06 14:39:59   Contracts Needed: 5
2026-06-06 14:39:59   Estimated Cost: $5.00
2026-06-06 14:39:59 ----------------------------------------
2026-06-06 14:39:59   PRICE LIMIT: 1.0200 > max 0.9900
2026-06-06 14:39:59 ============================================================
2026-06-06 14:39:59 ENTRY EXECUTION STARTED
2026-06-06 14:39:59   Timestamp: 2026-06-06T14:39:59.676104
2026-06-06 14:39:59   Token: 1548560084778792402564428928978347766875...
2026-06-06 14:39:59   Budget: $5
2026-06-06 14:39:59   Price Offset: 0.02
2026-06-06 14:39:59   Max Retries: 3
2026-06-06 14:39:59   Max Entry Price: 0.99
2026-06-06 14:39:59   WebSocket Price: 1.0
2026-06-06 14:39:59   Initial Price: 1.0000
2026-06-06 14:39:59   Contracts Needed: 5
2026-06-06 14:39:59   Estimated Cost: $5.00
2026-06-06 14:39:59 ----------------------------------------
2026-06-06 14:39:59   PRICE LIMIT: 1.0200 > max 0.9900
2026-06-06 14:39:59 ============================================================
2026-06-06 14:39:59 ENTRY EXECUTION STARTED
2026-06-06 14:39:59   Timestamp: 2026-06-06T14:39:59.932085
2026-06-06 14:39:59   Token: 1548560084778792402564428928978347766875...
2026-06-06 14:39:59   Budget: $5
2026-06-06 14:39:59   Price Offset: 0.02
2026-06-06 14:39:59   Max Retries: 3
2026-06-06 14:39:59   Max Entry Price: 0.99
2026-06-06 14:39:59   WebSocket Price: 1.0
2026-06-06 14:39:59   Initial Price: 1.0000
2026-06-06 14:39:59   Contracts Needed: 5
2026-06-06 14:39:59   Estimated Cost: $5.00
2026-06-06 14:39:59 ----------------------------------------
2026-06-06 14:39:59   PRICE LIMIT: 1.0200 > max 0.9900
2026-06-06 14:43:00 ============================================================
2026-06-06 14:43:00 ENTRY EXECUTION STARTED
2026-06-06 14:43:00   Timestamp: 2026-06-06T14:43:00.485641
2026-06-06 14:43:00   Token: 5621988210888083255890504733377286254726...
2026-06-06 14:43:00   Budget: $5
2026-06-06 14:43:00   Price Offset: 0.02
2026-06-06 14:43:00   Max Retries: 3
2026-06-06 14:43:00   Max Entry Price: 0.99
2026-06-06 14:43:00   WebSocket Price: 0.85
2026-06-06 14:43:00   Initial Price: 0.8500
2026-06-06 14:43:00   Contracts Needed: 5
2026-06-06 14:43:00   Estimated Cost: $4.25
2026-06-06 14:43:00 ----------------------------------------
2026-06-06 14:43:00   Order Price: 0.8700 (price + 0.02)
2026-06-06 14:43:00 ATTEMPT 1/3
2026-06-06 14:43:00   Contracts bought so far: 0
2026-06-06 14:43:00   Remaining needed: 5
2026-06-06 14:43:00   Order size: 5
2026-06-06 14:43:00 --------------------------------------------------
2026-06-06 14:43:00 PLACING ORDER
2026-06-06 14:43:00   Token: 562198821088808325589050473337...
2026-06-06 14:43:00   Side: BUY
2026-06-06 14:43:00   Price: 0.8700
2026-06-06 14:43:00   Size: 5 contracts
2026-06-06 14:43:00   Value: $4.35
2026-06-06 14:43:00   Type: FAK (Fill-And-Kill)
2026-06-06 14:43:01 ORDER FAILED: PolyApiException[status_code=400, error_message={'error': 'not enough balance / allowance: the balance is not enough -> balance: 914302, order amount: 4389580'}]
2026-06-06 14:43:01   Elapsed: 682ms
2026-06-06 14:43:01 --------------------------------------------------
2026-06-06 14:43:01   Order rejected (API): PolyApiException[status_code=400, error_message={'error': 'not enough balance / allowance: the balance is not enough -> balance: 914302, order amount: 4389580'}]
2026-06-06 14:43:01 ATTEMPT 2/3
2026-06-06 14:43:01   Contracts bought so far: 0
2026-06-06 14:43:01   Remaining needed: 5
2026-06-06 14:43:01   Order size: 5
2026-06-06 14:43:01 --------------------------------------------------
2026-06-06 14:43:01 PLACING ORDER
2026-06-06 14:43:01   Token: 562198821088808325589050473337...
2026-06-06 14:43:01   Side: BUY
2026-06-06 14:43:01   Price: 0.8700
2026-06-06 14:43:01   Size: 5 contracts
2026-06-06 14:43:01   Value: $4.35
2026-06-06 14:43:01   Type: FAK (Fill-And-Kill)
2026-06-06 14:43:01 ORDER FAILED: PolyApiException[status_code=400, error_message={'error': 'not enough balance / allowance: the balance is not enough -> balance: 914302, order amount: 4389580'}]
2026-06-06 14:43:01   Elapsed: 257ms
2026-06-06 14:43:01 --------------------------------------------------
2026-06-06 14:43:01   Order rejected (API): PolyApiException[status_code=400, error_message={'error': 'not enough balance / allowance: the balance is not enough -> balance: 914302, order amount: 4389580'}]
2026-06-06 14:43:02 ATTEMPT 3/3
2026-06-06 14:43:02   Contracts bought so far: 0
2026-06-06 14:43:02   Remaining needed: 5
2026-06-06 14:43:02   Order size: 5
2026-06-06 14:43:02 --------------------------------------------------
2026-06-06 14:43:02 PLACING ORDER
2026-06-06 14:43:02   Token: 562198821088808325589050473337...
2026-06-06 14:43:02   Side: BUY
2026-06-06 14:43:02   Price: 0.8700
2026-06-06 14:43:02   Size: 5 contracts
2026-06-06 14:43:02   Value: $4.35
2026-06-06 14:43:02   Type: FAK (Fill-And-Kill)
2026-06-06 14:43:02 ORDER FAILED: PolyApiException[status_code=400, error_message={'error': 'not enough balance / allowance: the balance is not enough -> balance: 914302, order amount: 4389580'}]
2026-06-06 14:43:02   Elapsed: 257ms
2026-06-06 14:43:02 --------------------------------------------------
2026-06-06 14:43:02   Order rejected (API): PolyApiException[status_code=400, error_message={'error': 'not enough balance / allowance: the balance is not enough -> balance: 914302, order amount: 4389580'}]
2026-06-06 14:43:02   Total execution time: 2110ms
2026-06-06 14:43:02 ============================================================
2026-06-06 14:43:02 ENTRY EXECUTION COMPLETE
2026-06-06 14:43:02   Success: False
2026-06-06 14:43:02   Contracts Filled: 0/5
2026-06-06 14:43:02   Average Price: 0.0000
2026-06-06 14:43:02   Total Cost: $0.00
2026-06-06 14:43:02   Attempts: 3
2026-06-06 14:43:02   Total Time: 2110ms
2026-06-06 14:43:02   Error: PolyApiException[status_code=400, error_message={'error': 'not enough balance / allowance: the balance is not enough -> balance: 914302, order amount: 4389580'}]
2026-06-06 14:43:02   Fills: []
2026-06-06 14:43:02 ============================================================
2026-06-06 14:43:02 ============================================================
2026-06-06 14:43:02 ENTRY EXECUTION STARTED
2026-06-06 14:43:02   Timestamp: 2026-06-06T14:43:02.794324
2026-06-06 14:43:02   Token: 5621988210888083255890504733377286254726...
2026-06-06 14:43:02   Budget: $5
2026-06-06 14:43:02   Price Offset: 0.02
2026-06-06 14:43:02   Max Retries: 3
2026-06-06 14:43:02   Max Entry Price: 0.99
2026-06-06 14:43:02   WebSocket Price: 0.9
2026-06-06 14:43:02   Initial Price: 0.9000
2026-06-06 14:43:02   Contracts Needed: 5
2026-06-06 14:43:02   Estimated Cost: $4.50
2026-06-06 14:43:02 ----------------------------------------
2026-06-06 14:43:02   Order Price: 0.9200 (price + 0.02)
2026-06-06 14:43:02 ATTEMPT 1/3
2026-06-06 14:43:02   Contracts bought so far: 0
2026-06-06 14:43:02   Remaining needed: 5
2026-06-06 14:43:02   Order size: 5
2026-06-06 14:43:02 --------------------------------------------------
2026-06-06 14:43:02 PLACING ORDER
2026-06-06 14:43:02   Token: 562198821088808325589050473337...
2026-06-06 14:43:02   Side: BUY
2026-06-06 14:43:02   Price: 0.9200
2026-06-06 14:43:02   Size: 5 contracts
2026-06-06 14:43:02   Value: $4.60
2026-06-06 14:43:02   Type: FAK (Fill-And-Kill)
2026-06-06 14:43:03 ORDER FAILED: PolyApiException[status_code=400, error_message={'error': 'not enough balance / allowance: the balance is not enough -> balance: 914302, order amount: 4625760'}]
2026-06-06 14:43:03   Elapsed: 258ms
2026-06-06 14:43:03 --------------------------------------------------
2026-06-06 14:43:03   Order rejected (API): PolyApiException[status_code=400, error_message={'error': 'not enough balance / allowance: the balance is not enough -> balance: 914302, order amount: 4625760'}]
2026-06-06 14:43:03 ATTEMPT 2/3
2026-06-06 14:43:03   Contracts bought so far: 0
2026-06-06 14:43:03   Remaining needed: 5
2026-06-06 14:43:03   Order size: 5
2026-06-06 14:43:03 --------------------------------------------------
2026-06-06 14:43:03 PLACING ORDER
2026-06-06 14:43:03   Token: 562198821088808325589050473337...
2026-06-06 14:43:03   Side: BUY
2026-06-06 14:43:03   Price: 0.9200
2026-06-06 14:43:03   Size: 5 contracts
2026-06-06 14:43:03   Value: $4.60
2026-06-06 14:43:03   Type: FAK (Fill-And-Kill)
2026-06-06 14:43:03 ORDER FAILED: PolyApiException[status_code=400, error_message={'error': 'not enough balance / allowance: the balance is not enough -> balance: 914302, order amount: 4625760'}]
2026-06-06 14:43:03   Elapsed: 246ms
2026-06-06 14:43:03 --------------------------------------------------
2026-06-06 14:43:03   Order rejected (API): PolyApiException[status_code=400, error_message={'error': 'not enough balance / allowance: the balance is not enough -> balance: 914302, order amount: 4625760'}]
2026-06-06 14:43:03 ATTEMPT 3/3
2026-06-06 14:43:03   Contracts bought so far: 0
2026-06-06 14:43:03   Remaining needed: 5
2026-06-06 14:43:03   Order size: 5
2026-06-06 14:43:03 --------------------------------------------------
2026-06-06 14:43:03 PLACING ORDER
2026-06-06 14:43:03   Token: 562198821088808325589050473337...
2026-06-06 14:43:03   Side: BUY
2026-06-06 14:43:03   Price: 0.9200
2026-06-06 14:43:03   Size: 5 contracts
2026-06-06 14:43:03   Value: $4.60
2026-06-06 14:43:03   Type: FAK (Fill-And-Kill)
2026-06-06 14:43:04 ORDER FAILED: PolyApiException[status_code=400, error_message={'error': 'not enough balance / allowance: the balance is not enough -> balance: 914302, order amount: 4625760'}]
2026-06-06 14:43:04   Elapsed: 264ms
2026-06-06 14:43:04 --------------------------------------------------
2026-06-06 14:43:04   Order rejected (API): PolyApiException[status_code=400, error_message={'error': 'not enough balance / allowance: the balance is not enough -> balance: 914302, order amount: 4625760'}]
2026-06-06 14:43:04   Total execution time: 1682ms
2026-06-06 14:43:04 ============================================================
2026-06-06 14:43:04 ENTRY EXECUTION COMPLETE
2026-06-06 14:43:04   Success: False
2026-06-06 14:43:04   Contracts Filled: 0/5
2026-06-06 14:43:04   Average Price: 0.0000
2026-06-06 14:43:04   Total Cost: $0.00
2026-06-06 14:43:04   Attempts: 3
2026-06-06 14:43:04   Total Time: 1682ms
2026-06-06 14:43:04   Error: PolyApiException[status_code=400, error_message={'error': 'not enough balance / allowance: the balance is not enough -> balance: 914302, order amount: 4625760'}]
2026-06-06 14:43:04   Fills: []
2026-06-06 14:43:04 ============================================================
2026-06-06 14:43:04 ============================================================
2026-06-06 14:43:04 ENTRY EXECUTION STARTED
2026-06-06 14:43:04   Timestamp: 2026-06-06T14:43:04.566937
2026-06-06 14:43:04   Token: 5621988210888083255890504733377286254726...
2026-06-06 14:43:04   Budget: $5
2026-06-06 14:43:04   Price Offset: 0.02
2026-06-06 14:43:04   Max Retries: 3
2026-06-06 14:43:04   Max Entry Price: 0.99
2026-06-06 14:43:04   WebSocket Price: 0.89
2026-06-06 14:43:04   Initial Price: 0.8900
2026-06-06 14:43:04   Contracts Needed: 5
2026-06-06 14:43:04   Estimated Cost: $4.45
2026-06-06 14:43:04 ----------------------------------------
2026-06-06 14:43:04   Order Price: 0.9100 (price + 0.02)
2026-06-06 14:43:04 ATTEMPT 1/3
2026-06-06 14:43:04   Contracts bought so far: 0
2026-06-06 14:43:04   Remaining needed: 5
2026-06-06 14:43:04   Order size: 5
2026-06-06 14:43:04 --------------------------------------------------
2026-06-06 14:43:04 PLACING ORDER
2026-06-06 14:43:04   Token: 562198821088808325589050473337...
2026-06-06 14:43:04   Side: BUY
2026-06-06 14:43:04   Price: 0.9100
2026-06-06 14:43:04   Size: 5 contracts
2026-06-06 14:43:04   Value: $4.55
2026-06-06 14:43:04   Type: FAK (Fill-And-Kill)
2026-06-06 14:43:04 ORDER FAILED: PolyApiException[status_code=400, error_message={'error': 'not enough balance / allowance: the balance is not enough -> balance: 914302, order amount: 4578660'}]
2026-06-06 14:43:04   Elapsed: 271ms
2026-06-06 14:43:04 --------------------------------------------------
2026-06-06 14:43:04   Order rejected (API): PolyApiException[status_code=400, error_message={'error': 'not enough balance / allowance: the balance is not enough -> balance: 914302, order amount: 4578660'}]
2026-06-06 14:43:05 ATTEMPT 2/3
2026-06-06 14:43:05   Contracts bought so far: 0
2026-06-06 14:43:05   Remaining needed: 5
2026-06-06 14:43:05   Order size: 5
2026-06-06 14:43:05 --------------------------------------------------
2026-06-06 14:43:05 PLACING ORDER
2026-06-06 14:43:05   Token: 562198821088808325589050473337...
2026-06-06 14:43:05   Side: BUY
2026-06-06 14:43:05   Price: 0.9100
2026-06-06 14:43:05   Size: 5 contracts
2026-06-06 14:43:05   Value: $4.55
2026-06-06 14:43:05   Type: FAK (Fill-And-Kill)
2026-06-06 14:43:05 ORDER FAILED: PolyApiException[status_code=400, error_message={'error': 'not enough balance / allowance: the balance is not enough -> balance: 914302, order amount: 4578660'}]
2026-06-06 14:43:05   Elapsed: 270ms
2026-06-06 14:43:05 --------------------------------------------------
2026-06-06 14:43:05   Order rejected (API): PolyApiException[status_code=400, error_message={'error': 'not enough balance / allowance: the balance is not enough -> balance: 914302, order amount: 4578660'}]
2026-06-06 14:43:05 ATTEMPT 3/3
2026-06-06 14:43:05   Contracts bought so far: 0
2026-06-06 14:43:05   Remaining needed: 5
2026-06-06 14:43:05   Order size: 5
2026-06-06 14:43:05 --------------------------------------------------
2026-06-06 14:43:05 PLACING ORDER
2026-06-06 14:43:05   Token: 562198821088808325589050473337...
2026-06-06 14:43:05   Side: BUY
2026-06-06 14:43:05   Price: 0.9100
2026-06-06 14:43:05   Size: 5 contracts
2026-06-06 14:43:05   Value: $4.55
2026-06-06 14:43:05   Type: FAK (Fill-And-Kill)
2026-06-06 14:43:06 ORDER FAILED: PolyApiException[status_code=400, error_message={'error': 'not enough balance / allowance: the balance is not enough -> balance: 914302, order amount: 4578660'}]
2026-06-06 14:43:06   Elapsed: 372ms
2026-06-06 14:43:06 --------------------------------------------------
2026-06-06 14:43:06   Order rejected (API): PolyApiException[status_code=400, error_message={'error': 'not enough balance / allowance: the balance is not enough -> balance: 914302, order amount: 4578660'}]
2026-06-06 14:43:06   Total execution time: 1830ms
2026-06-06 14:43:06 ============================================================
2026-06-06 14:43:06 ENTRY EXECUTION COMPLETE
2026-06-06 14:43:06   Success: False
2026-06-06 14:43:06   Contracts Filled: 0/5
2026-06-06 14:43:06   Average Price: 0.0000
2026-06-06 14:43:06   Total Cost: $0.00
2026-06-06 14:43:06   Attempts: 3
2026-06-06 14:43:06   Total Time: 1830ms
2026-06-06 14:43:06   Error: PolyApiException[status_code=400, error_message={'error': 'not enough balance / allowance: the balance is not enough -> balance: 914302, order amount: 4578660'}]
2026-06-06 14:43:06   Fills: []
2026-06-06 14:43:06 ============================================================
2026-06-06 14:43:06 ============================================================
2026-06-06 14:43:06 ENTRY EXECUTION STARTED
2026-06-06 14:43:06   Timestamp: 2026-06-06T14:43:06.609919
2026-06-06 14:43:06   Token: 5621988210888083255890504733377286254726...
2026-06-06 14:43:06   Budget: $5
2026-06-06 14:43:06   Price Offset: 0.02
2026-06-06 14:43:06   Max Retries: 3
2026-06-06 14:43:06   Max Entry Price: 0.99
2026-06-06 14:43:06   WebSocket Price: 0.89
2026-06-06 14:43:06   Initial Price: 0.8900
2026-06-06 14:43:06   Contracts Needed: 5
2026-06-06 14:43:06   Estimated Cost: $4.45
2026-06-06 14:43:06 ----------------------------------------
2026-06-06 14:43:06   Order Price: 0.9100 (price + 0.02)
2026-06-06 14:43:06 ATTEMPT 1/3
2026-06-06 14:43:06   Contracts bought so far: 0
2026-06-06 14:43:06   Remaining needed: 5
2026-06-06 14:43:06   Order size: 5
2026-06-06 14:43:06 --------------------------------------------------
2026-06-06 14:43:06 PLACING ORDER
2026-06-06 14:43:06   Token: 562198821088808325589050473337...
2026-06-06 14:43:06   Side: BUY
2026-06-06 14:43:06   Price: 0.9100
2026-06-06 14:43:06   Size: 5 contracts
2026-06-06 14:43:06   Value: $4.55
2026-06-06 14:43:06   Type: FAK (Fill-And-Kill)
2026-06-06 14:43:06 ORDER FAILED: PolyApiException[status_code=400, error_message={'error': 'not enough balance / allowance: the balance is not enough -> balance: 914302, order amount: 4578660'}]
2026-06-06 14:43:06   Elapsed: 284ms
2026-06-06 14:43:06 --------------------------------------------------
2026-06-06 14:43:06   Order rejected (API): PolyApiException[status_code=400, error_message={'error': 'not enough balance / allowance: the balance is not enough -> balance: 914302, order amount: 4578660'}]
2026-06-06 14:43:07 ATTEMPT 2/3
2026-06-06 14:43:07   Contracts bought so far: 0
2026-06-06 14:43:07   Remaining needed: 5
2026-06-06 14:43:07   Order size: 5
2026-06-06 14:43:07 --------------------------------------------------
2026-06-06 14:43:07 PLACING ORDER
2026-06-06 14:43:07   Token: 562198821088808325589050473337...
2026-06-06 14:43:07   Side: BUY
2026-06-06 14:43:07   Price: 0.9100
2026-06-06 14:43:07   Size: 5 contracts
2026-06-06 14:43:07   Value: $4.55
2026-06-06 14:43:07   Type: FAK (Fill-And-Kill)
2026-06-06 14:43:07 ORDER FAILED: PolyApiException[status_code=400, error_message={'error': 'not enough balance / allowance: the balance is not enough -> balance: 914302, order amount: 4578660'}]
2026-06-06 14:43:07   Elapsed: 253ms
2026-06-06 14:43:07 --------------------------------------------------
2026-06-06 14:43:07   Order rejected (API): PolyApiException[status_code=400, error_message={'error': 'not enough balance / allowance: the balance is not enough -> balance: 914302, order amount: 4578660'}]
2026-06-06 14:43:07 ATTEMPT 3/3
2026-06-06 14:43:07   Contracts bought so far: 0
2026-06-06 14:43:07   Remaining needed: 5
2026-06-06 14:43:07   Order size: 5
2026-06-06 14:43:07 --------------------------------------------------
2026-06-06 14:43:07 PLACING ORDER
2026-06-06 14:43:07   Token: 562198821088808325589050473337...
2026-06-06 14:43:07   Side: BUY
2026-06-06 14:43:07   Price: 0.9100
2026-06-06 14:43:07   Size: 5 contracts
2026-06-06 14:43:07   Value: $4.55
2026-06-06 14:43:07   Type: FAK (Fill-And-Kill)
2026-06-06 14:43:08 ORDER FAILED: PolyApiException[status_code=400, error_message={'error': 'not enough balance / allowance: the balance is not enough -> balance: 914302, order amount: 4578660'}]
2026-06-06 14:43:08   Elapsed: 274ms
2026-06-06 14:43:08 --------------------------------------------------
2026-06-06 14:43:08   Order rejected (API): PolyApiException[status_code=400, error_message={'error': 'not enough balance / allowance: the balance is not enough -> balance: 914302, order amount: 4578660'}]
2026-06-06 14:43:08   Total execution time: 1723ms
2026-06-06 14:43:08 ============================================================
2026-06-06 14:43:08 ENTRY EXECUTION COMPLETE
2026-06-06 14:43:08   Success: False
2026-06-06 14:43:08   Contracts Filled: 0/5
2026-06-06 14:43:08   Average Price: 0.0000
2026-06-06 14:43:08   Total Cost: $0.00
2026-06-06 14:43:08   Attempts: 3
2026-06-06 14:43:08   Total Time: 1723ms
2026-06-06 14:43:08   Error: PolyApiException[status_code=400, error_message={'error': 'not enough balance / allowance: the balance is not enough -> balance: 914302, order amount: 4578660'}]
2026-06-06 14:43:08   Fills: []
2026-06-06 14:43:08 ============================================================
2026-06-06 14:43:08 ============================================================
2026-06-06 14:43:08 ENTRY EXECUTION STARTED
2026-06-06 14:43:08   Timestamp: 2026-06-06T14:43:08.392895
2026-06-06 14:43:08   Token: 5621988210888083255890504733377286254726...
2026-06-06 14:43:08   Budget: $5
2026-06-06 14:43:08   Price Offset: 0.02
2026-06-06 14:43:08   Max Retries: 3
2026-06-06 14:43:08   Max Entry Price: 0.99
2026-06-06 14:43:08   WebSocket Price: 0.9
2026-06-06 14:43:08   Initial Price: 0.9000
2026-06-06 14:43:08   Contracts Needed: 5
2026-06-06 14:43:08   Estimated Cost: $4.50
2026-06-06 14:43:08 ----------------------------------------
2026-06-06 14:43:08   Order Price: 0.9200 (price + 0.02)
2026-06-06 14:43:08 ATTEMPT 1/3
2026-06-06 14:43:08   Contracts bought so far: 0
2026-06-06 14:43:08   Remaining needed: 5
2026-06-06 14:43:08   Order size: 5
2026-06-06 14:43:08 --------------------------------------------------
2026-06-06 14:43:08 PLACING ORDER
2026-06-06 14:43:08   Token: 562198821088808325589050473337...
2026-06-06 14:43:08   Side: BUY
2026-06-06 14:43:08   Price: 0.9200
2026-06-06 14:43:08   Size: 5 contracts
2026-06-06 14:43:08   Value: $4.60
2026-06-06 14:43:08   Type: FAK (Fill-And-Kill)
2026-06-06 14:43:08 ORDER FAILED: PolyApiException[status_code=400, error_message={'error': 'not enough balance / allowance: the balance is not enough -> balance: 914302, order amount: 4625760'}]
2026-06-06 14:43:08   Elapsed: 254ms
2026-06-06 14:43:08 --------------------------------------------------
2026-06-06 14:43:08   Order rejected (API): PolyApiException[status_code=400, error_message={'error': 'not enough balance / allowance: the balance is not enough -> balance: 914302, order amount: 4625760'}]
2026-06-06 14:43:08 ATTEMPT 2/3
2026-06-06 14:43:08   Contracts bought so far: 0
2026-06-06 14:43:08   Remaining needed: 5
2026-06-06 14:43:08   Order size: 5
2026-06-06 14:43:08 --------------------------------------------------
2026-06-06 14:43:08 PLACING ORDER
2026-06-06 14:43:08   Token: 562198821088808325589050473337...
2026-06-06 14:43:08   Side: BUY
2026-06-06 14:43:08   Price: 0.9200
2026-06-06 14:43:08   Size: 5 contracts
2026-06-06 14:43:08   Value: $4.60
2026-06-06 14:43:08   Type: FAK (Fill-And-Kill)
2026-06-06 14:43:09 ORDER FAILED: PolyApiException[status_code=400, error_message={'error': 'not enough balance / allowance: the balance is not enough -> balance: 914302, order amount: 4625760'}]
2026-06-06 14:43:09   Elapsed: 264ms
2026-06-06 14:43:09 --------------------------------------------------
2026-06-06 14:43:09   Order rejected (API): PolyApiException[status_code=400, error_message={'error': 'not enough balance / allowance: the balance is not enough -> balance: 914302, order amount: 4625760'}]
2026-06-06 14:43:09 ATTEMPT 3/3
2026-06-06 14:43:09   Contracts bought so far: 0
2026-06-06 14:43:09   Remaining needed: 5
2026-06-06 14:43:09   Order size: 5
2026-06-06 14:43:09 --------------------------------------------------
2026-06-06 14:43:09 PLACING ORDER
2026-06-06 14:43:09   Token: 562198821088808325589050473337...
2026-06-06 14:43:09   Side: BUY
2026-06-06 14:43:09   Price: 0.9200
2026-06-06 14:43:09   Size: 5 contracts
2026-06-06 14:43:09   Value: $4.60
2026-06-06 14:43:09   Type: FAK (Fill-And-Kill)
2026-06-06 14:43:09 ORDER FAILED: PolyApiException[status_code=400, error_message={'error': 'not enough balance / allowance: the balance is not enough -> balance: 914302, order amount: 4625760'}]
2026-06-06 14:43:09   Elapsed: 242ms
2026-06-06 14:43:09 --------------------------------------------------
2026-06-06 14:43:09   Order rejected (API): PolyApiException[status_code=400, error_message={'error': 'not enough balance / allowance: the balance is not enough -> balance: 914302, order amount: 4625760'}]
2026-06-06 14:43:10   Total execution time: 1675ms
2026-06-06 14:43:10 ============================================================
2026-06-06 14:43:10 ENTRY EXECUTION COMPLETE
2026-06-06 14:43:10   Success: False
2026-06-06 14:43:10   Contracts Filled: 0/5
2026-06-06 14:43:10   Average Price: 0.0000
2026-06-06 14:43:10   Total Cost: $0.00
2026-06-06 14:43:10   Attempts: 3
2026-06-06 14:43:10   Total Time: 1682ms
2026-06-06 14:43:10   Error: PolyApiException[status_code=400, error_message={'error': 'not enough balance / allowance: the balance is not enough -> balance: 914302, order amount: 4625760'}]
2026-06-06 14:43:10   Fills: []
2026-06-06 14:43:10 ============================================================
2026-06-06 14:43:10 ============================================================
2026-06-06 14:43:10 ENTRY EXECUTION STARTED
2026-06-06 14:43:10   Timestamp: 2026-06-06T14:43:10.162920
2026-06-06 14:43:10   Token: 5621988210888083255890504733377286254726...
2026-06-06 14:43:10   Budget: $5
2026-06-06 14:43:10   Price Offset: 0.02
2026-06-06 14:43:10   Max Retries: 3
2026-06-06 14:43:10   Max Entry Price: 0.99
2026-06-06 14:43:10   WebSocket Price: 0.92
2026-06-06 14:43:10   Initial Price: 0.9200
2026-06-06 14:43:10   Contracts Needed: 5
2026-06-06 14:43:10   Estimated Cost: $4.60
2026-06-06 14:43:10 ----------------------------------------
2026-06-06 14:43:10   Order Price: 0.9400 (price + 0.02)
2026-06-06 14:43:10 ATTEMPT 1/3
2026-06-06 14:43:10   Contracts bought so far: 0
2026-06-06 14:43:10   Remaining needed: 5
2026-06-06 14:43:10   Order size: 5
2026-06-06 14:43:10 --------------------------------------------------
2026-06-06 14:43:10 PLACING ORDER
2026-06-06 14:43:10   Token: 562198821088808325589050473337...
2026-06-06 14:43:10   Side: BUY
2026-06-06 14:43:10   Price: 0.9400
2026-06-06 14:43:10   Size: 5 contracts
2026-06-06 14:43:10   Value: $4.70
2026-06-06 14:43:10   Type: FAK (Fill-And-Kill)
2026-06-06 14:43:10 ORDER FAILED: PolyApiException[status_code=400, error_message={'error': 'not enough balance / allowance: the balance is not enough -> balance: 914302, order amount: 4719740'}]
2026-06-06 14:43:10   Elapsed: 254ms
2026-06-06 14:43:10 --------------------------------------------------
2026-06-06 14:43:10   Order rejected (API): PolyApiException[status_code=400, error_message={'error': 'not enough balance / allowance: the balance is not enough -> balance: 914302, order amount: 4719740'}]
2026-06-06 14:43:10 ATTEMPT 2/3
2026-06-06 14:43:10   Contracts bought so far: 0
2026-06-06 14:43:10   Remaining needed: 5
2026-06-06 14:43:10   Order size: 5
2026-06-06 14:43:10 --------------------------------------------------
2026-06-06 14:43:10 PLACING ORDER
2026-06-06 14:43:10   Token: 562198821088808325589050473337...
2026-06-06 14:43:10   Side: BUY
2026-06-06 14:43:10   Price: 0.9400
2026-06-06 14:43:10   Size: 5 contracts
2026-06-06 14:43:10   Value: $4.70
2026-06-06 14:43:10   Type: FAK (Fill-And-Kill)
2026-06-06 14:43:10 ORDER FAILED: PolyApiException[status_code=400, error_message={'error': 'not enough balance / allowance: the balance is not enough -> balance: 914302, order amount: 4719740'}]
2026-06-06 14:43:10   Elapsed: 257ms
2026-06-06 14:43:10 --------------------------------------------------
2026-06-06 14:43:10   Order rejected (API): PolyApiException[status_code=400, error_message={'error': 'not enough balance / allowance: the balance is not enough -> balance: 914302, order amount: 4719740'}]
2026-06-06 14:43:11 ATTEMPT 3/3
2026-06-06 14:43:11   Contracts bought so far: 0
2026-06-06 14:43:11   Remaining needed: 5
2026-06-06 14:43:11   Order size: 5
2026-06-06 14:43:11 --------------------------------------------------
2026-06-06 14:43:11 PLACING ORDER
2026-06-06 14:43:11   Token: 562198821088808325589050473337...
2026-06-06 14:43:11   Side: BUY
2026-06-06 14:43:11   Price: 0.9400
2026-06-06 14:43:11   Size: 5 contracts
2026-06-06 14:43:11   Value: $4.70
2026-06-06 14:43:11   Type: FAK (Fill-And-Kill)
2026-06-06 14:43:11 ORDER FAILED: PolyApiException[status_code=400, error_message={'error': 'not enough balance / allowance: the balance is not enough -> balance: 914302, order amount: 4719740'}]
2026-06-06 14:43:11   Elapsed: 258ms
2026-06-06 14:43:11 --------------------------------------------------
2026-06-06 14:43:11   Order rejected (API): PolyApiException[status_code=400, error_message={'error': 'not enough balance / allowance: the balance is not enough -> balance: 914302, order amount: 4719740'}]
2026-06-06 14:43:11   Total execution time: 1678ms
2026-06-06 14:43:11 ============================================================
2026-06-06 14:43:11 ENTRY EXECUTION COMPLETE
2026-06-06 14:43:11   Success: False
2026-06-06 14:43:11   Contracts Filled: 0/5
2026-06-06 14:43:11   Average Price: 0.0000
2026-06-06 14:43:11   Total Cost: $0.00
2026-06-06 14:43:11   Attempts: 3
2026-06-06 14:43:11   Total Time: 1679ms
2026-06-06 14:43:11   Error: PolyApiException[status_code=400, error_message={'error': 'not enough balance / allowance: the balance is not enough -> balance: 914302, order amount: 4719740'}]
2026-06-06 14:43:11   Fills: []
2026-06-06 14:43:11 ============================================================
2026-06-06 14:43:11 ============================================================
2026-06-06 14:43:11 ENTRY EXECUTION STARTED
2026-06-06 14:43:11   Timestamp: 2026-06-06T14:43:11.955745
2026-06-06 14:43:11   Token: 5621988210888083255890504733377286254726...
2026-06-06 14:43:11   Budget: $5
2026-06-06 14:43:11   Price Offset: 0.02
2026-06-06 14:43:11   Max Retries: 3
2026-06-06 14:43:11   Max Entry Price: 0.99
2026-06-06 14:43:11   WebSocket Price: 0.96
2026-06-06 14:43:11   Initial Price: 0.9600
2026-06-06 14:43:11   Contracts Needed: 5
2026-06-06 14:43:11   Estimated Cost: $4.80
2026-06-06 14:43:11 ----------------------------------------
2026-06-06 14:43:11   Order Price: 0.9800 (price + 0.02)
2026-06-06 14:43:11 ATTEMPT 1/3
2026-06-06 14:43:11   Contracts bought so far: 0
2026-06-06 14:43:11   Remaining needed: 5
2026-06-06 14:43:11   Order size: 5
2026-06-06 14:43:11 --------------------------------------------------
2026-06-06 14:43:11 PLACING ORDER
2026-06-06 14:43:11   Token: 562198821088808325589050473337...
2026-06-06 14:43:11   Side: BUY
2026-06-06 14:43:11   Price: 0.9800
2026-06-06 14:43:11   Size: 5 contracts
2026-06-06 14:43:11   Value: $4.90
2026-06-06 14:43:11   Type: FAK (Fill-And-Kill)
2026-06-06 14:43:12 ORDER FAILED: PolyApiException[status_code=400, error_message={'error': 'not enough balance / allowance: the balance is not enough -> balance: 914302, order amount: 4906860'}]
2026-06-06 14:43:12   Elapsed: 256ms
2026-06-06 14:43:12 --------------------------------------------------
2026-06-06 14:43:12   Order rejected (API): PolyApiException[status_code=400, error_message={'error': 'not enough balance / allowance: the balance is not enough -> balance: 914302, order amount: 4906860'}]
2026-06-06 14:43:12 ATTEMPT 2/3
2026-06-06 14:43:12   Contracts bought so far: 0
2026-06-06 14:43:12   Remaining needed: 5
2026-06-06 14:43:12   Order size: 5
2026-06-06 14:43:12 --------------------------------------------------
2026-06-06 14:43:12 PLACING ORDER
2026-06-06 14:43:12   Token: 562198821088808325589050473337...
2026-06-06 14:43:12   Side: BUY
2026-06-06 14:43:12   Price: 0.9800
2026-06-06 14:43:12   Size: 5 contracts
2026-06-06 14:43:12   Value: $4.90
2026-06-06 14:43:12   Type: FAK (Fill-And-Kill)
2026-06-06 14:43:12 ORDER FAILED: PolyApiException[status_code=400, error_message={'error': 'not enough balance / allowance: the balance is not enough -> balance: 914302, order amount: 4906860'}]
2026-06-06 14:43:12   Elapsed: 258ms
2026-06-06 14:43:12 --------------------------------------------------
2026-06-06 14:43:12   Order rejected (API): PolyApiException[status_code=400, error_message={'error': 'not enough balance / allowance: the balance is not enough -> balance: 914302, order amount: 4906860'}]
2026-06-06 14:43:13 ATTEMPT 3/3
2026-06-06 14:43:13   Contracts bought so far: 0
2026-06-06 14:43:13   Remaining needed: 5
2026-06-06 14:43:13   Order size: 5
2026-06-06 14:43:13 --------------------------------------------------
2026-06-06 14:43:13 PLACING ORDER
2026-06-06 14:43:13   Token: 562198821088808325589050473337...
2026-06-06 14:43:13   Side: BUY
2026-06-06 14:43:13   Price: 0.9800
2026-06-06 14:43:13   Size: 5 contracts
2026-06-06 14:43:13   Value: $4.90
2026-06-06 14:43:13   Type: FAK (Fill-And-Kill)
2026-06-06 14:43:13 ORDER FAILED: PolyApiException[status_code=400, error_message={'error': 'not enough balance / allowance: the balance is not enough -> balance: 914302, order amount: 4906860'}]
2026-06-06 14:43:13   Elapsed: 279ms
2026-06-06 14:43:13 --------------------------------------------------
2026-06-06 14:43:13   Order rejected (API): PolyApiException[status_code=400, error_message={'error': 'not enough balance / allowance: the balance is not enough -> balance: 914302, order amount: 4906860'}]
2026-06-06 14:43:13   Total execution time: 1711ms
2026-06-06 14:43:13 ============================================================
2026-06-06 14:43:13 ENTRY EXECUTION COMPLETE
2026-06-06 14:43:13   Success: False
2026-06-06 14:43:13   Contracts Filled: 0/5
2026-06-06 14:43:13   Average Price: 0.0000
2026-06-06 14:43:13   Total Cost: $0.00
2026-06-06 14:43:13   Attempts: 3
2026-06-06 14:43:13   Total Time: 1712ms
2026-06-06 14:43:13   Error: PolyApiException[status_code=400, error_message={'error': 'not enough balance / allowance: the balance is not enough -> balance: 914302, order amount: 4906860'}]
2026-06-06 14:43:13   Fills: []
2026-06-06 14:43:13 ============================================================
2026-06-06 14:43:13 ============================================================
2026-06-06 14:43:13 ENTRY EXECUTION STARTED
2026-06-06 14:43:13   Timestamp: 2026-06-06T14:43:13.746387
2026-06-06 14:43:13   Token: 5621988210888083255890504733377286254726...
2026-06-06 14:43:13   Budget: $5
2026-06-06 14:43:13   Price Offset: 0.02
2026-06-06 14:43:13   Max Retries: 3
2026-06-06 14:43:13   Max Entry Price: 0.99
2026-06-06 14:43:13   WebSocket Price: 0.98
2026-06-06 14:43:13   Initial Price: 0.9800
2026-06-06 14:43:13   Contracts Needed: 5
2026-06-06 14:43:13   Estimated Cost: $4.90
2026-06-06 14:43:13 ----------------------------------------
2026-06-06 14:43:13   PRICE LIMIT: 1.0000 > max 0.9900
2026-06-06 14:43:13 ============================================================
2026-06-06 14:43:13 ENTRY EXECUTION STARTED
2026-06-06 14:43:13   Timestamp: 2026-06-06T14:43:13.998399
2026-06-06 14:43:13   Token: 5621988210888083255890504733377286254726...
2026-06-06 14:43:13   Budget: $5
2026-06-06 14:43:13   Price Offset: 0.02
2026-06-06 14:43:13   Max Retries: 3
2026-06-06 14:43:13   Max Entry Price: 0.99
2026-06-06 14:43:13   WebSocket Price: 0.98
2026-06-06 14:43:13   Initial Price: 0.9800
2026-06-06 14:43:13   Contracts Needed: 5
2026-06-06 14:43:13   Estimated Cost: $4.90
2026-06-06 14:43:13 ----------------------------------------
2026-06-06 14:43:13   PRICE LIMIT: 1.0000 > max 0.9900
2026-06-06 14:43:14 ============================================================
2026-06-06 14:43:14 ENTRY EXECUTION STARTED
2026-06-06 14:43:14   Timestamp: 2026-06-06T14:43:14.250398
2026-06-06 14:43:14   Token: 5621988210888083255890504733377286254726...
2026-06-06 14:43:14   Budget: $5
2026-06-06 14:43:14   Price Offset: 0.02
2026-06-06 14:43:14   Max Retries: 3
2026-06-06 14:43:14   Max Entry Price: 0.99
2026-06-06 14:43:14   WebSocket Price: 0.98
2026-06-06 14:43:14   Initial Price: 0.9800
2026-06-06 14:43:14   Contracts Needed: 5
2026-06-06 14:43:14   Estimated Cost: $4.90
2026-06-06 14:43:14 ----------------------------------------
2026-06-06 14:43:14   PRICE LIMIT: 1.0000 > max 0.9900
2026-06-06 14:43:14 ============================================================
2026-06-06 14:43:14 ENTRY EXECUTION STARTED
2026-06-06 14:43:14   Timestamp: 2026-06-06T14:43:14.504288
2026-06-06 14:43:14   Token: 5621988210888083255890504733377286254726...
2026-06-06 14:43:14   Budget: $5
2026-06-06 14:43:14   Price Offset: 0.02
2026-06-06 14:43:14   Max Retries: 3
2026-06-06 14:43:14   Max Entry Price: 0.99
2026-06-06 14:43:14   WebSocket Price: 0.98
2026-06-06 14:43:14   Initial Price: 0.9800
2026-06-06 14:43:14   Contracts Needed: 5
2026-06-06 14:43:14   Estimated Cost: $4.90
2026-06-06 14:43:14 ----------------------------------------
2026-06-06 14:43:14   PRICE LIMIT: 1.0000 > max 0.9900
2026-06-06 14:43:14 ============================================================
2026-06-06 14:43:14 ENTRY EXECUTION STARTED
2026-06-06 14:43:14   Timestamp: 2026-06-06T14:43:14.756720
2026-06-06 14:43:14   Token: 5621988210888083255890504733377286254726...
2026-06-06 14:43:14   Budget: $5
2026-06-06 14:43:14   Price Offset: 0.02
2026-06-06 14:43:14   Max Retries: 3
2026-06-06 14:43:14   Max Entry Price: 0.99
2026-06-06 14:43:14   WebSocket Price: 0.98
2026-06-06 14:43:14   Initial Price: 0.9800
2026-06-06 14:43:14   Contracts Needed: 5
2026-06-06 14:43:14   Estimated Cost: $4.90
2026-06-06 14:43:14 ----------------------------------------
2026-06-06 14:43:14   PRICE LIMIT: 1.0000 > max 0.9900
2026-06-06 14:43:15 ============================================================
2026-06-06 14:43:15 ENTRY EXECUTION STARTED
2026-06-06 14:43:15   Timestamp: 2026-06-06T14:43:15.011691
2026-06-06 14:43:15   Token: 5621988210888083255890504733377286254726...
2026-06-06 14:43:15   Budget: $5
2026-06-06 14:43:15   Price Offset: 0.02
2026-06-06 14:43:15   Max Retries: 3
2026-06-06 14:43:15   Max Entry Price: 0.99
2026-06-06 14:43:15   WebSocket Price: 0.98
2026-06-06 14:43:15   Initial Price: 0.9800
2026-06-06 14:43:15   Contracts Needed: 5
2026-06-06 14:43:15   Estimated Cost: $4.90
2026-06-06 14:43:15 ----------------------------------------
2026-06-06 14:43:15   PRICE LIMIT: 1.0000 > max 0.9900
2026-06-06 14:43:15 ============================================================
2026-06-06 14:43:15 ENTRY EXECUTION STARTED
2026-06-06 14:43:15   Timestamp: 2026-06-06T14:43:15.263449
2026-06-06 14:43:15   Token: 5621988210888083255890504733377286254726...
2026-06-06 14:43:15   Budget: $5
2026-06-06 14:43:15   Price Offset: 0.02
2026-06-06 14:43:15   Max Retries: 3
2026-06-06 14:43:15   Max Entry Price: 0.99
2026-06-06 14:43:15   WebSocket Price: 0.98
2026-06-06 14:43:15   Initial Price: 0.9800
2026-06-06 14:43:15   Contracts Needed: 5
2026-06-06 14:43:15   Estimated Cost: $4.90
2026-06-06 14:43:15 ----------------------------------------
2026-06-06 14:43:15   PRICE LIMIT: 1.0000 > max 0.9900
2026-06-06 14:43:15 ============================================================
2026-06-06 14:43:15 ENTRY EXECUTION STARTED
2026-06-06 14:43:15   Timestamp: 2026-06-06T14:43:15.514944
2026-06-06 14:43:15   Token: 5621988210888083255890504733377286254726...
2026-06-06 14:43:15   Budget: $5
2026-06-06 14:43:15   Price Offset: 0.02
2026-06-06 14:43:15   Max Retries: 3
2026-06-06 14:43:15   Max Entry Price: 0.99
2026-06-06 14:43:15   WebSocket Price: 0.98
2026-06-06 14:43:15   Initial Price: 0.9800
2026-06-06 14:43:15   Contracts Needed: 5
2026-06-06 14:43:15   Estimated Cost: $4.90
2026-06-06 14:43:15 ----------------------------------------
2026-06-06 14:43:15   PRICE LIMIT: 1.0000 > max 0.9900
2026-06-06 14:43:15 ============================================================
2026-06-06 14:43:15 ENTRY EXECUTION STARTED
2026-06-06 14:43:15   Timestamp: 2026-06-06T14:43:15.770413
2026-06-06 14:43:15   Token: 5621988210888083255890504733377286254726...
2026-06-06 14:43:15   Budget: $5
2026-06-06 14:43:15   Price Offset: 0.02
2026-06-06 14:43:15   Max Retries: 3
2026-06-06 14:43:15   Max Entry Price: 0.99
2026-06-06 14:43:15   WebSocket Price: 0.98
2026-06-06 14:43:15   Initial Price: 0.9800
2026-06-06 14:43:15   Contracts Needed: 5
2026-06-06 14:43:15   Estimated Cost: $4.90
2026-06-06 14:43:15 ----------------------------------------
2026-06-06 14:43:15   PRICE LIMIT: 1.0000 > max 0.9900
2026-06-06 14:43:16 ============================================================
2026-06-06 14:43:16 ENTRY EXECUTION STARTED
2026-06-06 14:43:16   Timestamp: 2026-06-06T14:43:16.022868
2026-06-06 14:43:16   Token: 5621988210888083255890504733377286254726...
2026-06-06 14:43:16   Budget: $5
2026-06-06 14:43:16   Price Offset: 0.02
2026-06-06 14:43:16   Max Retries: 3
2026-06-06 14:43:16   Max Entry Price: 0.99
2026-06-06 14:43:16   WebSocket Price: 0.98
2026-06-06 14:43:16   Initial Price: 0.9800
2026-06-06 14:43:16   Contracts Needed: 5
2026-06-06 14:43:16   Estimated Cost: $4.90
2026-06-06 14:43:16 ----------------------------------------
2026-06-06 14:43:16   PRICE LIMIT: 1.0000 > max 0.9900
2026-06-06 14:43:16 ============================================================
2026-06-06 14:43:16 ENTRY EXECUTION STARTED
2026-06-06 14:43:16   Timestamp: 2026-06-06T14:43:16.273978
2026-06-06 14:43:16   Token: 5621988210888083255890504733377286254726...
2026-06-06 14:43:16   Budget: $5
2026-06-06 14:43:16   Price Offset: 0.02
2026-06-06 14:43:16   Max Retries: 3
2026-06-06 14:43:16   Max Entry Price: 0.99
2026-06-06 14:43:16   WebSocket Price: 0.98
2026-06-06 14:43:16   Initial Price: 0.9800
2026-06-06 14:43:16   Contracts Needed: 5
2026-06-06 14:43:16   Estimated Cost: $4.90
2026-06-06 14:43:16 ----------------------------------------
2026-06-06 14:43:16   PRICE LIMIT: 1.0000 > max 0.9900
2026-06-06 14:43:16 ============================================================
2026-06-06 14:43:16 ENTRY EXECUTION STARTED
2026-06-06 14:43:16   Timestamp: 2026-06-06T14:43:16.526195
2026-06-06 14:43:16   Token: 5621988210888083255890504733377286254726...
2026-06-06 14:43:16   Budget: $5
2026-06-06 14:43:16   Price Offset: 0.02
2026-06-06 14:43:16   Max Retries: 3
2026-06-06 14:43:16   Max Entry Price: 0.99
2026-06-06 14:43:16   WebSocket Price: 0.98
2026-06-06 14:43:16   Initial Price: 0.9800
2026-06-06 14:43:16   Contracts Needed: 5
2026-06-06 14:43:16   Estimated Cost: $4.90
2026-06-06 14:43:16 ----------------------------------------
2026-06-06 14:43:16   PRICE LIMIT: 1.0000 > max 0.9900
2026-06-06 14:43:16 ============================================================
2026-06-06 14:43:16 ENTRY EXECUTION STARTED
2026-06-06 14:43:16   Timestamp: 2026-06-06T14:43:16.777353
2026-06-06 14:43:16   Token: 5621988210888083255890504733377286254726...
2026-06-06 14:43:16   Budget: $5
2026-06-06 14:43:16   Price Offset: 0.02
2026-06-06 14:43:16   Max Retries: 3
2026-06-06 14:43:16   Max Entry Price: 0.99
2026-06-06 14:43:16   WebSocket Price: 0.98
2026-06-06 14:43:16   Initial Price: 0.9800
2026-06-06 14:43:16   Contracts Needed: 5
2026-06-06 14:43:16   Estimated Cost: $4.90
2026-06-06 14:43:16 ----------------------------------------
2026-06-06 14:43:16   PRICE LIMIT: 1.0000 > max 0.9900
2026-06-06 14:43:17 ============================================================
2026-06-06 14:43:17 ENTRY EXECUTION STARTED
2026-06-06 14:43:17   Timestamp: 2026-06-06T14:43:17.028628
2026-06-06 14:43:17   Token: 5621988210888083255890504733377286254726...
2026-06-06 14:43:17   Budget: $5
2026-06-06 14:43:17   Price Offset: 0.02
2026-06-06 14:43:17   Max Retries: 3
2026-06-06 14:43:17   Max Entry Price: 0.99
2026-06-06 14:43:17   WebSocket Price: 0.98
2026-06-06 14:43:17   Initial Price: 0.9800
2026-06-06 14:43:17   Contracts Needed: 5
2026-06-06 14:43:17   Estimated Cost: $4.90
2026-06-06 14:43:17 ----------------------------------------
2026-06-06 14:43:17   PRICE LIMIT: 1.0000 > max 0.9900
2026-06-06 14:43:17 ============================================================
2026-06-06 14:43:17 ENTRY EXECUTION STARTED
2026-06-06 14:43:17   Timestamp: 2026-06-06T14:43:17.284351
2026-06-06 14:43:17   Token: 5621988210888083255890504733377286254726...
2026-06-06 14:43:17   Budget: $5
2026-06-06 14:43:17   Price Offset: 0.02
2026-06-06 14:43:17   Max Retries: 3
2026-06-06 14:43:17   Max Entry Price: 0.99
2026-06-06 14:43:17   WebSocket Price: 0.98
2026-06-06 14:43:17   Initial Price: 0.9800
2026-06-06 14:43:17   Contracts Needed: 5
2026-06-06 14:43:17   Estimated Cost: $4.90
2026-06-06 14:43:17 ----------------------------------------
2026-06-06 14:43:17   PRICE LIMIT: 1.0000 > max 0.9900
2026-06-06 14:43:17 ============================================================
2026-06-06 14:43:17 ENTRY EXECUTION STARTED
2026-06-06 14:43:17   Timestamp: 2026-06-06T14:43:17.536160
2026-06-06 14:43:17   Token: 5621988210888083255890504733377286254726...
2026-06-06 14:43:17   Budget: $5
2026-06-06 14:43:17   Price Offset: 0.02
2026-06-06 14:43:17   Max Retries: 3
2026-06-06 14:43:17   Max Entry Price: 0.99
2026-06-06 14:43:17   WebSocket Price: 0.99
2026-06-06 14:43:17   Initial Price: 0.9900
2026-06-06 14:43:17   Contracts Needed: 5
2026-06-06 14:43:17   Estimated Cost: $4.95
2026-06-06 14:43:17 ----------------------------------------
2026-06-06 14:43:17   PRICE LIMIT: 1.0100 > max 0.9900
2026-06-06 14:43:17 ============================================================
2026-06-06 14:43:17 ENTRY EXECUTION STARTED
2026-06-06 14:43:17   Timestamp: 2026-06-06T14:43:17.788968
2026-06-06 14:43:17   Token: 5621988210888083255890504733377286254726...
2026-06-06 14:43:17   Budget: $5
2026-06-06 14:43:17   Price Offset: 0.02
2026-06-06 14:43:17   Max Retries: 3
2026-06-06 14:43:17   Max Entry Price: 0.99
2026-06-06 14:43:17   WebSocket Price: 0.99
2026-06-06 14:43:17   Initial Price: 0.9900
2026-06-06 14:43:17   Contracts Needed: 5
2026-06-06 14:43:17   Estimated Cost: $4.95
2026-06-06 14:43:17 ----------------------------------------
2026-06-06 14:43:17   PRICE LIMIT: 1.0100 > max 0.9900
2026-06-06 14:43:18 ============================================================
2026-06-06 14:43:18 ENTRY EXECUTION STARTED
2026-06-06 14:43:18   Timestamp: 2026-06-06T14:43:18.039625
2026-06-06 14:43:18   Token: 5621988210888083255890504733377286254726...
2026-06-06 14:43:18   Budget: $5
2026-06-06 14:43:18   Price Offset: 0.02
2026-06-06 14:43:18   Max Retries: 3
2026-06-06 14:43:18   Max Entry Price: 0.99
2026-06-06 14:43:18   WebSocket Price: 0.99
2026-06-06 14:43:18   Initial Price: 0.9900
2026-06-06 14:43:18   Contracts Needed: 5
2026-06-06 14:43:18   Estimated Cost: $4.95
2026-06-06 14:43:18 ----------------------------------------
2026-06-06 14:43:18   PRICE LIMIT: 1.0100 > max 0.9900
2026-06-06 14:43:18 ============================================================
2026-06-06 14:43:18 ENTRY EXECUTION STARTED
2026-06-06 14:43:18   Timestamp: 2026-06-06T14:43:18.298808
2026-06-06 14:43:18   Token: 5621988210888083255890504733377286254726...
2026-06-06 14:43:18   Budget: $5
2026-06-06 14:43:18   Price Offset: 0.02
2026-06-06 14:43:18   Max Retries: 3
2026-06-06 14:43:18   Max Entry Price: 0.99
2026-06-06 14:43:18   WebSocket Price: 0.99
2026-06-06 14:43:18   Initial Price: 0.9900
2026-06-06 14:43:18   Contracts Needed: 5
2026-06-06 14:43:18   Estimated Cost: $4.95
2026-06-06 14:43:18 ----------------------------------------
2026-06-06 14:43:18   PRICE LIMIT: 1.0100 > max 0.9900
2026-06-06 14:43:18 ============================================================
2026-06-06 14:43:18 ENTRY EXECUTION STARTED
2026-06-06 14:43:18   Timestamp: 2026-06-06T14:43:18.552377
2026-06-06 14:43:18   Token: 5621988210888083255890504733377286254726...
2026-06-06 14:43:18   Budget: $5
2026-06-06 14:43:18   Price Offset: 0.02
2026-06-06 14:43:18   Max Retries: 3
2026-06-06 14:43:18   Max Entry Price: 0.99
2026-06-06 14:43:18   WebSocket Price: 0.99
2026-06-06 14:43:18   Initial Price: 0.9900
2026-06-06 14:43:18   Contracts Needed: 5
2026-06-06 14:43:18   Estimated Cost: $4.95
2026-06-06 14:43:18 ----------------------------------------
2026-06-06 14:43:18   PRICE LIMIT: 1.0100 > max 0.9900
2026-06-06 14:43:18 ============================================================
2026-06-06 14:43:18 ENTRY EXECUTION STARTED
2026-06-06 14:43:18   Timestamp: 2026-06-06T14:43:18.803884
2026-06-06 14:43:18   Token: 5621988210888083255890504733377286254726...
2026-06-06 14:43:18   Budget: $5
2026-06-06 14:43:18   Price Offset: 0.02
2026-06-06 14:43:18   Max Retries: 3
2026-06-06 14:43:18   Max Entry Price: 0.99
2026-06-06 14:43:18   WebSocket Price: 0.99
2026-06-06 14:43:18   Initial Price: 0.9900
2026-06-06 14:43:18   Contracts Needed: 5
2026-06-06 14:43:18   Estimated Cost: $4.95
2026-06-06 14:43:18 ----------------------------------------
2026-06-06 14:43:18   PRICE LIMIT: 1.0100 > max 0.9900
2026-06-06 14:43:19 ============================================================
2026-06-06 14:43:19 ENTRY EXECUTION STARTED
2026-06-06 14:43:19   Timestamp: 2026-06-06T14:43:19.055854
2026-06-06 14:43:19   Token: 5621988210888083255890504733377286254726...
2026-06-06 14:43:19   Budget: $5
2026-06-06 14:43:19   Price Offset: 0.02
2026-06-06 14:43:19   Max Retries: 3
2026-06-06 14:43:19   Max Entry Price: 0.99
2026-06-06 14:43:19   WebSocket Price: 0.99
2026-06-06 14:43:19   Initial Price: 0.9900
2026-06-06 14:43:19   Contracts Needed: 5
2026-06-06 14:43:19   Estimated Cost: $4.95
2026-06-06 14:43:19 ----------------------------------------
2026-06-06 14:43:19   PRICE LIMIT: 1.0100 > max 0.9900
2026-06-06 14:43:19 ============================================================
2026-06-06 14:43:19 ENTRY EXECUTION STARTED
2026-06-06 14:43:19   Timestamp: 2026-06-06T14:43:19.309113
2026-06-06 14:43:19   Token: 5621988210888083255890504733377286254726...
2026-06-06 14:43:19   Budget: $5
2026-06-06 14:43:19   Price Offset: 0.02
2026-06-06 14:43:19   Max Retries: 3
2026-06-06 14:43:19   Max Entry Price: 0.99
2026-06-06 14:43:19   WebSocket Price: 0.99
2026-06-06 14:43:19   Initial Price: 0.9900
2026-06-06 14:43:19   Contracts Needed: 5
2026-06-06 14:43:19   Estimated Cost: $4.95
2026-06-06 14:43:19 ----------------------------------------
2026-06-06 14:43:19   PRICE LIMIT: 1.0100 > max 0.9900
2026-06-06 14:43:19 ============================================================
2026-06-06 14:43:19 ENTRY EXECUTION STARTED
2026-06-06 14:43:19   Timestamp: 2026-06-06T14:43:19.560817
2026-06-06 14:43:19   Token: 5621988210888083255890504733377286254726...
2026-06-06 14:43:19   Budget: $5
2026-06-06 14:43:19   Price Offset: 0.02
2026-06-06 14:43:19   Max Retries: 3
2026-06-06 14:43:19   Max Entry Price: 0.99
2026-06-06 14:43:19   WebSocket Price: 0.99
2026-06-06 14:43:19   Initial Price: 0.9900
2026-06-06 14:43:19   Contracts Needed: 5
2026-06-06 14:43:19   Estimated Cost: $4.95
2026-06-06 14:43:19 ----------------------------------------
2026-06-06 14:43:19   PRICE LIMIT: 1.0100 > max 0.9900
2026-06-06 14:43:19 ============================================================
2026-06-06 14:43:19 ENTRY EXECUTION STARTED
2026-06-06 14:43:19   Timestamp: 2026-06-06T14:43:19.812748
2026-06-06 14:43:19   Token: 5621988210888083255890504733377286254726...
2026-06-06 14:43:19   Budget: $5
2026-06-06 14:43:19   Price Offset: 0.02
2026-06-06 14:43:19   Max Retries: 3
2026-06-06 14:43:19   Max Entry Price: 0.99
2026-06-06 14:43:19   WebSocket Price: 0.99
2026-06-06 14:43:19   Initial Price: 0.9900
2026-06-06 14:43:19   Contracts Needed: 5
2026-06-06 14:43:19   Estimated Cost: $4.95
2026-06-06 14:43:19 ----------------------------------------
2026-06-06 14:43:19   PRICE LIMIT: 1.0100 > max 0.9900
2026-06-06 14:43:20 ============================================================
2026-06-06 14:43:20 ENTRY EXECUTION STARTED
2026-06-06 14:43:20   Timestamp: 2026-06-06T14:43:20.068371
2026-06-06 14:43:20   Token: 5621988210888083255890504733377286254726...
2026-06-06 14:43:20   Budget: $5
2026-06-06 14:43:20   Price Offset: 0.02
2026-06-06 14:43:20   Max Retries: 3
2026-06-06 14:43:20   Max Entry Price: 0.99
2026-06-06 14:43:20   WebSocket Price: 0.99
2026-06-06 14:43:20   Initial Price: 0.9900
2026-06-06 14:43:20   Contracts Needed: 5
2026-06-06 14:43:20   Estimated Cost: $4.95
2026-06-06 14:43:20 ----------------------------------------
2026-06-06 14:43:20   PRICE LIMIT: 1.0100 > max 0.9900
2026-06-06 14:43:20 ============================================================
2026-06-06 14:43:20 ENTRY EXECUTION STARTED
2026-06-06 14:43:20   Timestamp: 2026-06-06T14:43:20.335300
2026-06-06 14:43:20   Token: 5621988210888083255890504733377286254726...
2026-06-06 14:43:20   Budget: $5
2026-06-06 14:43:20   Price Offset: 0.02
2026-06-06 14:43:20   Max Retries: 3
2026-06-06 14:43:20   Max Entry Price: 0.99
2026-06-06 14:43:20   WebSocket Price: 0.99
2026-06-06 14:43:20   Initial Price: 0.9900
2026-06-06 14:43:20   Contracts Needed: 5
2026-06-06 14:43:20   Estimated Cost: $4.95
2026-06-06 14:43:20 ----------------------------------------
2026-06-06 14:43:20   PRICE LIMIT: 1.0100 > max 0.9900
2026-06-06 14:43:20 ============================================================
2026-06-06 14:43:20 ENTRY EXECUTION STARTED
2026-06-06 14:43:20   Timestamp: 2026-06-06T14:43:20.587574
2026-06-06 14:43:20   Token: 5621988210888083255890504733377286254726...
2026-06-06 14:43:20   Budget: $5
2026-06-06 14:43:20   Price Offset: 0.02
2026-06-06 14:43:20   Max Retries: 3
2026-06-06 14:43:20   Max Entry Price: 0.99
2026-06-06 14:43:20   WebSocket Price: 0.99
2026-06-06 14:43:20   Initial Price: 0.9900
2026-06-06 14:43:20   Contracts Needed: 5
2026-06-06 14:43:20   Estimated Cost: $4.95
2026-06-06 14:43:20 ----------------------------------------
2026-06-06 14:43:20   PRICE LIMIT: 1.0100 > max 0.9900
2026-06-06 14:43:20 ============================================================
2026-06-06 14:43:20 ENTRY EXECUTION STARTED
2026-06-06 14:43:20   Timestamp: 2026-06-06T14:43:20.840959
2026-06-06 14:43:20   Token: 5621988210888083255890504733377286254726...
2026-06-06 14:43:20   Budget: $5
2026-06-06 14:43:20   Price Offset: 0.02
2026-06-06 14:43:20   Max Retries: 3
2026-06-06 14:43:20   Max Entry Price: 0.99
2026-06-06 14:43:20   WebSocket Price: 0.99
2026-06-06 14:43:20   Initial Price: 0.9900
2026-06-06 14:43:20   Contracts Needed: 5
2026-06-06 14:43:20   Estimated Cost: $4.95
2026-06-06 14:43:20 ----------------------------------------
2026-06-06 14:43:20   PRICE LIMIT: 1.0100 > max 0.9900
2026-06-06 14:43:21 ============================================================
2026-06-06 14:43:21 ENTRY EXECUTION STARTED
2026-06-06 14:43:21   Timestamp: 2026-06-06T14:43:21.096736
2026-06-06 14:43:21   Token: 5621988210888083255890504733377286254726...
2026-06-06 14:43:21   Budget: $5
2026-06-06 14:43:21   Price Offset: 0.02
2026-06-06 14:43:21   Max Retries: 3
2026-06-06 14:43:21   Max Entry Price: 0.99
2026-06-06 14:43:21   WebSocket Price: 0.99
2026-06-06 14:43:21   Initial Price: 0.9900
2026-06-06 14:43:21   Contracts Needed: 5
2026-06-06 14:43:21   Estimated Cost: $4.95
2026-06-06 14:43:21 ----------------------------------------
2026-06-06 14:43:21   PRICE LIMIT: 1.0100 > max 0.9900
2026-06-06 14:43:21 ============================================================
2026-06-06 14:43:21 ENTRY EXECUTION STARTED
2026-06-06 14:43:21   Timestamp: 2026-06-06T14:43:21.350942
2026-06-06 14:43:21   Token: 5621988210888083255890504733377286254726...
2026-06-06 14:43:21   Budget: $5
2026-06-06 14:43:21   Price Offset: 0.02
2026-06-06 14:43:21   Max Retries: 3
2026-06-06 14:43:21   Max Entry Price: 0.99
2026-06-06 14:43:21   WebSocket Price: 0.99
2026-06-06 14:43:21   Initial Price: 0.9900
2026-06-06 14:43:21   Contracts Needed: 5
2026-06-06 14:43:21   Estimated Cost: $4.95
2026-06-06 14:43:21 ----------------------------------------
2026-06-06 14:43:21   PRICE LIMIT: 1.0100 > max 0.9900
2026-06-06 14:43:21 ============================================================
2026-06-06 14:43:21 ENTRY EXECUTION STARTED
2026-06-06 14:43:21   Timestamp: 2026-06-06T14:43:21.603119
2026-06-06 14:43:21   Token: 5621988210888083255890504733377286254726...
2026-06-06 14:43:21   Budget: $5
2026-06-06 14:43:21   Price Offset: 0.02
2026-06-06 14:43:21   Max Retries: 3
2026-06-06 14:43:21   Max Entry Price: 0.99
2026-06-06 14:43:21   WebSocket Price: 0.99
2026-06-06 14:43:21   Initial Price: 0.9900
2026-06-06 14:43:21   Contracts Needed: 5
2026-06-06 14:43:21   Estimated Cost: $4.95
2026-06-06 14:43:21 ----------------------------------------
2026-06-06 14:43:21   PRICE LIMIT: 1.0100 > max 0.9900
2026-06-06 14:43:21 ============================================================
2026-06-06 14:43:21 ENTRY EXECUTION STARTED
2026-06-06 14:43:21   Timestamp: 2026-06-06T14:43:21.855637
2026-06-06 14:43:21   Token: 5621988210888083255890504733377286254726...
2026-06-06 14:43:21   Budget: $5
2026-06-06 14:43:21   Price Offset: 0.02
2026-06-06 14:43:21   Max Retries: 3
2026-06-06 14:43:21   Max Entry Price: 0.99
2026-06-06 14:43:21   WebSocket Price: 0.99
2026-06-06 14:43:21   Initial Price: 0.9900
2026-06-06 14:43:21   Contracts Needed: 5
2026-06-06 14:43:21   Estimated Cost: $4.95
2026-06-06 14:43:21 ----------------------------------------
2026-06-06 14:43:21   PRICE LIMIT: 1.0100 > max 0.9900
2026-06-06 14:43:22 ============================================================
2026-06-06 14:43:22 ENTRY EXECUTION STARTED
2026-06-06 14:43:22   Timestamp: 2026-06-06T14:43:22.108642
2026-06-06 14:43:22   Token: 5621988210888083255890504733377286254726...
2026-06-06 14:43:22   Budget: $5
2026-06-06 14:43:22   Price Offset: 0.02
2026-06-06 14:43:22   Max Retries: 3
2026-06-06 14:43:22   Max Entry Price: 0.99
2026-06-06 14:43:22   WebSocket Price: 0.99
2026-06-06 14:43:22   Initial Price: 0.9900
2026-06-06 14:43:22   Contracts Needed: 5
2026-06-06 14:43:22   Estimated Cost: $4.95
2026-06-06 14:43:22 ----------------------------------------
2026-06-06 14:43:22   PRICE LIMIT: 1.0100 > max 0.9900
2026-06-06 14:43:22 ============================================================
2026-06-06 14:43:22 ENTRY EXECUTION STARTED
2026-06-06 14:43:22   Timestamp: 2026-06-06T14:43:22.361479
2026-06-06 14:43:22   Token: 5621988210888083255890504733377286254726...
2026-06-06 14:43:22   Budget: $5
2026-06-06 14:43:22   Price Offset: 0.02
2026-06-06 14:43:22   Max Retries: 3
2026-06-06 14:43:22   Max Entry Price: 0.99
2026-06-06 14:43:22   WebSocket Price: 0.99
2026-06-06 14:43:22   Initial Price: 0.9900
2026-06-06 14:43:22   Contracts Needed: 5
2026-06-06 14:43:22   Estimated Cost: $4.95
2026-06-06 14:43:22 ----------------------------------------
2026-06-06 14:43:22   PRICE LIMIT: 1.0100 > max 0.9900
2026-06-06 14:43:22 ============================================================
2026-06-06 14:43:22 ENTRY EXECUTION STARTED
2026-06-06 14:43:22   Timestamp: 2026-06-06T14:43:22.613454
2026-06-06 14:43:22   Token: 5621988210888083255890504733377286254726...
2026-06-06 14:43:22   Budget: $5
2026-06-06 14:43:22   Price Offset: 0.02
2026-06-06 14:43:22   Max Retries: 3
2026-06-06 14:43:22   Max Entry Price: 0.99
2026-06-06 14:43:22   WebSocket Price: 0.99
2026-06-06 14:43:22   Initial Price: 0.9900
2026-06-06 14:43:22   Contracts Needed: 5
2026-06-06 14:43:22   Estimated Cost: $4.95
2026-06-06 14:43:22 ----------------------------------------
2026-06-06 14:43:22   PRICE LIMIT: 1.0100 > max 0.9900
2026-06-06 14:43:22 ============================================================
2026-06-06 14:43:22 ENTRY EXECUTION STARTED
2026-06-06 14:43:22   Timestamp: 2026-06-06T14:43:22.867813
2026-06-06 14:43:22   Token: 5621988210888083255890504733377286254726...
2026-06-06 14:43:22   Budget: $5
2026-06-06 14:43:22   Price Offset: 0.02
2026-06-06 14:43:22   Max Retries: 3
2026-06-06 14:43:22   Max Entry Price: 0.99
2026-06-06 14:43:22   WebSocket Price: 0.99
2026-06-06 14:43:22   Initial Price: 0.9900
2026-06-06 14:43:22   Contracts Needed: 5
2026-06-06 14:43:22   Estimated Cost: $4.95
2026-06-06 14:43:22 ----------------------------------------
2026-06-06 14:43:22   PRICE LIMIT: 1.0100 > max 0.9900
2026-06-06 14:43:23 ============================================================
2026-06-06 14:43:23 ENTRY EXECUTION STARTED
2026-06-06 14:43:23   Timestamp: 2026-06-06T14:43:23.119341
2026-06-06 14:43:23   Token: 5621988210888083255890504733377286254726...
2026-06-06 14:43:23   Budget: $5
2026-06-06 14:43:23   Price Offset: 0.02
2026-06-06 14:43:23   Max Retries: 3
2026-06-06 14:43:23   Max Entry Price: 0.99
2026-06-06 14:43:23   WebSocket Price: 0.99
2026-06-06 14:43:23   Initial Price: 0.9900
2026-06-06 14:43:23   Contracts Needed: 5
2026-06-06 14:43:23   Estimated Cost: $4.95
2026-06-06 14:43:23 ----------------------------------------
2026-06-06 14:43:23   PRICE LIMIT: 1.0100 > max 0.9900
2026-06-06 14:43:23 ============================================================
2026-06-06 14:43:23 ENTRY EXECUTION STARTED
2026-06-06 14:43:23   Timestamp: 2026-06-06T14:43:23.373845
2026-06-06 14:43:23   Token: 5621988210888083255890504733377286254726...
2026-06-06 14:43:23   Budget: $5
2026-06-06 14:43:23   Price Offset: 0.02
2026-06-06 14:43:23   Max Retries: 3
2026-06-06 14:43:23   Max Entry Price: 0.99
2026-06-06 14:43:23   WebSocket Price: 0.99
2026-06-06 14:43:23   Initial Price: 0.9900
2026-06-06 14:43:23   Contracts Needed: 5
2026-06-06 14:43:23   Estimated Cost: $4.95
2026-06-06 14:43:23 ----------------------------------------
2026-06-06 14:43:23   PRICE LIMIT: 1.0100 > max 0.9900
2026-06-06 14:43:23 ============================================================
2026-06-06 14:43:23 ENTRY EXECUTION STARTED
2026-06-06 14:43:23   Timestamp: 2026-06-06T14:43:23.628181
2026-06-06 14:43:23   Token: 5621988210888083255890504733377286254726...
2026-06-06 14:43:23   Budget: $5
2026-06-06 14:43:23   Price Offset: 0.02
2026-06-06 14:43:23   Max Retries: 3
2026-06-06 14:43:23   Max Entry Price: 0.99
2026-06-06 14:43:23   WebSocket Price: 0.99
2026-06-06 14:43:23   Initial Price: 0.9900
2026-06-06 14:43:23   Contracts Needed: 5
2026-06-06 14:43:23   Estimated Cost: $4.95
2026-06-06 14:43:23 ----------------------------------------
2026-06-06 14:43:23   PRICE LIMIT: 1.0100 > max 0.9900
2026-06-06 14:43:23 ============================================================
2026-06-06 14:43:23 ENTRY EXECUTION STARTED
2026-06-06 14:43:23   Timestamp: 2026-06-06T14:43:23.880956
2026-06-06 14:43:23   Token: 5621988210888083255890504733377286254726...
2026-06-06 14:43:23   Budget: $5
2026-06-06 14:43:23   Price Offset: 0.02
2026-06-06 14:43:23   Max Retries: 3
2026-06-06 14:43:23   Max Entry Price: 0.99
2026-06-06 14:43:23   WebSocket Price: 0.99
2026-06-06 14:43:23   Initial Price: 0.9900
2026-06-06 14:43:23   Contracts Needed: 5
2026-06-06 14:43:23   Estimated Cost: $4.95
2026-06-06 14:43:23 ----------------------------------------
2026-06-06 14:43:23   PRICE LIMIT: 1.0100 > max 0.9900
2026-06-06 14:43:24 ============================================================
2026-06-06 14:43:24 ENTRY EXECUTION STARTED
2026-06-06 14:43:24   Timestamp: 2026-06-06T14:43:24.132601
2026-06-06 14:43:24   Token: 5621988210888083255890504733377286254726...
2026-06-06 14:43:24   Budget: $5
2026-06-06 14:43:24   Price Offset: 0.02
2026-06-06 14:43:24   Max Retries: 3
2026-06-06 14:43:24   Max Entry Price: 0.99
2026-06-06 14:43:24   WebSocket Price: 0.99
2026-06-06 14:43:24   Initial Price: 0.9900
2026-06-06 14:43:24   Contracts Needed: 5
2026-06-06 14:43:24   Estimated Cost: $4.95
2026-06-06 14:43:24 ----------------------------------------
2026-06-06 14:43:24   PRICE LIMIT: 1.0100 > max 0.9900
2026-06-06 14:43:24 ============================================================
2026-06-06 14:43:24 ENTRY EXECUTION STARTED
2026-06-06 14:43:24   Timestamp: 2026-06-06T14:43:24.399833
2026-06-06 14:43:24   Token: 5621988210888083255890504733377286254726...
2026-06-06 14:43:24   Budget: $5
2026-06-06 14:43:24   Price Offset: 0.02
2026-06-06 14:43:24   Max Retries: 3
2026-06-06 14:43:24   Max Entry Price: 0.99
2026-06-06 14:43:24   WebSocket Price: 0.99
2026-06-06 14:43:24   Initial Price: 0.9900
2026-06-06 14:43:24   Contracts Needed: 5
2026-06-06 14:43:24   Estimated Cost: $4.95
2026-06-06 14:43:24 ----------------------------------------
2026-06-06 14:43:24   PRICE LIMIT: 1.0100 > max 0.9900
2026-06-06 14:43:24 ============================================================
2026-06-06 14:43:24 ENTRY EXECUTION STARTED
2026-06-06 14:43:24   Timestamp: 2026-06-06T14:43:24.652865
2026-06-06 14:43:24   Token: 5621988210888083255890504733377286254726...
2026-06-06 14:43:24   Budget: $5
2026-06-06 14:43:24   Price Offset: 0.02
2026-06-06 14:43:24   Max Retries: 3
2026-06-06 14:43:24   Max Entry Price: 0.99
2026-06-06 14:43:24   WebSocket Price: 0.99
2026-06-06 14:43:24   Initial Price: 0.9900
2026-06-06 14:43:24   Contracts Needed: 5
2026-06-06 14:43:24   Estimated Cost: $4.95
2026-06-06 14:43:24 ----------------------------------------
2026-06-06 14:43:24   PRICE LIMIT: 1.0100 > max 0.9900
2026-06-06 14:43:24 ============================================================
2026-06-06 14:43:24 ENTRY EXECUTION STARTED
2026-06-06 14:43:24   Timestamp: 2026-06-06T14:43:24.913058
2026-06-06 14:43:24   Token: 5621988210888083255890504733377286254726...
2026-06-06 14:43:24   Budget: $5
2026-06-06 14:43:24   Price Offset: 0.02
2026-06-06 14:43:24   Max Retries: 3
2026-06-06 14:43:24   Max Entry Price: 0.99
2026-06-06 14:43:24   WebSocket Price: 0.99
2026-06-06 14:43:24   Initial Price: 0.9900
2026-06-06 14:43:24   Contracts Needed: 5
2026-06-06 14:43:24   Estimated Cost: $4.95
2026-06-06 14:43:24 ----------------------------------------
2026-06-06 14:43:24   PRICE LIMIT: 1.0100 > max 0.9900
2026-06-06 14:43:25 ============================================================
2026-06-06 14:43:25 ENTRY EXECUTION STARTED
2026-06-06 14:43:25   Timestamp: 2026-06-06T14:43:25.166036
2026-06-06 14:43:25   Token: 5621988210888083255890504733377286254726...
2026-06-06 14:43:25   Budget: $5
2026-06-06 14:43:25   Price Offset: 0.02
2026-06-06 14:43:25   Max Retries: 3
2026-06-06 14:43:25   Max Entry Price: 0.99
2026-06-06 14:43:25   WebSocket Price: 0.99
2026-06-06 14:43:25   Initial Price: 0.9900
2026-06-06 14:43:25   Contracts Needed: 5
2026-06-06 14:43:25   Estimated Cost: $4.95
2026-06-06 14:43:25 ----------------------------------------
2026-06-06 14:43:25   PRICE LIMIT: 1.0100 > max 0.9900
2026-06-06 14:43:25 ============================================================
2026-06-06 14:43:25 ENTRY EXECUTION STARTED
2026-06-06 14:43:25   Timestamp: 2026-06-06T14:43:25.421318
2026-06-06 14:43:25   Token: 5621988210888083255890504733377286254726...
2026-06-06 14:43:25   Budget: $5
2026-06-06 14:43:25   Price Offset: 0.02
2026-06-06 14:43:25   Max Retries: 3
2026-06-06 14:43:25   Max Entry Price: 0.99
2026-06-06 14:43:25   WebSocket Price: 0.99
2026-06-06 14:43:25   Initial Price: 0.9900
2026-06-06 14:43:25   Contracts Needed: 5
2026-06-06 14:43:25   Estimated Cost: $4.95
2026-06-06 14:43:25 ----------------------------------------
2026-06-06 14:43:25   PRICE LIMIT: 1.0100 > max 0.9900
2026-06-06 14:43:25 ============================================================
2026-06-06 14:43:25 ENTRY EXECUTION STARTED
2026-06-06 14:43:25   Timestamp: 2026-06-06T14:43:25.675900
2026-06-06 14:43:25   Token: 5621988210888083255890504733377286254726...
2026-06-06 14:43:25   Budget: $5
2026-06-06 14:43:25   Price Offset: 0.02
2026-06-06 14:43:25   Max Retries: 3
2026-06-06 14:43:25   Max Entry Price: 0.99
2026-06-06 14:43:25   WebSocket Price: 0.99
2026-06-06 14:43:25   Initial Price: 0.9900
2026-06-06 14:43:25   Contracts Needed: 5
2026-06-06 14:43:25   Estimated Cost: $4.95
2026-06-06 14:43:25 ----------------------------------------
2026-06-06 14:43:25   PRICE LIMIT: 1.0100 > max 0.9900
2026-06-06 14:43:25 ============================================================
2026-06-06 14:43:25 ENTRY EXECUTION STARTED
2026-06-06 14:43:25   Timestamp: 2026-06-06T14:43:25.928592
2026-06-06 14:43:25   Token: 5621988210888083255890504733377286254726...
2026-06-06 14:43:25   Budget: $5
2026-06-06 14:43:25   Price Offset: 0.02
2026-06-06 14:43:25   Max Retries: 3
2026-06-06 14:43:25   Max Entry Price: 0.99
2026-06-06 14:43:25   WebSocket Price: 0.99
2026-06-06 14:43:25   Initial Price: 0.9900
2026-06-06 14:43:25   Contracts Needed: 5
2026-06-06 14:43:25   Estimated Cost: $4.95
2026-06-06 14:43:25 ----------------------------------------
2026-06-06 14:43:25   PRICE LIMIT: 1.0100 > max 0.9900
2026-06-06 14:43:26 ============================================================
2026-06-06 14:43:26 ENTRY EXECUTION STARTED
2026-06-06 14:43:26   Timestamp: 2026-06-06T14:43:26.181977
2026-06-06 14:43:26   Token: 5621988210888083255890504733377286254726...
2026-06-06 14:43:26   Budget: $5
2026-06-06 14:43:26   Price Offset: 0.02
2026-06-06 14:43:26   Max Retries: 3
2026-06-06 14:43:26   Max Entry Price: 0.99
2026-06-06 14:43:26   WebSocket Price: 0.99
2026-06-06 14:43:26   Initial Price: 0.9900
2026-06-06 14:43:26   Contracts Needed: 5
2026-06-06 14:43:26   Estimated Cost: $4.95
2026-06-06 14:43:26 ----------------------------------------
2026-06-06 14:43:26   PRICE LIMIT: 1.0100 > max 0.9900
2026-06-06 14:43:26 ============================================================
2026-06-06 14:43:26 ENTRY EXECUTION STARTED
2026-06-06 14:43:26   Timestamp: 2026-06-06T14:43:26.444064
2026-06-06 14:43:26   Token: 5621988210888083255890504733377286254726...
2026-06-06 14:43:26   Budget: $5
2026-06-06 14:43:26   Price Offset: 0.02
2026-06-06 14:43:26   Max Retries: 3
2026-06-06 14:43:26   Max Entry Price: 0.99
2026-06-06 14:43:26   WebSocket Price: 0.99
2026-06-06 14:43:26   Initial Price: 0.9900
2026-06-06 14:43:26   Contracts Needed: 5
2026-06-06 14:43:26   Estimated Cost: $4.95
2026-06-06 14:43:26 ----------------------------------------
2026-06-06 14:43:26   PRICE LIMIT: 1.0100 > max 0.9900
2026-06-06 14:43:26 ============================================================
2026-06-06 14:43:26 ENTRY EXECUTION STARTED
2026-06-06 14:43:26   Timestamp: 2026-06-06T14:43:26.699853
2026-06-06 14:43:26   Token: 5621988210888083255890504733377286254726...
2026-06-06 14:43:26   Budget: $5
2026-06-06 14:43:26   Price Offset: 0.02
2026-06-06 14:43:26   Max Retries: 3
2026-06-06 14:43:26   Max Entry Price: 0.99
2026-06-06 14:43:26   WebSocket Price: 0.99
2026-06-06 14:43:26   Initial Price: 0.9900
2026-06-06 14:43:26   Contracts Needed: 5
2026-06-06 14:43:26   Estimated Cost: $4.95
2026-06-06 14:43:26 ----------------------------------------
2026-06-06 14:43:26   PRICE LIMIT: 1.0100 > max 0.9900
2026-06-06 14:43:26 ============================================================
2026-06-06 14:43:26 ENTRY EXECUTION STARTED
2026-06-06 14:43:26   Timestamp: 2026-06-06T14:43:26.949690
2026-06-06 14:43:26   Token: 5621988210888083255890504733377286254726...
2026-06-06 14:43:26   Budget: $5
2026-06-06 14:43:26   Price Offset: 0.02
2026-06-06 14:43:26   Max Retries: 3
2026-06-06 14:43:26   Max Entry Price: 0.99
2026-06-06 14:43:26   WebSocket Price: 0.99
2026-06-06 14:43:26   Initial Price: 0.9900
2026-06-06 14:43:26   Contracts Needed: 5
2026-06-06 14:43:26   Estimated Cost: $4.95
2026-06-06 14:43:26 ----------------------------------------
2026-06-06 14:43:26   PRICE LIMIT: 1.0100 > max 0.9900
2026-06-06 14:43:27 ============================================================
2026-06-06 14:43:27 ENTRY EXECUTION STARTED
2026-06-06 14:43:27   Timestamp: 2026-06-06T14:43:27.203307
2026-06-06 14:43:27   Token: 5621988210888083255890504733377286254726...
2026-06-06 14:43:27   Budget: $5
2026-06-06 14:43:27   Price Offset: 0.02
2026-06-06 14:43:27   Max Retries: 3
2026-06-06 14:43:27   Max Entry Price: 0.99
2026-06-06 14:43:27   WebSocket Price: 0.99
2026-06-06 14:43:27   Initial Price: 0.9900
2026-06-06 14:43:27   Contracts Needed: 5
2026-06-06 14:43:27   Estimated Cost: $4.95
2026-06-06 14:43:27 ----------------------------------------
2026-06-06 14:43:27   PRICE LIMIT: 1.0100 > max 0.9900
2026-06-06 14:43:27 ============================================================
2026-06-06 14:43:27 ENTRY EXECUTION STARTED
2026-06-06 14:43:27   Timestamp: 2026-06-06T14:43:27.455611
2026-06-06 14:43:27   Token: 5621988210888083255890504733377286254726...
2026-06-06 14:43:27   Budget: $5
2026-06-06 14:43:27   Price Offset: 0.02
2026-06-06 14:43:27   Max Retries: 3
2026-06-06 14:43:27   Max Entry Price: 0.99
2026-06-06 14:43:27   WebSocket Price: 0.99
2026-06-06 14:43:27   Initial Price: 0.9900
2026-06-06 14:43:27   Contracts Needed: 5
2026-06-06 14:43:27   Estimated Cost: $4.95
2026-06-06 14:43:27 ----------------------------------------
2026-06-06 14:43:27   PRICE LIMIT: 1.0100 > max 0.9900
2026-06-06 14:43:27 ============================================================
2026-06-06 14:43:27 ENTRY EXECUTION STARTED
2026-06-06 14:43:27   Timestamp: 2026-06-06T14:43:27.709202
2026-06-06 14:43:27   Token: 5621988210888083255890504733377286254726...
2026-06-06 14:43:27   Budget: $5
2026-06-06 14:43:27   Price Offset: 0.02
2026-06-06 14:43:27   Max Retries: 3
2026-06-06 14:43:27   Max Entry Price: 0.99
2026-06-06 14:43:27   WebSocket Price: 0.99
2026-06-06 14:43:27   Initial Price: 0.9900
2026-06-06 14:43:27   Contracts Needed: 5
2026-06-06 14:43:27   Estimated Cost: $4.95
2026-06-06 14:43:27 ----------------------------------------
2026-06-06 14:43:27   PRICE LIMIT: 1.0100 > max 0.9900
2026-06-06 14:43:27 ============================================================
2026-06-06 14:43:27 ENTRY EXECUTION STARTED
2026-06-06 14:43:27   Timestamp: 2026-06-06T14:43:27.960523
2026-06-06 14:43:27   Token: 5621988210888083255890504733377286254726...
2026-06-06 14:43:27   Budget: $5
2026-06-06 14:43:27   Price Offset: 0.02
2026-06-06 14:43:27   Max Retries: 3
2026-06-06 14:43:27   Max Entry Price: 0.99
2026-06-06 14:43:27   WebSocket Price: 0.99
2026-06-06 14:43:27   Initial Price: 0.9900
2026-06-06 14:43:27   Contracts Needed: 5
2026-06-06 14:43:27   Estimated Cost: $4.95
2026-06-06 14:43:27 ----------------------------------------
2026-06-06 14:43:27   PRICE LIMIT: 1.0100 > max 0.9900
2026-06-06 14:43:28 ============================================================
2026-06-06 14:43:28 ENTRY EXECUTION STARTED
2026-06-06 14:43:28   Timestamp: 2026-06-06T14:43:28.465528
2026-06-06 14:43:28   Token: 5621988210888083255890504733377286254726...
2026-06-06 14:43:28   Budget: $5
2026-06-06 14:43:28   Price Offset: 0.02
2026-06-06 14:43:28   Max Retries: 3
2026-06-06 14:43:28   Max Entry Price: 0.99
2026-06-06 14:43:28   WebSocket Price: 0.99
2026-06-06 14:43:28   Initial Price: 0.9900
2026-06-06 14:43:28   Contracts Needed: 5
2026-06-06 14:43:28   Estimated Cost: $4.95
2026-06-06 14:43:28 ----------------------------------------
2026-06-06 14:43:28   PRICE LIMIT: 1.0100 > max 0.9900
2026-06-06 14:43:28 ============================================================
2026-06-06 14:43:28 ENTRY EXECUTION STARTED
2026-06-06 14:43:28   Timestamp: 2026-06-06T14:43:28.720710
2026-06-06 14:43:28   Token: 5621988210888083255890504733377286254726...
2026-06-06 14:43:28   Budget: $5
2026-06-06 14:43:28   Price Offset: 0.02
2026-06-06 14:43:28   Max Retries: 3
2026-06-06 14:43:28   Max Entry Price: 0.99
2026-06-06 14:43:28   WebSocket Price: 0.99
2026-06-06 14:43:28   Initial Price: 0.9900
2026-06-06 14:43:28   Contracts Needed: 5
2026-06-06 14:43:28   Estimated Cost: $4.95
2026-06-06 14:43:28 ----------------------------------------
2026-06-06 14:43:28   PRICE LIMIT: 1.0100 > max 0.9900
2026-06-06 14:43:28 ============================================================
2026-06-06 14:43:28 ENTRY EXECUTION STARTED
2026-06-06 14:43:28   Timestamp: 2026-06-06T14:43:28.974667
2026-06-06 14:43:28   Token: 5621988210888083255890504733377286254726...
2026-06-06 14:43:28   Budget: $5
2026-06-06 14:43:28   Price Offset: 0.02
2026-06-06 14:43:28   Max Retries: 3
2026-06-06 14:43:28   Max Entry Price: 0.99
2026-06-06 14:43:28   WebSocket Price: 0.99
2026-06-06 14:43:28   Initial Price: 0.9900
2026-06-06 14:43:28   Contracts Needed: 5
2026-06-06 14:43:28   Estimated Cost: $4.95
2026-06-06 14:43:28 ----------------------------------------
2026-06-06 14:43:28   PRICE LIMIT: 1.0100 > max 0.9900
2026-06-06 14:43:29 ============================================================
2026-06-06 14:43:29 ENTRY EXECUTION STARTED
2026-06-06 14:43:29   Timestamp: 2026-06-06T14:43:29.226085
2026-06-06 14:43:29   Token: 5621988210888083255890504733377286254726...
2026-06-06 14:43:29   Budget: $5
2026-06-06 14:43:29   Price Offset: 0.02
2026-06-06 14:43:29   Max Retries: 3
2026-06-06 14:43:29   Max Entry Price: 0.99
2026-06-06 14:43:29   WebSocket Price: 0.99
2026-06-06 14:43:29   Initial Price: 0.9900
2026-06-06 14:43:29   Contracts Needed: 5
2026-06-06 14:43:29   Estimated Cost: $4.95
2026-06-06 14:43:29 ----------------------------------------
2026-06-06 14:43:29   PRICE LIMIT: 1.0100 > max 0.9900
2026-06-06 14:43:29 ============================================================
2026-06-06 14:43:29 ENTRY EXECUTION STARTED
2026-06-06 14:43:29   Timestamp: 2026-06-06T14:43:29.483605
2026-06-06 14:43:29   Token: 5621988210888083255890504733377286254726...
2026-06-06 14:43:29   Budget: $5
2026-06-06 14:43:29   Price Offset: 0.02
2026-06-06 14:43:29   Max Retries: 3
2026-06-06 14:43:29   Max Entry Price: 0.99
2026-06-06 14:43:29   WebSocket Price: 0.99
2026-06-06 14:43:29   Initial Price: 0.9900
2026-06-06 14:43:29   Contracts Needed: 5
2026-06-06 14:43:29   Estimated Cost: $4.95
2026-06-06 14:43:29 ----------------------------------------
2026-06-06 14:43:29   PRICE LIMIT: 1.0100 > max 0.9900
2026-06-06 14:43:29 ============================================================
2026-06-06 14:43:29 ENTRY EXECUTION STARTED
2026-06-06 14:43:29   Timestamp: 2026-06-06T14:43:29.736389
2026-06-06 14:43:29   Token: 5621988210888083255890504733377286254726...
2026-06-06 14:43:29   Budget: $5
2026-06-06 14:43:29   Price Offset: 0.02
2026-06-06 14:43:29   Max Retries: 3
2026-06-06 14:43:29   Max Entry Price: 0.99
2026-06-06 14:43:29   WebSocket Price: 0.99
2026-06-06 14:43:29   Initial Price: 0.9900
2026-06-06 14:43:29   Contracts Needed: 5
2026-06-06 14:43:29   Estimated Cost: $4.95
2026-06-06 14:43:29 ----------------------------------------
2026-06-06 14:43:29   PRICE LIMIT: 1.0100 > max 0.9900
2026-06-06 14:43:29 ============================================================
2026-06-06 14:43:29 ENTRY EXECUTION STARTED
2026-06-06 14:43:29   Timestamp: 2026-06-06T14:43:29.990436
2026-06-06 14:43:29   Token: 5621988210888083255890504733377286254726...
2026-06-06 14:43:29   Budget: $5
2026-06-06 14:43:29   Price Offset: 0.02
2026-06-06 14:43:29   Max Retries: 3
2026-06-06 14:43:29   Max Entry Price: 0.99
2026-06-06 14:43:29   WebSocket Price: 0.99
2026-06-06 14:43:29   Initial Price: 0.9900
2026-06-06 14:43:29   Contracts Needed: 5
2026-06-06 14:43:29   Estimated Cost: $4.95
2026-06-06 14:43:29 ----------------------------------------
2026-06-06 14:43:29   PRICE LIMIT: 1.0100 > max 0.9900
2026-06-06 14:43:30 ============================================================
2026-06-06 14:43:30 ENTRY EXECUTION STARTED
2026-06-06 14:43:30   Timestamp: 2026-06-06T14:43:30.243260
2026-06-06 14:43:30   Token: 5621988210888083255890504733377286254726...
2026-06-06 14:43:30   Budget: $5
2026-06-06 14:43:30   Price Offset: 0.02
2026-06-06 14:43:30   Max Retries: 3
2026-06-06 14:43:30   Max Entry Price: 0.99
2026-06-06 14:43:30   WebSocket Price: 0.99
2026-06-06 14:43:30   Initial Price: 0.9900
2026-06-06 14:43:30   Contracts Needed: 5
2026-06-06 14:43:30   Estimated Cost: $4.95
2026-06-06 14:43:30 ----------------------------------------
2026-06-06 14:43:30   PRICE LIMIT: 1.0100 > max 0.9900
2026-06-06 14:48:01 ============================================================
2026-06-06 14:48:01 ENTRY EXECUTION STARTED
2026-06-06 14:48:01   Timestamp: 2026-06-06T14:48:01.177946
2026-06-06 14:48:01   Token: 1155407928272624147510443349128286651613...
2026-06-06 14:48:01   Budget: $5
2026-06-06 14:48:01   Price Offset: 0.02
2026-06-06 14:48:01   Max Retries: 3
2026-06-06 14:48:01   Max Entry Price: 0.99
2026-06-06 14:48:01   WebSocket Price: 0.89
2026-06-06 14:48:01   Initial Price: 0.8900
2026-06-06 14:48:01   Contracts Needed: 5
2026-06-06 14:48:01   Estimated Cost: $4.45
2026-06-06 14:48:01 ----------------------------------------
2026-06-06 14:48:01   Order Price: 0.9100 (price + 0.02)
2026-06-06 14:48:01 ATTEMPT 1/3
2026-06-06 14:48:01   Contracts bought so far: 0
2026-06-06 14:48:01   Remaining needed: 5
2026-06-06 14:48:01   Order size: 5
2026-06-06 14:48:01 --------------------------------------------------
2026-06-06 14:48:01 PLACING ORDER
2026-06-06 14:48:01   Token: 115540792827262414751044334912...
2026-06-06 14:48:01   Side: BUY
2026-06-06 14:48:01   Price: 0.9100
2026-06-06 14:48:01   Size: 5 contracts
2026-06-06 14:48:01   Value: $4.55
2026-06-06 14:48:01   Type: FAK (Fill-And-Kill)
2026-06-06 14:48:01 ORDER FAILED: PolyApiException[status_code=400, error_message={'error': 'not enough balance / allowance: the balance is not enough -> balance: 914302, order amount: 4578660'}]
2026-06-06 14:48:01   Elapsed: 760ms
2026-06-06 14:48:01 --------------------------------------------------
2026-06-06 14:48:01   Order rejected (API): PolyApiException[status_code=400, error_message={'error': 'not enough balance / allowance: the balance is not enough -> balance: 914302, order amount: 4578660'}]
2026-06-06 14:48:02 ATTEMPT 2/3
2026-06-06 14:48:02   Contracts bought so far: 0
2026-06-06 14:48:02   Remaining needed: 5
2026-06-06 14:48:02   Order size: 5
2026-06-06 14:48:02 --------------------------------------------------
2026-06-06 14:48:02 PLACING ORDER
2026-06-06 14:48:02   Token: 115540792827262414751044334912...
2026-06-06 14:48:02   Side: BUY
2026-06-06 14:48:02   Price: 0.9100
2026-06-06 14:48:02   Size: 5 contracts
2026-06-06 14:48:02   Value: $4.55
2026-06-06 14:48:02   Type: FAK (Fill-And-Kill)
2026-06-06 14:48:02 ORDER FAILED: PolyApiException[status_code=400, error_message={'error': 'not enough balance / allowance: the balance is not enough -> balance: 914302, order amount: 4578660'}]
2026-06-06 14:48:02   Elapsed: 259ms
2026-06-06 14:48:02 --------------------------------------------------
2026-06-06 14:48:02   Order rejected (API): PolyApiException[status_code=400, error_message={'error': 'not enough balance / allowance: the balance is not enough -> balance: 914302, order amount: 4578660'}]
2026-06-06 14:48:02 ATTEMPT 3/3
2026-06-06 14:48:02   Contracts bought so far: 0
2026-06-06 14:48:02   Remaining needed: 5
2026-06-06 14:48:02   Order size: 5
2026-06-06 14:48:02 --------------------------------------------------
2026-06-06 14:48:02 PLACING ORDER
2026-06-06 14:48:02   Token: 115540792827262414751044334912...
2026-06-06 14:48:02   Side: BUY
2026-06-06 14:48:02   Price: 0.9100
2026-06-06 14:48:02   Size: 5 contracts
2026-06-06 14:48:02   Value: $4.55
2026-06-06 14:48:02   Type: FAK (Fill-And-Kill)
2026-06-06 14:48:03 ORDER FAILED: PolyApiException[status_code=400, error_message={'error': 'not enough balance / allowance: the balance is not enough -> balance: 914302, order amount: 4578660'}]
2026-06-06 14:48:03   Elapsed: 269ms
2026-06-06 14:48:03 --------------------------------------------------
2026-06-06 14:48:03   Order rejected (API): PolyApiException[status_code=400, error_message={'error': 'not enough balance / allowance: the balance is not enough -> balance: 914302, order amount: 4578660'}]
2026-06-06 14:48:03   Total execution time: 2209ms
2026-06-06 14:48:03 ============================================================
2026-06-06 14:48:03 ENTRY EXECUTION COMPLETE
2026-06-06 14:48:03   Success: False
2026-06-06 14:48:03   Contracts Filled: 0/5
2026-06-06 14:48:03   Average Price: 0.0000
2026-06-06 14:48:03   Total Cost: $0.00
2026-06-06 14:48:03   Attempts: 3
2026-06-06 14:48:03   Total Time: 2209ms
2026-06-06 14:48:03   Error: PolyApiException[status_code=400, error_message={'error': 'not enough balance / allowance: the balance is not enough -> balance: 914302, order amount: 4578660'}]
2026-06-06 14:48:03   Fills: []
2026-06-06 14:48:03 ============================================================
2026-06-06 14:48:03 ============================================================
2026-06-06 14:48:03 ENTRY EXECUTION STARTED
2026-06-06 14:48:03   Timestamp: 2026-06-06T14:48:03.476311
2026-06-06 14:48:03   Token: 1155407928272624147510443349128286651613...
2026-06-06 14:48:03   Budget: $5
2026-06-06 14:48:03   Price Offset: 0.02
2026-06-06 14:48:03   Max Retries: 3
2026-06-06 14:48:03   Max Entry Price: 0.99
2026-06-06 14:48:03   WebSocket Price: 0.92
2026-06-06 14:48:03   Initial Price: 0.9200
2026-06-06 14:48:03   Contracts Needed: 5
2026-06-06 14:48:03   Estimated Cost: $4.60
2026-06-06 14:48:03 ----------------------------------------
2026-06-06 14:48:03   Order Price: 0.9400 (price + 0.02)
2026-06-06 14:48:03 ATTEMPT 1/3
2026-06-06 14:48:03   Contracts bought so far: 0
2026-06-06 14:48:03   Remaining needed: 5
2026-06-06 14:48:03   Order size: 5
2026-06-06 14:48:03 --------------------------------------------------
2026-06-06 14:48:03 PLACING ORDER
2026-06-06 14:48:03   Token: 115540792827262414751044334912...
2026-06-06 14:48:03   Side: BUY
2026-06-06 14:48:03   Price: 0.9400
2026-06-06 14:48:03   Size: 5 contracts
2026-06-06 14:48:03   Value: $4.70
2026-06-06 14:48:03   Type: FAK (Fill-And-Kill)
2026-06-06 14:48:03 ORDER FAILED: PolyApiException[status_code=400, error_message={'error': 'not enough balance / allowance: the balance is not enough -> balance: 914302, order amount: 4719740'}]
2026-06-06 14:48:03   Elapsed: 286ms
2026-06-06 14:48:03 --------------------------------------------------
2026-06-06 14:48:03   Order rejected (API): PolyApiException[status_code=400, error_message={'error': 'not enough balance / allowance: the balance is not enough -> balance: 914302, order amount: 4719740'}]
2026-06-06 14:48:04 ATTEMPT 2/3
2026-06-06 14:48:04   Contracts bought so far: 0
2026-06-06 14:48:04   Remaining needed: 5
2026-06-06 14:48:04   Order size: 5
2026-06-06 14:48:04 --------------------------------------------------
2026-06-06 14:48:04 PLACING ORDER
2026-06-06 14:48:04   Token: 115540792827262414751044334912...
2026-06-06 14:48:04   Side: BUY
2026-06-06 14:48:04   Price: 0.9400
2026-06-06 14:48:04   Size: 5 contracts
2026-06-06 14:48:04   Value: $4.70
2026-06-06 14:48:04   Type: FAK (Fill-And-Kill)
2026-06-06 14:48:04 ORDER FAILED: PolyApiException[status_code=400, error_message={'error': 'not enough balance / allowance: the balance is not enough -> balance: 914302, order amount: 4719740'}]
2026-06-06 14:48:04   Elapsed: 288ms
2026-06-06 14:48:04 --------------------------------------------------
2026-06-06 14:48:04   Order rejected (API): PolyApiException[status_code=400, error_message={'error': 'not enough balance / allowance: the balance is not enough -> balance: 914302, order amount: 4719740'}]
2026-06-06 14:48:04 ATTEMPT 3/3
2026-06-06 14:48:04   Contracts bought so far: 0
2026-06-06 14:48:04   Remaining needed: 5
2026-06-06 14:48:04   Order size: 5
2026-06-06 14:48:04 --------------------------------------------------
2026-06-06 14:48:04 PLACING ORDER
2026-06-06 14:48:04   Token: 115540792827262414751044334912...
2026-06-06 14:48:04   Side: BUY
2026-06-06 14:48:04   Price: 0.9400
2026-06-06 14:48:04   Size: 5 contracts
2026-06-06 14:48:04   Value: $4.70
2026-06-06 14:48:04   Type: FAK (Fill-And-Kill)
2026-06-06 14:48:04 ORDER FAILED: PolyApiException[status_code=400, error_message={'error': 'not enough balance / allowance: the balance is not enough -> balance: 914302, order amount: 4719740'}]
2026-06-06 14:48:04   Elapsed: 292ms
2026-06-06 14:48:04 --------------------------------------------------
2026-06-06 14:48:04   Order rejected (API): PolyApiException[status_code=400, error_message={'error': 'not enough balance / allowance: the balance is not enough -> balance: 914302, order amount: 4719740'}]
2026-06-06 14:48:05   Total execution time: 1784ms
2026-06-06 14:48:05 ============================================================
2026-06-06 14:48:05 ENTRY EXECUTION COMPLETE
2026-06-06 14:48:05   Success: False
2026-06-06 14:48:05   Contracts Filled: 0/5
2026-06-06 14:48:05   Average Price: 0.0000
2026-06-06 14:48:05   Total Cost: $0.00
2026-06-06 14:48:05   Attempts: 3
2026-06-06 14:48:05   Total Time: 1785ms
2026-06-06 14:48:05   Error: PolyApiException[status_code=400, error_message={'error': 'not enough balance / allowance: the balance is not enough -> balance: 914302, order amount: 4719740'}]
2026-06-06 14:48:05   Fills: []
2026-06-06 14:48:05 ============================================================
2026-06-06 14:48:05 ============================================================
2026-06-06 14:48:05 ENTRY EXECUTION STARTED
2026-06-06 14:48:05   Timestamp: 2026-06-06T14:48:05.515789
2026-06-06 14:48:05   Token: 1155407928272624147510443349128286651613...
2026-06-06 14:48:05   Budget: $5
2026-06-06 14:48:05   Price Offset: 0.02
2026-06-06 14:48:05   Max Retries: 3
2026-06-06 14:48:05   Max Entry Price: 0.99
2026-06-06 14:48:05   WebSocket Price: 0.96
2026-06-06 14:48:05   Initial Price: 0.9600
2026-06-06 14:48:05   Contracts Needed: 5
2026-06-06 14:48:05   Estimated Cost: $4.80
2026-06-06 14:48:05 ----------------------------------------
2026-06-06 14:48:05   Order Price: 0.9800 (price + 0.02)
2026-06-06 14:48:05 ATTEMPT 1/3
2026-06-06 14:48:05   Contracts bought so far: 0
2026-06-06 14:48:05   Remaining needed: 5
2026-06-06 14:48:05   Order size: 5
2026-06-06 14:48:05 --------------------------------------------------
2026-06-06 14:48:05 PLACING ORDER
2026-06-06 14:48:05   Token: 115540792827262414751044334912...
2026-06-06 14:48:05   Side: BUY
2026-06-06 14:48:05   Price: 0.9800
2026-06-06 14:48:05   Size: 5 contracts
2026-06-06 14:48:05   Value: $4.90
2026-06-06 14:48:05   Type: FAK (Fill-And-Kill)
2026-06-06 14:48:05 ORDER FAILED: PolyApiException[status_code=400, error_message={'error': 'not enough balance / allowance: the balance is not enough -> balance: 914302, order amount: 4906860'}]
2026-06-06 14:48:05   Elapsed: 273ms
2026-06-06 14:48:05 --------------------------------------------------
2026-06-06 14:48:05   Order rejected (API): PolyApiException[status_code=400, error_message={'error': 'not enough balance / allowance: the balance is not enough -> balance: 914302, order amount: 4906860'}]
2026-06-06 14:48:06 ATTEMPT 2/3
2026-06-06 14:48:06   Contracts bought so far: 0
2026-06-06 14:48:06   Remaining needed: 5
2026-06-06 14:48:06   Order size: 5
2026-06-06 14:48:06 --------------------------------------------------
2026-06-06 14:48:06 PLACING ORDER
2026-06-06 14:48:06   Token: 115540792827262414751044334912...
2026-06-06 14:48:06   Side: BUY
2026-06-06 14:48:06   Price: 0.9800
2026-06-06 14:48:06   Size: 5 contracts
2026-06-06 14:48:06   Value: $4.90
2026-06-06 14:48:06   Type: FAK (Fill-And-Kill)
2026-06-06 14:48:06 ORDER FAILED: PolyApiException[status_code=400, error_message={'error': 'not enough balance / allowance: the balance is not enough -> balance: 914302, order amount: 4906860'}]
2026-06-06 14:48:06   Elapsed: 274ms
2026-06-06 14:48:06 --------------------------------------------------
2026-06-06 14:48:06   Order rejected (API): PolyApiException[status_code=400, error_message={'error': 'not enough balance / allowance: the balance is not enough -> balance: 914302, order amount: 4906860'}]
2026-06-06 14:48:06 ATTEMPT 3/3
2026-06-06 14:48:06   Contracts bought so far: 0
2026-06-06 14:48:06   Remaining needed: 5
2026-06-06 14:48:06   Order size: 5
2026-06-06 14:48:06 --------------------------------------------------
2026-06-06 14:48:06 PLACING ORDER
2026-06-06 14:48:06   Token: 115540792827262414751044334912...
2026-06-06 14:48:06   Side: BUY
2026-06-06 14:48:06   Price: 0.9800
2026-06-06 14:48:06   Size: 5 contracts
2026-06-06 14:48:06   Value: $4.90
2026-06-06 14:48:06   Type: FAK (Fill-And-Kill)
2026-06-06 14:48:06 ORDER FAILED: PolyApiException[status_code=400, error_message={'error': 'not enough balance / allowance: the balance is not enough -> balance: 914302, order amount: 4906860'}]
2026-06-06 14:48:06   Elapsed: 275ms
2026-06-06 14:48:06 --------------------------------------------------
2026-06-06 14:48:06   Order rejected (API): PolyApiException[status_code=400, error_message={'error': 'not enough balance / allowance: the balance is not enough -> balance: 914302, order amount: 4906860'}]
2026-06-06 14:48:07   Total execution time: 1734ms
2026-06-06 14:48:07 ============================================================
2026-06-06 14:48:07 ENTRY EXECUTION COMPLETE
2026-06-06 14:48:07   Success: False
2026-06-06 14:48:07   Contracts Filled: 0/5
2026-06-06 14:48:07   Average Price: 0.0000
2026-06-06 14:48:07   Total Cost: $0.00
2026-06-06 14:48:07   Attempts: 3
2026-06-06 14:48:07   Total Time: 1734ms
2026-06-06 14:48:07   Error: PolyApiException[status_code=400, error_message={'error': 'not enough balance / allowance: the balance is not enough -> balance: 914302, order amount: 4906860'}]
2026-06-06 14:48:07   Fills: []
2026-06-06 14:48:07 ============================================================
2026-06-06 14:48:07 ============================================================
2026-06-06 14:48:07 ENTRY EXECUTION STARTED
2026-06-06 14:48:07   Timestamp: 2026-06-06T14:48:07.305226
2026-06-06 14:48:07   Token: 1155407928272624147510443349128286651613...
2026-06-06 14:48:07   Budget: $5
2026-06-06 14:48:07   Price Offset: 0.02
2026-06-06 14:48:07   Max Retries: 3
2026-06-06 14:48:07   Max Entry Price: 0.99
2026-06-06 14:48:07   WebSocket Price: 0.95
2026-06-06 14:48:07   Initial Price: 0.9500
2026-06-06 14:48:07   Contracts Needed: 5
2026-06-06 14:48:07   Estimated Cost: $4.75
2026-06-06 14:48:07 ----------------------------------------
2026-06-06 14:48:07   Order Price: 0.9700 (price + 0.02)
2026-06-06 14:48:07 ATTEMPT 1/3
2026-06-06 14:48:07   Contracts bought so far: 0
2026-06-06 14:48:07   Remaining needed: 5
2026-06-06 14:48:07   Order size: 5
2026-06-06 14:48:07 --------------------------------------------------
2026-06-06 14:48:07 PLACING ORDER
2026-06-06 14:48:07   Token: 115540792827262414751044334912...
2026-06-06 14:48:07   Side: BUY
2026-06-06 14:48:07   Price: 0.9700
2026-06-06 14:48:07   Size: 5 contracts
2026-06-06 14:48:07   Value: $4.85
2026-06-06 14:48:07   Type: FAK (Fill-And-Kill)
2026-06-06 14:48:07 ORDER FAILED: PolyApiException[status_code=400, error_message={'error': 'not enough balance / allowance: the balance is not enough -> balance: 914302, order amount: 4860180'}]
2026-06-06 14:48:07   Elapsed: 311ms
2026-06-06 14:48:07 --------------------------------------------------
2026-06-06 14:48:07   Order rejected (API): PolyApiException[status_code=400, error_message={'error': 'not enough balance / allowance: the balance is not enough -> balance: 914302, order amount: 4860180'}]
2026-06-06 14:48:07 ATTEMPT 2/3
2026-06-06 14:48:07   Contracts bought so far: 0
2026-06-06 14:48:07   Remaining needed: 5
2026-06-06 14:48:07   Order size: 5
2026-06-06 14:48:07 --------------------------------------------------
2026-06-06 14:48:07 PLACING ORDER
2026-06-06 14:48:07   Token: 115540792827262414751044334912...
2026-06-06 14:48:07   Side: BUY
2026-06-06 14:48:07   Price: 0.9700
2026-06-06 14:48:07   Size: 5 contracts
2026-06-06 14:48:07   Value: $4.85
2026-06-06 14:48:07   Type: FAK (Fill-And-Kill)
2026-06-06 14:48:08 ORDER FAILED: PolyApiException[status_code=400, error_message={'error': 'not enough balance / allowance: the balance is not enough -> balance: 914302, order amount: 4860180'}]
2026-06-06 14:48:08   Elapsed: 291ms
2026-06-06 14:48:08 --------------------------------------------------
2026-06-06 14:48:08   Order rejected (API): PolyApiException[status_code=400, error_message={'error': 'not enough balance / allowance: the balance is not enough -> balance: 914302, order amount: 4860180'}]
2026-06-06 14:48:08 ATTEMPT 3/3
2026-06-06 14:48:08   Contracts bought so far: 0
2026-06-06 14:48:08   Remaining needed: 5
2026-06-06 14:48:08   Order size: 5
2026-06-06 14:48:08 --------------------------------------------------
2026-06-06 14:48:08 PLACING ORDER
2026-06-06 14:48:08   Token: 115540792827262414751044334912...
2026-06-06 14:48:08   Side: BUY
2026-06-06 14:48:08   Price: 0.9700
2026-06-06 14:48:08   Size: 5 contracts
2026-06-06 14:48:08   Value: $4.85
2026-06-06 14:48:08   Type: FAK (Fill-And-Kill)
2026-06-06 14:48:08 ORDER FAILED: PolyApiException[status_code=400, error_message={'error': 'not enough balance / allowance: the balance is not enough -> balance: 914302, order amount: 4860180'}]
2026-06-06 14:48:08   Elapsed: 267ms
2026-06-06 14:48:08 --------------------------------------------------
2026-06-06 14:48:08   Order rejected (API): PolyApiException[status_code=400, error_message={'error': 'not enough balance / allowance: the balance is not enough -> balance: 914302, order amount: 4860180'}]
2026-06-06 14:48:09   Total execution time: 1781ms
2026-06-06 14:48:09 ============================================================
2026-06-06 14:48:09 ENTRY EXECUTION COMPLETE
2026-06-06 14:48:09   Success: False
2026-06-06 14:48:09   Contracts Filled: 0/5
2026-06-06 14:48:09   Average Price: 0.0000
2026-06-06 14:48:09   Total Cost: $0.00
2026-06-06 14:48:09   Attempts: 3
2026-06-06 14:48:09   Total Time: 1781ms
2026-06-06 14:48:09   Error: PolyApiException[status_code=400, error_message={'error': 'not enough balance / allowance: the balance is not enough -> balance: 914302, order amount: 4860180'}]
2026-06-06 14:48:09   Fills: []
2026-06-06 14:48:09 ============================================================
2026-06-06 14:48:09 ============================================================
2026-06-06 14:48:09 ENTRY EXECUTION STARTED
2026-06-06 14:48:09   Timestamp: 2026-06-06T14:48:09.335690
2026-06-06 14:48:09   Token: 1155407928272624147510443349128286651613...
2026-06-06 14:48:09   Budget: $5
2026-06-06 14:48:09   Price Offset: 0.02
2026-06-06 14:48:09   Max Retries: 3
2026-06-06 14:48:09   Max Entry Price: 0.99
2026-06-06 14:48:09   WebSocket Price: 0.95
2026-06-06 14:48:09   Initial Price: 0.9500
2026-06-06 14:48:09   Contracts Needed: 5
2026-06-06 14:48:09   Estimated Cost: $4.75
2026-06-06 14:48:09 ----------------------------------------
2026-06-06 14:48:09   Order Price: 0.9700 (price + 0.02)
2026-06-06 14:48:09 ATTEMPT 1/3
2026-06-06 14:48:09   Contracts bought so far: 0
2026-06-06 14:48:09   Remaining needed: 5
2026-06-06 14:48:09   Order size: 5
2026-06-06 14:48:09 --------------------------------------------------
2026-06-06 14:48:09 PLACING ORDER
2026-06-06 14:48:09   Token: 115540792827262414751044334912...
2026-06-06 14:48:09   Side: BUY
2026-06-06 14:48:09   Price: 0.9700
2026-06-06 14:48:09   Size: 5 contracts
2026-06-06 14:48:09   Value: $4.85
2026-06-06 14:48:09   Type: FAK (Fill-And-Kill)
2026-06-06 14:48:09 ORDER FAILED: PolyApiException[status_code=400, error_message={'error': 'not enough balance / allowance: the balance is not enough -> balance: 914302, order amount: 4860180'}]
2026-06-06 14:48:09   Elapsed: 270ms
2026-06-06 14:48:09 --------------------------------------------------
2026-06-06 14:48:09   Order rejected (API): PolyApiException[status_code=400, error_message={'error': 'not enough balance / allowance: the balance is not enough -> balance: 914302, order amount: 4860180'}]
2026-06-06 14:48:09 ATTEMPT 2/3
2026-06-06 14:48:09   Contracts bought so far: 0
2026-06-06 14:48:09   Remaining needed: 5
2026-06-06 14:48:09   Order size: 5
2026-06-06 14:48:09 --------------------------------------------------
2026-06-06 14:48:09 PLACING ORDER
2026-06-06 14:48:09   Token: 115540792827262414751044334912...
2026-06-06 14:48:09   Side: BUY
2026-06-06 14:48:09   Price: 0.9700
2026-06-06 14:48:09   Size: 5 contracts
2026-06-06 14:48:09   Value: $4.85
2026-06-06 14:48:09   Type: FAK (Fill-And-Kill)
2026-06-06 14:48:10 ORDER FAILED: PolyApiException[status_code=400, error_message={'error': 'not enough balance / allowance: the balance is not enough -> balance: 914302, order amount: 4860180'}]
2026-06-06 14:48:10   Elapsed: 288ms
2026-06-06 14:48:10 --------------------------------------------------
2026-06-06 14:48:10   Order rejected (API): PolyApiException[status_code=400, error_message={'error': 'not enough balance / allowance: the balance is not enough -> balance: 914302, order amount: 4860180'}]
2026-06-06 14:48:10 ATTEMPT 3/3
2026-06-06 14:48:10   Contracts bought so far: 0
2026-06-06 14:48:10   Remaining needed: 5
2026-06-06 14:48:10   Order size: 5
2026-06-06 14:48:10 --------------------------------------------------
2026-06-06 14:48:10 PLACING ORDER
2026-06-06 14:48:10   Token: 115540792827262414751044334912...
2026-06-06 14:48:10   Side: BUY
2026-06-06 14:48:10   Price: 0.9700
2026-06-06 14:48:10   Size: 5 contracts
2026-06-06 14:48:10   Value: $4.85
2026-06-06 14:48:10   Type: FAK (Fill-And-Kill)
2026-06-06 14:48:10 ORDER FAILED: PolyApiException[status_code=400, error_message={'error': 'not enough balance / allowance: the balance is not enough -> balance: 914302, order amount: 4860180'}]
2026-06-06 14:48:10   Elapsed: 276ms
2026-06-06 14:48:10 --------------------------------------------------
2026-06-06 14:48:10   Order rejected (API): PolyApiException[status_code=400, error_message={'error': 'not enough balance / allowance: the balance is not enough -> balance: 914302, order amount: 4860180'}]
2026-06-06 14:48:11   Total execution time: 1752ms
2026-06-06 14:48:11 ============================================================
2026-06-06 14:48:11 ENTRY EXECUTION COMPLETE
2026-06-06 14:48:11   Success: False
2026-06-06 14:48:11   Contracts Filled: 0/5
2026-06-06 14:48:11   Average Price: 0.0000
2026-06-06 14:48:11   Total Cost: $0.00
2026-06-06 14:48:11   Attempts: 3
2026-06-06 14:48:11   Total Time: 1753ms
2026-06-06 14:48:11   Error: PolyApiException[status_code=400, error_message={'error': 'not enough balance / allowance: the balance is not enough -> balance: 914302, order amount: 4860180'}]
2026-06-06 14:48:11   Fills: []
2026-06-06 14:48:11 ============================================================
2026-06-06 14:48:11 ============================================================
2026-06-06 14:48:11 ENTRY EXECUTION STARTED
2026-06-06 14:48:11   Timestamp: 2026-06-06T14:48:11.115842
2026-06-06 14:48:11   Token: 1155407928272624147510443349128286651613...
2026-06-06 14:48:11   Budget: $5
2026-06-06 14:48:11   Price Offset: 0.02
2026-06-06 14:48:11   Max Retries: 3
2026-06-06 14:48:11   Max Entry Price: 0.99
2026-06-06 14:48:11   WebSocket Price: 0.94
2026-06-06 14:48:11   Initial Price: 0.9400
2026-06-06 14:48:11   Contracts Needed: 5
2026-06-06 14:48:11   Estimated Cost: $4.70
2026-06-06 14:48:11 ----------------------------------------
2026-06-06 14:48:11   Order Price: 0.9600 (price + 0.02)
2026-06-06 14:48:11 ATTEMPT 1/3
2026-06-06 14:48:11   Contracts bought so far: 0
2026-06-06 14:48:11   Remaining needed: 5
2026-06-06 14:48:11   Order size: 5
2026-06-06 14:48:11 --------------------------------------------------
2026-06-06 14:48:11 PLACING ORDER
2026-06-06 14:48:11   Token: 115540792827262414751044334912...
2026-06-06 14:48:11   Side: BUY
2026-06-06 14:48:11   Price: 0.9600
2026-06-06 14:48:11   Size: 5 contracts
2026-06-06 14:48:11   Value: $4.80
2026-06-06 14:48:11   Type: FAK (Fill-And-Kill)
2026-06-06 14:48:11 ORDER FAILED: PolyApiException[status_code=400, error_message={'error': 'not enough balance / allowance: the balance is not enough -> balance: 914302, order amount: 4813440'}]
2026-06-06 14:48:11   Elapsed: 272ms
2026-06-06 14:48:11 --------------------------------------------------
2026-06-06 14:48:11   Order rejected (API): PolyApiException[status_code=400, error_message={'error': 'not enough balance / allowance: the balance is not enough -> balance: 914302, order amount: 4813440'}]
2026-06-06 14:48:11 ATTEMPT 2/3
2026-06-06 14:48:11   Contracts bought so far: 0
2026-06-06 14:48:11   Remaining needed: 5
2026-06-06 14:48:11   Order size: 5
2026-06-06 14:48:11 --------------------------------------------------
2026-06-06 14:48:11 PLACING ORDER
2026-06-06 14:48:11   Token: 115540792827262414751044334912...
2026-06-06 14:48:11   Side: BUY
2026-06-06 14:48:11   Price: 0.9600
2026-06-06 14:48:11   Size: 5 contracts
2026-06-06 14:48:11   Value: $4.80
2026-06-06 14:48:11   Type: FAK (Fill-And-Kill)
2026-06-06 14:48:11 ORDER FAILED: PolyApiException[status_code=400, error_message={'error': 'not enough balance / allowance: the balance is not enough -> balance: 914302, order amount: 4813440'}]
2026-06-06 14:48:11   Elapsed: 298ms
2026-06-06 14:48:11 --------------------------------------------------
2026-06-06 14:48:11   Order rejected (API): PolyApiException[status_code=400, error_message={'error': 'not enough balance / allowance: the balance is not enough -> balance: 914302, order amount: 4813440'}]
2026-06-06 14:48:12 ATTEMPT 3/3
2026-06-06 14:48:12   Contracts bought so far: 0
2026-06-06 14:48:12   Remaining needed: 5
2026-06-06 14:48:12   Order size: 5
2026-06-06 14:48:12 --------------------------------------------------
2026-06-06 14:48:12 PLACING ORDER
2026-06-06 14:48:12   Token: 115540792827262414751044334912...
2026-06-06 14:48:12   Side: BUY
2026-06-06 14:48:12   Price: 0.9600
2026-06-06 14:48:12   Size: 5 contracts
2026-06-06 14:48:12   Value: $4.80
2026-06-06 14:48:12   Type: FAK (Fill-And-Kill)
2026-06-06 14:48:12 ORDER FAILED: PolyApiException[status_code=400, error_message={'error': 'not enough balance / allowance: the balance is not enough -> balance: 914302, order amount: 4813440'}]
2026-06-06 14:48:12   Elapsed: 292ms
2026-06-06 14:48:12 --------------------------------------------------
2026-06-06 14:48:12   Order rejected (API): PolyApiException[status_code=400, error_message={'error': 'not enough balance / allowance: the balance is not enough -> balance: 914302, order amount: 4813440'}]
2026-06-06 14:48:12   Total execution time: 1769ms
2026-06-06 14:48:12 ============================================================
2026-06-06 14:48:12 ENTRY EXECUTION COMPLETE
2026-06-06 14:48:12   Success: False
2026-06-06 14:48:12   Contracts Filled: 0/5
2026-06-06 14:48:12   Average Price: 0.0000
2026-06-06 14:48:12   Total Cost: $0.00
2026-06-06 14:48:12   Attempts: 3
2026-06-06 14:48:12   Total Time: 1770ms
2026-06-06 14:48:12   Error: PolyApiException[status_code=400, error_message={'error': 'not enough balance / allowance: the balance is not enough -> balance: 914302, order amount: 4813440'}]
2026-06-06 14:48:12   Fills: []
2026-06-06 14:48:12 ============================================================
2026-06-06 14:48:18 ============================================================
2026-06-06 14:48:18 ENTRY EXECUTION STARTED
2026-06-06 14:48:18   Timestamp: 2026-06-06T14:48:18.765022
2026-06-06 14:48:18   Token: 1155407928272624147510443349128286651613...
2026-06-06 14:48:18   Budget: $5
2026-06-06 14:48:18   Price Offset: 0.02
2026-06-06 14:48:18   Max Retries: 3
2026-06-06 14:48:18   Max Entry Price: 0.99
2026-06-06 14:48:18   WebSocket Price: 0.96
2026-06-06 14:48:18   Initial Price: 0.9600
2026-06-06 14:48:18   Contracts Needed: 5
2026-06-06 14:48:18   Estimated Cost: $4.80
2026-06-06 14:48:18 ----------------------------------------
2026-06-06 14:48:18   Order Price: 0.9800 (price + 0.02)
2026-06-06 14:48:18 ATTEMPT 1/3
2026-06-06 14:48:18   Contracts bought so far: 0
2026-06-06 14:48:18   Remaining needed: 5
2026-06-06 14:48:18   Order size: 5
2026-06-06 14:48:18 --------------------------------------------------
2026-06-06 14:48:18 PLACING ORDER
2026-06-06 14:48:18   Token: 115540792827262414751044334912...
2026-06-06 14:48:18   Side: BUY
2026-06-06 14:48:18   Price: 0.9800
2026-06-06 14:48:18   Size: 5 contracts
2026-06-06 14:48:18   Value: $4.90
2026-06-06 14:48:18   Type: FAK (Fill-And-Kill)
2026-06-06 14:48:19 ORDER FAILED: PolyApiException[status_code=400, error_message={'error': 'not enough balance / allowance: the balance is not enough -> balance: 914302, order amount: 4906860'}]
2026-06-06 14:48:19   Elapsed: 405ms
2026-06-06 14:48:19 --------------------------------------------------
2026-06-06 14:48:19   Order rejected (API): PolyApiException[status_code=400, error_message={'error': 'not enough balance / allowance: the balance is not enough -> balance: 914302, order amount: 4906860'}]
2026-06-06 14:48:19 ATTEMPT 2/3
2026-06-06 14:48:19   Contracts bought so far: 0
2026-06-06 14:48:19   Remaining needed: 5
2026-06-06 14:48:19   Order size: 5
2026-06-06 14:48:19 --------------------------------------------------
2026-06-06 14:48:19 PLACING ORDER
2026-06-06 14:48:19   Token: 115540792827262414751044334912...
2026-06-06 14:48:19   Side: BUY
2026-06-06 14:48:19   Price: 0.9800
2026-06-06 14:48:19   Size: 5 contracts
2026-06-06 14:48:19   Value: $4.90
2026-06-06 14:48:19   Type: FAK (Fill-And-Kill)
2026-06-06 14:48:19 ORDER FAILED: PolyApiException[status_code=400, error_message={'error': 'not enough balance / allowance: the balance is not enough -> balance: 914302, order amount: 4906860'}]
2026-06-06 14:48:19   Elapsed: 265ms
2026-06-06 14:48:19 --------------------------------------------------
2026-06-06 14:48:19   Order rejected (API): PolyApiException[status_code=400, error_message={'error': 'not enough balance / allowance: the balance is not enough -> balance: 914302, order amount: 4906860'}]
2026-06-06 14:48:20 ATTEMPT 3/3
2026-06-06 14:48:20   Contracts bought so far: 0
2026-06-06 14:48:20   Remaining needed: 5
2026-06-06 14:48:20   Order size: 5
2026-06-06 14:48:20 --------------------------------------------------
2026-06-06 14:48:20 PLACING ORDER
2026-06-06 14:48:20   Token: 115540792827262414751044334912...
2026-06-06 14:48:20   Side: BUY
2026-06-06 14:48:20   Price: 0.9800
2026-06-06 14:48:20   Size: 5 contracts
2026-06-06 14:48:20   Value: $4.90
2026-06-06 14:48:20   Type: FAK (Fill-And-Kill)
2026-06-06 14:48:20 ORDER FAILED: PolyApiException[status_code=400, error_message={'error': 'not enough balance / allowance: the balance is not enough -> balance: 914302, order amount: 4906860'}]
2026-06-06 14:48:20   Elapsed: 273ms
2026-06-06 14:48:20 --------------------------------------------------
2026-06-06 14:48:20   Order rejected (API): PolyApiException[status_code=400, error_message={'error': 'not enough balance / allowance: the balance is not enough -> balance: 914302, order amount: 4906860'}]
2026-06-06 14:48:20   Total execution time: 1867ms
2026-06-06 14:48:20 ============================================================
2026-06-06 14:48:20 ENTRY EXECUTION COMPLETE
2026-06-06 14:48:20   Success: False
2026-06-06 14:48:20   Contracts Filled: 0/5
2026-06-06 14:48:20   Average Price: 0.0000
2026-06-06 14:48:20   Total Cost: $0.00
2026-06-06 14:48:20   Attempts: 3
2026-06-06 14:48:20   Total Time: 1867ms
2026-06-06 14:48:20   Error: PolyApiException[status_code=400, error_message={'error': 'not enough balance / allowance: the balance is not enough -> balance: 914302, order amount: 4906860'}]
2026-06-06 14:48:20   Fills: []
2026-06-06 14:48:20 ============================================================
2026-06-06 14:48:20 ============================================================
2026-06-06 14:48:20 ENTRY EXECUTION STARTED
2026-06-06 14:48:20   Timestamp: 2026-06-06T14:48:20.813636
2026-06-06 14:48:20   Token: 1155407928272624147510443349128286651613...
2026-06-06 14:48:20   Budget: $5
2026-06-06 14:48:20   Price Offset: 0.02
2026-06-06 14:48:20   Max Retries: 3
2026-06-06 14:48:20   Max Entry Price: 0.99
2026-06-06 14:48:20   WebSocket Price: 0.96
2026-06-06 14:48:20   Initial Price: 0.9600
2026-06-06 14:48:20   Contracts Needed: 5
2026-06-06 14:48:20   Estimated Cost: $4.80
2026-06-06 14:48:20 ----------------------------------------
2026-06-06 14:48:20   Order Price: 0.9800 (price + 0.02)
2026-06-06 14:48:20 ATTEMPT 1/3
2026-06-06 14:48:20   Contracts bought so far: 0
2026-06-06 14:48:20   Remaining needed: 5
2026-06-06 14:48:20   Order size: 5
2026-06-06 14:48:20 --------------------------------------------------
2026-06-06 14:48:20 PLACING ORDER
2026-06-06 14:48:20   Token: 115540792827262414751044334912...
2026-06-06 14:48:20   Side: BUY
2026-06-06 14:48:20   Price: 0.9800
2026-06-06 14:48:20   Size: 5 contracts
2026-06-06 14:48:20   Value: $4.90
2026-06-06 14:48:20   Type: FAK (Fill-And-Kill)
2026-06-06 14:48:21 ORDER FAILED: PolyApiException[status_code=400, error_message={'error': 'not enough balance / allowance: the balance is not enough -> balance: 914302, order amount: 4906860'}]
2026-06-06 14:48:21   Elapsed: 267ms
2026-06-06 14:48:21 --------------------------------------------------
2026-06-06 14:48:21   Order rejected (API): PolyApiException[status_code=400, error_message={'error': 'not enough balance / allowance: the balance is not enough -> balance: 914302, order amount: 4906860'}]
2026-06-06 14:48:21 ATTEMPT 2/3
2026-06-06 14:48:21   Contracts bought so far: 0
2026-06-06 14:48:21   Remaining needed: 5
2026-06-06 14:48:21   Order size: 5
2026-06-06 14:48:21 --------------------------------------------------
2026-06-06 14:48:21 PLACING ORDER
2026-06-06 14:48:21   Token: 115540792827262414751044334912...
2026-06-06 14:48:21   Side: BUY
2026-06-06 14:48:21   Price: 0.9800
2026-06-06 14:48:21   Size: 5 contracts
2026-06-06 14:48:21   Value: $4.90
2026-06-06 14:48:21   Type: FAK (Fill-And-Kill)
2026-06-06 14:48:21 ORDER FAILED: PolyApiException[status_code=400, error_message={'error': 'not enough balance / allowance: the balance is not enough -> balance: 914302, order amount: 4906860'}]
2026-06-06 14:48:21   Elapsed: 265ms
2026-06-06 14:48:21 --------------------------------------------------
2026-06-06 14:48:21   Order rejected (API): PolyApiException[status_code=400, error_message={'error': 'not enough balance / allowance: the balance is not enough -> balance: 914302, order amount: 4906860'}]
2026-06-06 14:48:21 ATTEMPT 3/3
2026-06-06 14:48:21   Contracts bought so far: 0
2026-06-06 14:48:21   Remaining needed: 5
2026-06-06 14:48:21   Order size: 5
2026-06-06 14:48:21 --------------------------------------------------
2026-06-06 14:48:21 PLACING ORDER
2026-06-06 14:48:21   Token: 115540792827262414751044334912...
2026-06-06 14:48:21   Side: BUY
2026-06-06 14:48:21   Price: 0.9800
2026-06-06 14:48:21   Size: 5 contracts
2026-06-06 14:48:21   Value: $4.90
2026-06-06 14:48:21   Type: FAK (Fill-And-Kill)
2026-06-06 14:48:22 ORDER FAILED: PolyApiException[status_code=400, error_message={'error': 'not enough balance / allowance: the balance is not enough -> balance: 914302, order amount: 4906860'}]
2026-06-06 14:48:22   Elapsed: 266ms
2026-06-06 14:48:22 --------------------------------------------------
2026-06-06 14:48:22   Order rejected (API): PolyApiException[status_code=400, error_message={'error': 'not enough balance / allowance: the balance is not enough -> balance: 914302, order amount: 4906860'}]
2026-06-06 14:48:22   Total execution time: 1727ms
2026-06-06 14:48:22 ============================================================
2026-06-06 14:48:22 ENTRY EXECUTION COMPLETE
2026-06-06 14:48:22   Success: False
2026-06-06 14:48:22   Contracts Filled: 0/5
2026-06-06 14:48:22   Average Price: 0.0000
2026-06-06 14:48:22   Total Cost: $0.00
2026-06-06 14:48:22   Attempts: 3
2026-06-06 14:48:22   Total Time: 1727ms
2026-06-06 14:48:22   Error: PolyApiException[status_code=400, error_message={'error': 'not enough balance / allowance: the balance is not enough -> balance: 914302, order amount: 4906860'}]
2026-06-06 14:48:22   Fills: []
2026-06-06 14:48:22 ============================================================
2026-06-06 14:48:22 ============================================================
2026-06-06 14:48:22 ENTRY EXECUTION STARTED
2026-06-06 14:48:22   Timestamp: 2026-06-06T14:48:22.581453
2026-06-06 14:48:22   Token: 1155407928272624147510443349128286651613...
2026-06-06 14:48:22   Budget: $5
2026-06-06 14:48:22   Price Offset: 0.02
2026-06-06 14:48:22   Max Retries: 3
2026-06-06 14:48:22   Max Entry Price: 0.99
2026-06-06 14:48:22   WebSocket Price: 0.97
2026-06-06 14:48:22   Initial Price: 0.9700
2026-06-06 14:48:22   Contracts Needed: 5
2026-06-06 14:48:22   Estimated Cost: $4.85
2026-06-06 14:48:22 ----------------------------------------
2026-06-06 14:48:22   Order Price: 0.9900 (price + 0.02)
2026-06-06 14:48:22 ATTEMPT 1/3
2026-06-06 14:48:22   Contracts bought so far: 0
2026-06-06 14:48:22   Remaining needed: 5
2026-06-06 14:48:22   Order size: 5
2026-06-06 14:48:22 --------------------------------------------------
2026-06-06 14:48:22 PLACING ORDER
2026-06-06 14:48:22   Token: 115540792827262414751044334912...
2026-06-06 14:48:22   Side: BUY
2026-06-06 14:48:22   Price: 0.9900
2026-06-06 14:48:22   Size: 5 contracts
2026-06-06 14:48:22   Value: $4.95
2026-06-06 14:48:22   Type: FAK (Fill-And-Kill)
2026-06-06 14:48:22 ORDER FAILED: PolyApiException[status_code=400, error_message={'error': 'not enough balance / allowance: the balance is not enough -> balance: 914302, order amount: 4953460'}]
2026-06-06 14:48:22   Elapsed: 262ms
2026-06-06 14:48:22 --------------------------------------------------
2026-06-06 14:48:22   Order rejected (API): PolyApiException[status_code=400, error_message={'error': 'not enough balance / allowance: the balance is not enough -> balance: 914302, order amount: 4953460'}]
2026-06-06 14:48:23 ATTEMPT 2/3
2026-06-06 14:48:23   Contracts bought so far: 0
2026-06-06 14:48:23   Remaining needed: 5
2026-06-06 14:48:23   Order size: 5
2026-06-06 14:48:23 --------------------------------------------------
2026-06-06 14:48:23 PLACING ORDER
2026-06-06 14:48:23   Token: 115540792827262414751044334912...
2026-06-06 14:48:23   Side: BUY
2026-06-06 14:48:23   Price: 0.9900
2026-06-06 14:48:23   Size: 5 contracts
2026-06-06 14:48:23   Value: $4.95
2026-06-06 14:48:23   Type: FAK (Fill-And-Kill)
2026-06-06 14:48:23 ORDER FAILED: PolyApiException[status_code=400, error_message={'error': 'not enough balance / allowance: the balance is not enough -> balance: 914302, order amount: 4953460'}]
2026-06-06 14:48:23   Elapsed: 274ms
2026-06-06 14:48:23 --------------------------------------------------
2026-06-06 14:48:23   Order rejected (API): PolyApiException[status_code=400, error_message={'error': 'not enough balance / allowance: the balance is not enough -> balance: 914302, order amount: 4953460'}]
2026-06-06 14:48:23 ATTEMPT 3/3
2026-06-06 14:48:23   Contracts bought so far: 0
2026-06-06 14:48:23   Remaining needed: 5
2026-06-06 14:48:23   Order size: 5
2026-06-06 14:48:23 --------------------------------------------------
2026-06-06 14:48:23 PLACING ORDER
2026-06-06 14:48:23   Token: 115540792827262414751044334912...
2026-06-06 14:48:23   Side: BUY
2026-06-06 14:48:23   Price: 0.9900
2026-06-06 14:48:23   Size: 5 contracts
2026-06-06 14:48:23   Value: $4.95
2026-06-06 14:48:23   Type: FAK (Fill-And-Kill)
2026-06-06 14:48:24 ORDER FAILED: PolyApiException[status_code=400, error_message={'error': 'not enough balance / allowance: the balance is not enough -> balance: 914302, order amount: 4953460'}]
2026-06-06 14:48:24   Elapsed: 275ms
2026-06-06 14:48:24 --------------------------------------------------
2026-06-06 14:48:24   Order rejected (API): PolyApiException[status_code=400, error_message={'error': 'not enough balance / allowance: the balance is not enough -> balance: 914302, order amount: 4953460'}]
2026-06-06 14:48:24   Total execution time: 1724ms
2026-06-06 14:48:24 ============================================================
2026-06-06 14:48:24 ENTRY EXECUTION COMPLETE
2026-06-06 14:48:24   Success: False
2026-06-06 14:48:24   Contracts Filled: 0/5
2026-06-06 14:48:24   Average Price: 0.0000
2026-06-06 14:48:24   Total Cost: $0.00
2026-06-06 14:48:24   Attempts: 3
2026-06-06 14:48:24   Total Time: 1724ms
2026-06-06 14:48:24   Error: PolyApiException[status_code=400, error_message={'error': 'not enough balance / allowance: the balance is not enough -> balance: 914302, order amount: 4953460'}]
2026-06-06 14:48:24   Fills: []
2026-06-06 14:48:24 ============================================================
2026-06-06 14:48:24 ============================================================
2026-06-06 14:48:24 ENTRY EXECUTION STARTED
2026-06-06 14:48:24   Timestamp: 2026-06-06T14:48:24.355928
2026-06-06 14:48:24   Token: 1155407928272624147510443349128286651613...
2026-06-06 14:48:24   Budget: $5
2026-06-06 14:48:24   Price Offset: 0.02
2026-06-06 14:48:24   Max Retries: 3
2026-06-06 14:48:24   Max Entry Price: 0.99
2026-06-06 14:48:24   WebSocket Price: 0.97
2026-06-06 14:48:24   Initial Price: 0.9700
2026-06-06 14:48:24   Contracts Needed: 5
2026-06-06 14:48:24   Estimated Cost: $4.85
2026-06-06 14:48:24 ----------------------------------------
2026-06-06 14:48:24   Order Price: 0.9900 (price + 0.02)
2026-06-06 14:48:24 ATTEMPT 1/3
2026-06-06 14:48:24   Contracts bought so far: 0
2026-06-06 14:48:24   Remaining needed: 5
2026-06-06 14:48:24   Order size: 5
2026-06-06 14:48:24 --------------------------------------------------
2026-06-06 14:48:24 PLACING ORDER
2026-06-06 14:48:24   Token: 115540792827262414751044334912...
2026-06-06 14:48:24   Side: BUY
2026-06-06 14:48:24   Price: 0.9900
2026-06-06 14:48:24   Size: 5 contracts
2026-06-06 14:48:24   Value: $4.95
2026-06-06 14:48:24   Type: FAK (Fill-And-Kill)
2026-06-06 14:48:24 ORDER FAILED: PolyApiException[status_code=400, error_message={'error': 'not enough balance / allowance: the balance is not enough -> balance: 914302, order amount: 4953460'}]
2026-06-06 14:48:24   Elapsed: 270ms
2026-06-06 14:48:24 --------------------------------------------------
2026-06-06 14:48:24   Order rejected (API): PolyApiException[status_code=400, error_message={'error': 'not enough balance / allowance: the balance is not enough -> balance: 914302, order amount: 4953460'}]
2026-06-06 14:48:24 ATTEMPT 2/3
2026-06-06 14:48:24   Contracts bought so far: 0
2026-06-06 14:48:24   Remaining needed: 5
2026-06-06 14:48:24   Order size: 5
2026-06-06 14:48:24 --------------------------------------------------
2026-06-06 14:48:24 PLACING ORDER
2026-06-06 14:48:24   Token: 115540792827262414751044334912...
2026-06-06 14:48:24   Side: BUY
2026-06-06 14:48:24   Price: 0.9900
2026-06-06 14:48:24   Size: 5 contracts
2026-06-06 14:48:24   Value: $4.95
2026-06-06 14:48:24   Type: FAK (Fill-And-Kill)
2026-06-06 14:48:25 ORDER FAILED: PolyApiException[status_code=400, error_message={'error': 'not enough balance / allowance: the balance is not enough -> balance: 914302, order amount: 4953460'}]
2026-06-06 14:48:25   Elapsed: 262ms
2026-06-06 14:48:25 --------------------------------------------------
2026-06-06 14:48:25   Order rejected (API): PolyApiException[status_code=400, error_message={'error': 'not enough balance / allowance: the balance is not enough -> balance: 914302, order amount: 4953460'}]
2026-06-06 14:48:25 ATTEMPT 3/3
2026-06-06 14:48:25   Contracts bought so far: 0
2026-06-06 14:48:25   Remaining needed: 5
2026-06-06 14:48:25   Order size: 5
2026-06-06 14:48:25 --------------------------------------------------
2026-06-06 14:48:25 PLACING ORDER
2026-06-06 14:48:25   Token: 115540792827262414751044334912...
2026-06-06 14:48:25   Side: BUY
2026-06-06 14:48:25   Price: 0.9900
2026-06-06 14:48:25   Size: 5 contracts
2026-06-06 14:48:25   Value: $4.95
2026-06-06 14:48:25   Type: FAK (Fill-And-Kill)
2026-06-06 14:48:25 ORDER FAILED: PolyApiException[status_code=400, error_message={'error': 'not enough balance / allowance: the balance is not enough -> balance: 914302, order amount: 4953460'}]
2026-06-06 14:48:25   Elapsed: 278ms
2026-06-06 14:48:25 --------------------------------------------------
2026-06-06 14:48:25   Order rejected (API): PolyApiException[status_code=400, error_message={'error': 'not enough balance / allowance: the balance is not enough -> balance: 914302, order amount: 4953460'}]
2026-06-06 14:48:26   Total execution time: 1728ms
2026-06-06 14:48:26 ============================================================
2026-06-06 14:48:26 ENTRY EXECUTION COMPLETE
2026-06-06 14:48:26   Success: False
2026-06-06 14:48:26   Contracts Filled: 0/5
2026-06-06 14:48:26   Average Price: 0.0000
2026-06-06 14:48:26   Total Cost: $0.00
2026-06-06 14:48:26   Attempts: 3
2026-06-06 14:48:26   Total Time: 1728ms
2026-06-06 14:48:26   Error: PolyApiException[status_code=400, error_message={'error': 'not enough balance / allowance: the balance is not enough -> balance: 914302, order amount: 4953460'}]
2026-06-06 14:48:26   Fills: []
2026-06-06 14:48:26 ============================================================
2026-06-06 14:48:26 ============================================================
2026-06-06 14:48:26 ENTRY EXECUTION STARTED
2026-06-06 14:48:26   Timestamp: 2026-06-06T14:48:26.142895
2026-06-06 14:48:26   Token: 1155407928272624147510443349128286651613...
2026-06-06 14:48:26   Budget: $5
2026-06-06 14:48:26   Price Offset: 0.02
2026-06-06 14:48:26   Max Retries: 3
2026-06-06 14:48:26   Max Entry Price: 0.99
2026-06-06 14:48:26   WebSocket Price: 0.97
2026-06-06 14:48:26   Initial Price: 0.9700
2026-06-06 14:48:26   Contracts Needed: 5
2026-06-06 14:48:26   Estimated Cost: $4.85
2026-06-06 14:48:26 ----------------------------------------
2026-06-06 14:48:26   Order Price: 0.9900 (price + 0.02)
2026-06-06 14:48:26 ATTEMPT 1/3
2026-06-06 14:48:26   Contracts bought so far: 0
2026-06-06 14:48:26   Remaining needed: 5
2026-06-06 14:48:26   Order size: 5
2026-06-06 14:48:26 --------------------------------------------------
2026-06-06 14:48:26 PLACING ORDER
2026-06-06 14:48:26   Token: 115540792827262414751044334912...
2026-06-06 14:48:26   Side: BUY
2026-06-06 14:48:26   Price: 0.9900
2026-06-06 14:48:26   Size: 5 contracts
2026-06-06 14:48:26   Value: $4.95
2026-06-06 14:48:26   Type: FAK (Fill-And-Kill)
2026-06-06 14:48:26 ORDER FAILED: PolyApiException[status_code=400, error_message={'error': 'not enough balance / allowance: the balance is not enough -> balance: 914302, order amount: 4953460'}]
2026-06-06 14:48:26   Elapsed: 276ms
2026-06-06 14:48:26 --------------------------------------------------
2026-06-06 14:48:26   Order rejected (API): PolyApiException[status_code=400, error_message={'error': 'not enough balance / allowance: the balance is not enough -> balance: 914302, order amount: 4953460'}]
2026-06-06 14:48:26 ATTEMPT 2/3
2026-06-06 14:48:26   Contracts bought so far: 0
2026-06-06 14:48:26   Remaining needed: 5
2026-06-06 14:48:26   Order size: 5
2026-06-06 14:48:26 --------------------------------------------------
2026-06-06 14:48:26 PLACING ORDER
2026-06-06 14:48:26   Token: 115540792827262414751044334912...
2026-06-06 14:48:26   Side: BUY
2026-06-06 14:48:26   Price: 0.9900
2026-06-06 14:48:26   Size: 5 contracts
2026-06-06 14:48:26   Value: $4.95
2026-06-06 14:48:26   Type: FAK (Fill-And-Kill)
2026-06-06 14:48:27 ORDER FAILED: PolyApiException[status_code=400, error_message={'error': 'not enough balance / allowance: the balance is not enough -> balance: 914302, order amount: 4953460'}]
2026-06-06 14:48:27   Elapsed: 298ms
2026-06-06 14:48:27 --------------------------------------------------
2026-06-06 14:48:27   Order rejected (API): PolyApiException[status_code=400, error_message={'error': 'not enough balance / allowance: the balance is not enough -> balance: 914302, order amount: 4953460'}]
2026-06-06 14:48:27 ATTEMPT 3/3
2026-06-06 14:48:27   Contracts bought so far: 0
2026-06-06 14:48:27   Remaining needed: 5
2026-06-06 14:48:27   Order size: 5
2026-06-06 14:48:27 --------------------------------------------------
2026-06-06 14:48:27 PLACING ORDER
2026-06-06 14:48:27   Token: 115540792827262414751044334912...
2026-06-06 14:48:27   Side: BUY
2026-06-06 14:48:27   Price: 0.9900
2026-06-06 14:48:27   Size: 5 contracts
2026-06-06 14:48:27   Value: $4.95
2026-06-06 14:48:27   Type: FAK (Fill-And-Kill)
2026-06-06 14:48:27 ORDER FAILED: PolyApiException[status_code=400, error_message={'error': 'not enough balance / allowance: the balance is not enough -> balance: 914302, order amount: 4953460'}]
2026-06-06 14:48:27   Elapsed: 266ms
2026-06-06 14:48:27 --------------------------------------------------
2026-06-06 14:48:27   Order rejected (API): PolyApiException[status_code=400, error_message={'error': 'not enough balance / allowance: the balance is not enough -> balance: 914302, order amount: 4953460'}]
2026-06-06 14:48:27   Total execution time: 1765ms
2026-06-06 14:48:27 ============================================================
2026-06-06 14:48:27 ENTRY EXECUTION COMPLETE
2026-06-06 14:48:27   Success: False
2026-06-06 14:48:27   Contracts Filled: 0/5
2026-06-06 14:48:27   Average Price: 0.0000
2026-06-06 14:48:27   Total Cost: $0.00
2026-06-06 14:48:27   Attempts: 3
2026-06-06 14:48:27   Total Time: 1765ms
2026-06-06 14:48:27   Error: PolyApiException[status_code=400, error_message={'error': 'not enough balance / allowance: the balance is not enough -> balance: 914302, order amount: 4953460'}]
2026-06-06 14:48:27   Fills: []
2026-06-06 14:48:27 ============================================================
2026-06-06 14:48:27 ============================================================
2026-06-06 14:48:27 ENTRY EXECUTION STARTED
2026-06-06 14:48:27   Timestamp: 2026-06-06T14:48:27.914287
2026-06-06 14:48:27   Token: 1155407928272624147510443349128286651613...
2026-06-06 14:48:27   Budget: $5
2026-06-06 14:48:27   Price Offset: 0.02
2026-06-06 14:48:27   Max Retries: 3
2026-06-06 14:48:27   Max Entry Price: 0.99
2026-06-06 14:48:27   WebSocket Price: 0.97
2026-06-06 14:48:27   Initial Price: 0.9700
2026-06-06 14:48:27   Contracts Needed: 5
2026-06-06 14:48:27   Estimated Cost: $4.85
2026-06-06 14:48:27 ----------------------------------------
2026-06-06 14:48:27   Order Price: 0.9900 (price + 0.02)
2026-06-06 14:48:27 ATTEMPT 1/3
2026-06-06 14:48:27   Contracts bought so far: 0
2026-06-06 14:48:27   Remaining needed: 5
2026-06-06 14:48:27   Order size: 5
2026-06-06 14:48:27 --------------------------------------------------
2026-06-06 14:48:27 PLACING ORDER
2026-06-06 14:48:27   Token: 115540792827262414751044334912...
2026-06-06 14:48:27   Side: BUY
2026-06-06 14:48:27   Price: 0.9900
2026-06-06 14:48:27   Size: 5 contracts
2026-06-06 14:48:27   Value: $4.95
2026-06-06 14:48:27   Type: FAK (Fill-And-Kill)
2026-06-06 14:48:28 ORDER FAILED: PolyApiException[status_code=400, error_message={'error': 'not enough balance / allowance: the balance is not enough -> balance: 914302, order amount: 4953460'}]
2026-06-06 14:48:28   Elapsed: 274ms
2026-06-06 14:48:28 --------------------------------------------------
2026-06-06 14:48:28   Order rejected (API): PolyApiException[status_code=400, error_message={'error': 'not enough balance / allowance: the balance is not enough -> balance: 914302, order amount: 4953460'}]
2026-06-06 14:48:28 ATTEMPT 2/3
2026-06-06 14:48:28   Contracts bought so far: 0
2026-06-06 14:48:28   Remaining needed: 5
2026-06-06 14:48:28   Order size: 5
2026-06-06 14:48:28 --------------------------------------------------
2026-06-06 14:48:28 PLACING ORDER
2026-06-06 14:48:28   Token: 115540792827262414751044334912...
2026-06-06 14:48:28   Side: BUY
2026-06-06 14:48:28   Price: 0.9900
2026-06-06 14:48:28   Size: 5 contracts
2026-06-06 14:48:28   Value: $4.95
2026-06-06 14:48:28   Type: FAK (Fill-And-Kill)
2026-06-06 14:48:28 ORDER FAILED: PolyApiException[status_code=400, error_message={'error': 'not enough balance / allowance: the balance is not enough -> balance: 914302, order amount: 4953460'}]
2026-06-06 14:48:28   Elapsed: 257ms
2026-06-06 14:48:28 --------------------------------------------------
2026-06-06 14:48:28   Order rejected (API): PolyApiException[status_code=400, error_message={'error': 'not enough balance / allowance: the balance is not enough -> balance: 914302, order amount: 4953460'}]
2026-06-06 14:48:29 ATTEMPT 3/3
2026-06-06 14:48:29   Contracts bought so far: 0
2026-06-06 14:48:29   Remaining needed: 5
2026-06-06 14:48:29   Order size: 5
2026-06-06 14:48:29 --------------------------------------------------
2026-06-06 14:48:29 PLACING ORDER
2026-06-06 14:48:29   Token: 115540792827262414751044334912...
2026-06-06 14:48:29   Side: BUY
2026-06-06 14:48:29   Price: 0.9900
2026-06-06 14:48:29   Size: 5 contracts
2026-06-06 14:48:29   Value: $4.95
2026-06-06 14:48:29   Type: FAK (Fill-And-Kill)
2026-06-06 14:48:29 ORDER FAILED: PolyApiException[status_code=400, error_message={'error': 'not enough balance / allowance: the balance is not enough -> balance: 914302, order amount: 4953460'}]
2026-06-06 14:48:29   Elapsed: 274ms
2026-06-06 14:48:29 --------------------------------------------------
2026-06-06 14:48:29   Order rejected (API): PolyApiException[status_code=400, error_message={'error': 'not enough balance / allowance: the balance is not enough -> balance: 914302, order amount: 4953460'}]
2026-06-06 14:48:29   Total execution time: 1723ms
2026-06-06 14:48:29 ============================================================
2026-06-06 14:48:29 ENTRY EXECUTION COMPLETE
2026-06-06 14:48:29   Success: False
2026-06-06 14:48:29   Contracts Filled: 0/5
2026-06-06 14:48:29   Average Price: 0.0000
2026-06-06 14:48:29   Total Cost: $0.00
2026-06-06 14:48:29   Attempts: 3
2026-06-06 14:48:29   Total Time: 1723ms
2026-06-06 14:48:29   Error: PolyApiException[status_code=400, error_message={'error': 'not enough balance / allowance: the balance is not enough -> balance: 914302, order amount: 4953460'}]
2026-06-06 14:48:29   Fills: []
2026-06-06 14:48:29 ============================================================
2026-06-06 14:48:29 ============================================================
2026-06-06 14:48:29 ENTRY EXECUTION STARTED
2026-06-06 14:48:29   Timestamp: 2026-06-06T14:48:29.710035
2026-06-06 14:48:29   Token: 1155407928272624147510443349128286651613...
2026-06-06 14:48:29   Budget: $5
2026-06-06 14:48:29   Price Offset: 0.02
2026-06-06 14:48:29   Max Retries: 3
2026-06-06 14:48:29   Max Entry Price: 0.99
2026-06-06 14:48:29   WebSocket Price: 0.97
2026-06-06 14:48:29   Initial Price: 0.9700
2026-06-06 14:48:29   Contracts Needed: 5
2026-06-06 14:48:29   Estimated Cost: $4.85
2026-06-06 14:48:29 ----------------------------------------
2026-06-06 14:48:29   Order Price: 0.9900 (price + 0.02)
2026-06-06 14:48:29 ATTEMPT 1/3
2026-06-06 14:48:29   Contracts bought so far: 0
2026-06-06 14:48:29   Remaining needed: 5
2026-06-06 14:48:29   Order size: 5
2026-06-06 14:48:29 --------------------------------------------------
2026-06-06 14:48:29 PLACING ORDER
2026-06-06 14:48:29   Token: 115540792827262414751044334912...
2026-06-06 14:48:29   Side: BUY
2026-06-06 14:48:29   Price: 0.9900
2026-06-06 14:48:29   Size: 5 contracts
2026-06-06 14:48:29   Value: $4.95
2026-06-06 14:48:29   Type: FAK (Fill-And-Kill)
2026-06-06 14:48:29 ORDER FAILED: PolyApiException[status_code=400, error_message={'error': 'not enough balance / allowance: the balance is not enough -> balance: 914302, order amount: 4953460'}]
2026-06-06 14:48:29   Elapsed: 268ms
2026-06-06 14:48:29 --------------------------------------------------
2026-06-06 14:48:29   Order rejected (API): PolyApiException[status_code=400, error_message={'error': 'not enough balance / allowance: the balance is not enough -> balance: 914302, order amount: 4953460'}]
2026-06-06 14:48:30 ATTEMPT 2/3
2026-06-06 14:48:30   Contracts bought so far: 0
2026-06-06 14:48:30   Remaining needed: 5
2026-06-06 14:48:30   Order size: 5
2026-06-06 14:48:30 --------------------------------------------------
2026-06-06 14:48:30 PLACING ORDER
2026-06-06 14:48:30   Token: 115540792827262414751044334912...
2026-06-06 14:48:30   Side: BUY
2026-06-06 14:48:30   Price: 0.9900
2026-06-06 14:48:30   Size: 5 contracts
2026-06-06 14:48:30   Value: $4.95
2026-06-06 14:48:30   Type: FAK (Fill-And-Kill)
2026-06-06 14:48:30 ORDER FAILED: PolyApiException[status_code=400, error_message={'error': 'not enough balance / allowance: the balance is not enough -> balance: 914302, order amount: 4953460'}]
2026-06-06 14:48:30   Elapsed: 258ms
2026-06-06 14:48:30 --------------------------------------------------
2026-06-06 14:48:30   Order rejected (API): PolyApiException[status_code=400, error_message={'error': 'not enough balance / allowance: the balance is not enough -> balance: 914302, order amount: 4953460'}]
2026-06-06 14:48:30 ATTEMPT 3/3
2026-06-06 14:48:30   Contracts bought so far: 0
2026-06-06 14:48:30   Remaining needed: 5
2026-06-06 14:48:30   Order size: 5
2026-06-06 14:48:30 --------------------------------------------------
2026-06-06 14:48:30 PLACING ORDER
2026-06-06 14:48:30   Token: 115540792827262414751044334912...
2026-06-06 14:48:30   Side: BUY
2026-06-06 14:48:30   Price: 0.9900
2026-06-06 14:48:30   Size: 5 contracts
2026-06-06 14:48:30   Value: $4.95
2026-06-06 14:48:30   Type: FAK (Fill-And-Kill)
2026-06-06 14:48:31 ORDER FAILED: PolyApiException[status_code=400, error_message={'error': 'not enough balance / allowance: the balance is not enough -> balance: 914302, order amount: 4953460'}]
2026-06-06 14:48:31   Elapsed: 300ms
2026-06-06 14:48:31 --------------------------------------------------
2026-06-06 14:48:31   Order rejected (API): PolyApiException[status_code=400, error_message={'error': 'not enough balance / allowance: the balance is not enough -> balance: 914302, order amount: 4953460'}]
2026-06-06 14:48:31   Total execution time: 1739ms
2026-06-06 14:48:31 ============================================================
2026-06-06 14:48:31 ENTRY EXECUTION COMPLETE
2026-06-06 14:48:31   Success: False
2026-06-06 14:48:31   Contracts Filled: 0/5
2026-06-06 14:48:31   Average Price: 0.0000
2026-06-06 14:48:31   Total Cost: $0.00
2026-06-06 14:48:31   Attempts: 3
2026-06-06 14:48:31   Total Time: 1739ms
2026-06-06 14:48:31   Error: PolyApiException[status_code=400, error_message={'error': 'not enough balance / allowance: the balance is not enough -> balance: 914302, order amount: 4953460'}]
2026-06-06 14:48:31   Fills: []
2026-06-06 14:48:31 ============================================================
2026-06-06 14:49:01 ============================================================
2026-06-06 14:49:01 ENTRY EXECUTION STARTED
2026-06-06 14:49:01   Timestamp: 2026-06-06T14:49:01.338974
2026-06-06 14:49:01   Token: 1155407928272624147510443349128286651613...
2026-06-06 14:49:01   Budget: $5
2026-06-06 14:49:01   Price Offset: 0.02
2026-06-06 14:49:01   Max Retries: 3
2026-06-06 14:49:01   Max Entry Price: 0.99
2026-06-06 14:49:01   WebSocket Price: 0.97
2026-06-06 14:49:01   Initial Price: 0.9700
2026-06-06 14:49:01   Contracts Needed: 5
2026-06-06 14:49:01   Estimated Cost: $4.85
2026-06-06 14:49:01 ----------------------------------------
2026-06-06 14:49:01   Order Price: 0.9900 (price + 0.02)
2026-06-06 14:49:01 ATTEMPT 1/3
2026-06-06 14:49:01   Contracts bought so far: 0
2026-06-06 14:49:01   Remaining needed: 5
2026-06-06 14:49:01   Order size: 5
2026-06-06 14:49:01 --------------------------------------------------
2026-06-06 14:49:01 PLACING ORDER
2026-06-06 14:49:01   Token: 115540792827262414751044334912...
2026-06-06 14:49:01   Side: BUY
2026-06-06 14:49:01   Price: 0.9900
2026-06-06 14:49:01   Size: 5 contracts
2026-06-06 14:49:01   Value: $4.95
2026-06-06 14:49:01   Type: FAK (Fill-And-Kill)
2026-06-06 14:49:01 ORDER FAILED: PolyApiException[status_code=400, error_message={'error': 'not enough balance / allowance: the balance is not enough -> balance: 914302, order amount: 4953460'}]
2026-06-06 14:49:01   Elapsed: 388ms
2026-06-06 14:49:01 --------------------------------------------------
2026-06-06 14:49:01   Order rejected (API): PolyApiException[status_code=400, error_message={'error': 'not enough balance / allowance: the balance is not enough -> balance: 914302, order amount: 4953460'}]
2026-06-06 14:49:02 ATTEMPT 2/3
2026-06-06 14:49:02   Contracts bought so far: 0
2026-06-06 14:49:02   Remaining needed: 5
2026-06-06 14:49:02   Order size: 5
2026-06-06 14:49:02 --------------------------------------------------
2026-06-06 14:49:02 PLACING ORDER
2026-06-06 14:49:02   Token: 115540792827262414751044334912...
2026-06-06 14:49:02   Side: BUY
2026-06-06 14:49:02   Price: 0.9900
2026-06-06 14:49:02   Size: 5 contracts
2026-06-06 14:49:02   Value: $4.95
2026-06-06 14:49:02   Type: FAK (Fill-And-Kill)
2026-06-06 14:49:02 ORDER FAILED: PolyApiException[status_code=400, error_message={'error': 'not enough balance / allowance: the balance is not enough -> balance: 914302, order amount: 4953460'}]
2026-06-06 14:49:02   Elapsed: 260ms
2026-06-06 14:49:02 --------------------------------------------------
2026-06-06 14:49:02   Order rejected (API): PolyApiException[status_code=400, error_message={'error': 'not enough balance / allowance: the balance is not enough -> balance: 914302, order amount: 4953460'}]
2026-06-06 14:49:02 ATTEMPT 3/3
2026-06-06 14:49:02   Contracts bought so far: 0
2026-06-06 14:49:02   Remaining needed: 5
2026-06-06 14:49:02   Order size: 5
2026-06-06 14:49:02 --------------------------------------------------
2026-06-06 14:49:02 PLACING ORDER
2026-06-06 14:49:02   Token: 115540792827262414751044334912...
2026-06-06 14:49:02   Side: BUY
2026-06-06 14:49:02   Price: 0.9900
2026-06-06 14:49:02   Size: 5 contracts
2026-06-06 14:49:02   Value: $4.95
2026-06-06 14:49:02   Type: FAK (Fill-And-Kill)
2026-06-06 14:49:02 ORDER FAILED: PolyApiException[status_code=400, error_message={'error': 'not enough balance / allowance: the balance is not enough -> balance: 914302, order amount: 4953460'}]
2026-06-06 14:49:02   Elapsed: 267ms
2026-06-06 14:49:02 --------------------------------------------------
2026-06-06 14:49:02   Order rejected (API): PolyApiException[status_code=400, error_message={'error': 'not enough balance / allowance: the balance is not enough -> balance: 914302, order amount: 4953460'}]
2026-06-06 14:49:03   Total execution time: 1836ms
2026-06-06 14:49:03 ============================================================
2026-06-06 14:49:03 ENTRY EXECUTION COMPLETE
2026-06-06 14:49:03   Success: False
2026-06-06 14:49:03   Contracts Filled: 0/5
2026-06-06 14:49:03   Average Price: 0.0000
2026-06-06 14:49:03   Total Cost: $0.00
2026-06-06 14:49:03   Attempts: 3
2026-06-06 14:49:03   Total Time: 1837ms
2026-06-06 14:49:03   Error: PolyApiException[status_code=400, error_message={'error': 'not enough balance / allowance: the balance is not enough -> balance: 914302, order amount: 4953460'}]
2026-06-06 14:49:03   Fills: []
2026-06-06 14:49:03 ============================================================
2026-06-06 14:49:48 ============================================================
2026-06-06 14:49:48 ENTRY EXECUTION STARTED
2026-06-06 14:49:48   Timestamp: 2026-06-06T14:49:48.320534
2026-06-06 14:49:48   Token: 1155407928272624147510443349128286651613...
2026-06-06 14:49:48   Budget: $5
2026-06-06 14:49:48   Price Offset: 0.02
2026-06-06 14:49:48   Max Retries: 3
2026-06-06 14:49:48   Max Entry Price: 0.99
2026-06-06 14:49:48   WebSocket Price: 0.95
2026-06-06 14:49:48   Initial Price: 0.9500
2026-06-06 14:49:48   Contracts Needed: 5
2026-06-06 14:49:48   Estimated Cost: $4.75
2026-06-06 14:49:48 ----------------------------------------
2026-06-06 14:49:48   Order Price: 0.9700 (price + 0.02)
2026-06-06 14:49:48 ATTEMPT 1/3
2026-06-06 14:49:48   Contracts bought so far: 0
2026-06-06 14:49:48   Remaining needed: 5
2026-06-06 14:49:48   Order size: 5
2026-06-06 14:49:48 --------------------------------------------------
2026-06-06 14:49:48 PLACING ORDER
2026-06-06 14:49:48   Token: 115540792827262414751044334912...
2026-06-06 14:49:48   Side: BUY
2026-06-06 14:49:48   Price: 0.9700
2026-06-06 14:49:48   Size: 5 contracts
2026-06-06 14:49:48   Value: $4.85
2026-06-06 14:49:48   Type: FAK (Fill-And-Kill)
2026-06-06 14:49:48 ORDER FAILED: PolyApiException[status_code=400, error_message={'error': 'not enough balance / allowance: the balance is not enough -> balance: 914302, order amount: 4860180'}]
2026-06-06 14:49:48   Elapsed: 414ms
2026-06-06 14:49:48 --------------------------------------------------
2026-06-06 14:49:48   Order rejected (API): PolyApiException[status_code=400, error_message={'error': 'not enough balance / allowance: the balance is not enough -> balance: 914302, order amount: 4860180'}]
2026-06-06 14:49:49 ATTEMPT 2/3
2026-06-06 14:49:49   Contracts bought so far: 0
2026-06-06 14:49:49   Remaining needed: 5
2026-06-06 14:49:49   Order size: 5
2026-06-06 14:49:49 --------------------------------------------------
2026-06-06 14:49:49 PLACING ORDER
2026-06-06 14:49:49   Token: 115540792827262414751044334912...
2026-06-06 14:49:49   Side: BUY
2026-06-06 14:49:49   Price: 0.9700
2026-06-06 14:49:49   Size: 5 contracts
2026-06-06 14:49:49   Value: $4.85
2026-06-06 14:49:49   Type: FAK (Fill-And-Kill)
2026-06-06 14:49:49 ORDER FAILED: PolyApiException[status_code=400, error_message={'error': 'not enough balance / allowance: the balance is not enough -> balance: 914302, order amount: 4860180'}]
2026-06-06 14:49:49   Elapsed: 276ms
2026-06-06 14:49:49 --------------------------------------------------
2026-06-06 14:49:49   Order rejected (API): PolyApiException[status_code=400, error_message={'error': 'not enough balance / allowance: the balance is not enough -> balance: 914302, order amount: 4860180'}]
2026-06-06 14:49:49 ATTEMPT 3/3
2026-06-06 14:49:49   Contracts bought so far: 0
2026-06-06 14:49:49   Remaining needed: 5
2026-06-06 14:49:49   Order size: 5
2026-06-06 14:49:49 --------------------------------------------------
2026-06-06 14:49:49 PLACING ORDER
2026-06-06 14:49:49   Token: 115540792827262414751044334912...
2026-06-06 14:49:49   Side: BUY
2026-06-06 14:49:49   Price: 0.9700
2026-06-06 14:49:49   Size: 5 contracts
2026-06-06 14:49:49   Value: $4.85
2026-06-06 14:49:49   Type: FAK (Fill-And-Kill)
2026-06-06 14:49:49 ORDER FAILED: PolyApiException[status_code=400, error_message={'error': 'not enough balance / allowance: the balance is not enough -> balance: 914302, order amount: 4860180'}]
2026-06-06 14:49:49   Elapsed: 276ms
2026-06-06 14:49:49 --------------------------------------------------
2026-06-06 14:49:49   Order rejected (API): PolyApiException[status_code=400, error_message={'error': 'not enough balance / allowance: the balance is not enough -> balance: 914302, order amount: 4860180'}]
2026-06-06 14:49:50   Total execution time: 1875ms
2026-06-06 14:49:50 ============================================================
2026-06-06 14:49:50 ENTRY EXECUTION COMPLETE
2026-06-06 14:49:50   Success: False
2026-06-06 14:49:50   Contracts Filled: 0/5
2026-06-06 14:49:50   Average Price: 0.0000
2026-06-06 14:49:50   Total Cost: $0.00
2026-06-06 14:49:50   Attempts: 3
2026-06-06 14:49:50   Total Time: 1876ms
2026-06-06 14:49:50   Error: PolyApiException[status_code=400, error_message={'error': 'not enough balance / allowance: the balance is not enough -> balance: 914302, order amount: 4860180'}]
2026-06-06 14:49:50   Fills: []
2026-06-06 14:49:50 ============================================================
2026-06-06 14:49:59 ============================================================
2026-06-06 14:49:59 ENTRY EXECUTION STARTED
2026-06-06 14:49:59   Timestamp: 2026-06-06T14:49:59.507234
2026-06-06 14:49:59   Token: 9238324329657592673926564500826501210316...
2026-06-06 14:49:59   Budget: $5
2026-06-06 14:49:59   Price Offset: 0.02
2026-06-06 14:49:59   Max Retries: 3
2026-06-06 14:49:59   Max Entry Price: 0.99
2026-06-06 14:49:59   WebSocket Price: 0.92
2026-06-06 14:49:59   Initial Price: 0.9200
2026-06-06 14:49:59   Contracts Needed: 5
2026-06-06 14:49:59   Estimated Cost: $4.60
2026-06-06 14:49:59 ----------------------------------------
2026-06-06 14:49:59   Order Price: 0.9400 (price + 0.02)
2026-06-06 14:49:59 ATTEMPT 1/3
2026-06-06 14:49:59   Contracts bought so far: 0
2026-06-06 14:49:59   Remaining needed: 5
2026-06-06 14:49:59   Order size: 5
2026-06-06 14:49:59 --------------------------------------------------
2026-06-06 14:49:59 PLACING ORDER
2026-06-06 14:49:59   Token: 923832432965759267392656450082...
2026-06-06 14:49:59   Side: BUY
2026-06-06 14:49:59   Price: 0.9400
2026-06-06 14:49:59   Size: 5 contracts
2026-06-06 14:49:59   Value: $4.70
2026-06-06 14:49:59   Type: FAK (Fill-And-Kill)
2026-06-06 14:52:53 ============================================================
2026-06-06 14:52:53 CLOB CLIENT INITIALIZATION
2026-06-06 14:52:53   Host: https://clob.polymarket.com
2026-06-06 14:52:53   Chain ID: 137
2026-06-06 14:52:53   Signature Type: 1
2026-06-06 14:52:53   Funder Address: 0x89B49405e761b7357398A8A2B91a9FBaA96F4F46
2026-06-06 14:52:53   API Key: 4bc0d803...
2026-06-06 14:52:53   API Key Length: 36
2026-06-06 14:52:53   API Secret Length: 44
2026-06-06 14:52:53   API Passphrase Length: 64
2026-06-06 14:52:53 CLOB CLIENT INITIALIZED SUCCESSFULLY
2026-06-06 14:52:53 ============================================================
2026-06-06 14:58:08 ============================================================
2026-06-06 14:58:08 ENTRY EXECUTION STARTED
2026-06-06 14:58:08   Timestamp: 2026-06-06T14:58:08.649274
2026-06-06 14:58:08   Token: 1004661286824443656652822406518291660432...
2026-06-06 14:58:08   Budget: $2
2026-06-06 14:58:08   Price Offset: 0.02
2026-06-06 14:58:08   Max Retries: 3
2026-06-06 14:58:08   Max Entry Price: 0.99
2026-06-06 14:58:08   WebSocket Price: 0.91
2026-06-06 14:58:08   Initial Price: 0.9100
2026-06-06 14:58:08   Contracts Needed: 5
2026-06-06 14:58:08   Estimated Cost: $4.55
2026-06-06 14:58:08 ----------------------------------------
2026-06-06 14:58:08   Order Price: 0.9300 (price + 0.02)
2026-06-06 14:58:08 ATTEMPT 1/3
2026-06-06 14:58:08   Contracts bought so far: 0
2026-06-06 14:58:08   Remaining needed: 5
2026-06-06 14:58:08   Order size: 5
2026-06-06 14:58:08 --------------------------------------------------
2026-06-06 14:58:08 PLACING ORDER
2026-06-06 14:58:08   Token: 100466128682444365665282240651...
2026-06-06 14:58:08   Side: BUY
2026-06-06 14:58:08   Price: 0.9300
2026-06-06 14:58:08   Size: 5 contracts
2026-06-06 14:58:08   Value: $4.65
2026-06-06 14:58:08   Type: FAK (Fill-And-Kill)
2026-06-06 14:58:10   Order signed in 1377ms
2026-06-06 14:58:10 ORDER RESPONSE:
2026-06-06 14:58:10   Success: True
2026-06-06 14:58:10   Order ID: 0x8a48d926b6c366b507cdf607b3fc2a68468ab5...
2026-06-06 14:58:10   Status: matched
2026-06-06 14:58:10   Taking Amount: 5.054337
2026-06-06 14:58:10   Making Amount: 4.64999
2026-06-06 14:58:10   Latency: sign=1377ms, post=0ms, total=1377ms
2026-06-06 14:58:10 --------------------------------------------------
2026-06-06 14:58:10   Order ID: 0x8a48d926b6c366b507cdf607b3fc...
2026-06-06 14:58:10   Progress: 5/5 (100.0%)
2026-06-06 14:58:10   Attempt time: 1518ms
2026-06-06 14:58:10   Total execution time: 1519ms
2026-06-06 14:58:10 ============================================================
2026-06-06 14:58:10 ENTRY EXECUTION COMPLETE
2026-06-06 14:58:10   Success: True
2026-06-06 14:58:10   Contracts Filled: 5/5
2026-06-06 14:58:10   Average Price: 0.9300
2026-06-06 14:58:10   Total Cost: $4.65
2026-06-06 14:58:10   Attempts: 1
2026-06-06 14:58:10   Total Time: 1519ms
2026-06-06 14:58:10   Fills: [{"attempt": 1, "filled": 5, "price": 0.93, "order_id": "0x8a48d926b6c366b507", "source": "api_response", "timestamp": "2026-06-06T14:58:10.028697"}]
2026-06-06 14:58:10 ============================================================
2026-06-06 15:03:44 ============================================================
2026-06-06 15:03:44 ENTRY EXECUTION STARTED
2026-06-06 15:03:44   Timestamp: 2026-06-06T15:03:44.524694
2026-06-06 15:03:44   Token: 1046240828577693385066454222103471235818...
2026-06-06 15:03:44   Budget: $2
2026-06-06 15:03:44   Price Offset: 0.02
2026-06-06 15:03:44   Max Retries: 3
2026-06-06 15:03:44   Max Entry Price: 0.99
2026-06-06 15:03:44   WebSocket Price: 0.76
2026-06-06 15:03:44   Initial Price: 0.7600
2026-06-06 15:03:44   Contracts Needed: 5
2026-06-06 15:03:44   Estimated Cost: $3.80
2026-06-06 15:03:44 ----------------------------------------
2026-06-06 15:03:44   Order Price: 0.7800 (price + 0.02)
2026-06-06 15:03:44 ATTEMPT 1/3
2026-06-06 15:03:44   Contracts bought so far: 0
2026-06-06 15:03:44   Remaining needed: 5
2026-06-06 15:03:44   Order size: 5
2026-06-06 15:03:44 --------------------------------------------------
2026-06-06 15:03:44 PLACING ORDER
2026-06-06 15:03:44   Token: 104624082857769338506645422210...
2026-06-06 15:03:44   Side: BUY
2026-06-06 15:03:44   Price: 0.7800
2026-06-06 15:03:44   Size: 5 contracts
2026-06-06 15:03:44   Value: $3.90
2026-06-06 15:03:44   Type: FAK (Fill-And-Kill)
2026-06-06 15:03:45   Order signed in 825ms
2026-06-06 15:03:45 ORDER RESPONSE:
2026-06-06 15:03:45   Success: True
2026-06-06 15:03:45   Order ID: 0xed316a6e8362c481f30c375c040e2afb2acaa7...
2026-06-06 15:03:45   Status: matched
2026-06-06 15:03:45   Taking Amount: 5.909088
2026-06-06 15:03:45   Making Amount: 3.899998
2026-06-06 15:03:45   Latency: sign=825ms, post=0ms, total=825ms
2026-06-06 15:03:45 --------------------------------------------------
2026-06-06 15:03:45   Order ID: 0xed316a6e8362c481f30c375c040e...
2026-06-06 15:03:45   Progress: 5/5 (100.0%)
2026-06-06 15:03:45   Attempt time: 970ms
2026-06-06 15:03:45   Total execution time: 971ms
2026-06-06 15:03:45 ============================================================
2026-06-06 15:03:45 ENTRY EXECUTION COMPLETE
2026-06-06 15:03:45   Success: True
2026-06-06 15:03:45   Contracts Filled: 5/5
2026-06-06 15:03:45   Average Price: 0.7800
2026-06-06 15:03:45   Total Cost: $3.90
2026-06-06 15:03:45   Attempts: 1
2026-06-06 15:03:45   Total Time: 971ms
2026-06-06 15:03:45   Fills: [{"attempt": 1, "filled": 5, "price": 0.78, "order_id": "0xed316a6e8362c481f3", "source": "api_response", "timestamp": "2026-06-06T15:03:45.352014"}]
2026-06-06 15:03:45 ============================================================
2026-06-06 15:08:00 ============================================================
2026-06-06 15:08:00 ENTRY EXECUTION STARTED
2026-06-06 15:08:00   Timestamp: 2026-06-06T15:08:00.068983
2026-06-06 15:08:00   Token: 1671405254006091323217069806013729608729...
2026-06-06 15:08:00   Budget: $2
2026-06-06 15:08:00   Price Offset: 0.02
2026-06-06 15:08:00   Max Retries: 3
2026-06-06 15:08:00   Max Entry Price: 0.99
2026-06-06 15:08:00   WebSocket Price: 0.99
2026-06-06 15:08:00   Initial Price: 0.9900
2026-06-06 15:08:00   Contracts Needed: 5
2026-06-06 15:08:00   Estimated Cost: $4.95
2026-06-06 15:08:00 ----------------------------------------
2026-06-06 15:08:00   PRICE LIMIT: 1.0100 > max 0.9900
2026-06-06 15:08:00 ============================================================
2026-06-06 15:08:00 ENTRY EXECUTION STARTED
2026-06-06 15:08:00   Timestamp: 2026-06-06T15:08:00.323178
2026-06-06 15:08:00   Token: 1671405254006091323217069806013729608729...
2026-06-06 15:08:00   Budget: $2
2026-06-06 15:08:00   Price Offset: 0.02
2026-06-06 15:08:00   Max Retries: 3
2026-06-06 15:08:00   Max Entry Price: 0.99
2026-06-06 15:08:00   WebSocket Price: 0.99
2026-06-06 15:08:00   Initial Price: 0.9900
2026-06-06 15:08:00   Contracts Needed: 5
2026-06-06 15:08:00   Estimated Cost: $4.95
2026-06-06 15:08:00 ----------------------------------------
2026-06-06 15:08:00   PRICE LIMIT: 1.0100 > max 0.9900
2026-06-06 15:08:00 ============================================================
2026-06-06 15:08:00 ENTRY EXECUTION STARTED
2026-06-06 15:08:00   Timestamp: 2026-06-06T15:08:00.582182
2026-06-06 15:08:00   Token: 1671405254006091323217069806013729608729...
2026-06-06 15:08:00   Budget: $2
2026-06-06 15:08:00   Price Offset: 0.02
2026-06-06 15:08:00   Max Retries: 3
2026-06-06 15:08:00   Max Entry Price: 0.99
2026-06-06 15:08:00   WebSocket Price: 0.99
2026-06-06 15:08:00   Initial Price: 0.9900
2026-06-06 15:08:00   Contracts Needed: 5
2026-06-06 15:08:00   Estimated Cost: $4.95
2026-06-06 15:08:00 ----------------------------------------
2026-06-06 15:08:00   PRICE LIMIT: 1.0100 > max 0.9900
2026-06-06 15:13:11 ============================================================
2026-06-06 15:13:11 ENTRY EXECUTION STARTED
2026-06-06 15:13:11   Timestamp: 2026-06-06T15:13:11.500150
2026-06-06 15:13:11   Token: 1531646355384345861907912126397913934554...
2026-06-06 15:13:11   Budget: $2
2026-06-06 15:13:11   Price Offset: 0.02
2026-06-06 15:13:11   Max Retries: 3
2026-06-06 15:13:11   Max Entry Price: 0.99
2026-06-06 15:13:11   WebSocket Price: 0.79
2026-06-06 15:13:11   Initial Price: 0.7900
2026-06-06 15:13:11   Contracts Needed: 5
2026-06-06 15:13:11   Estimated Cost: $3.95
2026-06-06 15:13:11 ----------------------------------------
2026-06-06 15:13:11   Order Price: 0.8100 (price + 0.02)
2026-06-06 15:13:11 ATTEMPT 1/3
2026-06-06 15:13:11   Contracts bought so far: 0
2026-06-06 15:13:11   Remaining needed: 5
2026-06-06 15:13:11   Order size: 5
2026-06-06 15:13:11 --------------------------------------------------
2026-06-06 15:13:11 PLACING ORDER
2026-06-06 15:13:11   Token: 153164635538434586190791212639...
2026-06-06 15:13:11   Side: BUY
2026-06-06 15:13:11   Price: 0.8100
2026-06-06 15:13:11   Size: 5 contracts
2026-06-06 15:13:11   Value: $4.05
2026-06-06 15:13:11   Type: FAK (Fill-And-Kill)
2026-06-06 15:13:12 ORDER FAILED: PolyApiException[status_code=400, error_message={'error': 'no orders found to match with FAK order. FAK orders are partially filled or killed if no match is found.', 'orderID': '0x011ddcf7f2bcc92148e515380ab3dc116eb7240de372b770e5b27a0287164b75'}]
2026-06-06 15:13:12   Elapsed: 1002ms
2026-06-06 15:13:12 --------------------------------------------------
2026-06-06 15:13:12   Order rejected (API): PolyApiException[status_code=400, error_message={'error': 'no orders found to match with FAK order. FAK orders are partially filled or killed if no match is found.', 'orderID': '0x011ddcf7f2bcc92148e515380ab3dc116eb7240de372b770e5b27a0287164b75'}]
2026-06-06 15:13:12 ATTEMPT 2/3
2026-06-06 15:13:12   Contracts bought so far: 0
2026-06-06 15:13:12   Remaining needed: 5
2026-06-06 15:13:12   Order size: 5
2026-06-06 15:13:12 --------------------------------------------------
2026-06-06 15:13:12 PLACING ORDER
2026-06-06 15:13:12   Token: 153164635538434586190791212639...
2026-06-06 15:13:12   Side: BUY
2026-06-06 15:13:12   Price: 0.8100
2026-06-06 15:13:12   Size: 5 contracts
2026-06-06 15:13:12   Value: $4.05
2026-06-06 15:13:12   Type: FAK (Fill-And-Kill)
2026-06-06 15:13:13 ORDER FAILED: PolyApiException[status_code=400, error_message={'error': 'no orders found to match with FAK order. FAK orders are partially filled or killed if no match is found.', 'orderID': '0xfd5d29c9be22932b070d9bc37704061a35f8aede5e6a100f06e6cae5f41d3479'}]
2026-06-06 15:13:13   Elapsed: 539ms
2026-06-06 15:13:13 --------------------------------------------------
2026-06-06 15:13:13   Order rejected (API): PolyApiException[status_code=400, error_message={'error': 'no orders found to match with FAK order. FAK orders are partially filled or killed if no match is found.', 'orderID': '0xfd5d29c9be22932b070d9bc37704061a35f8aede5e6a100f06e6cae5f41d3479'}]
2026-06-06 15:13:13 ATTEMPT 3/3
2026-06-06 15:13:13   Contracts bought so far: 0
2026-06-06 15:13:13   Remaining needed: 5
2026-06-06 15:13:13   Order size: 5
2026-06-06 15:13:13 --------------------------------------------------
2026-06-06 15:13:13 PLACING ORDER
2026-06-06 15:13:13   Token: 153164635538434586190791212639...
2026-06-06 15:13:13   Side: BUY
2026-06-06 15:13:13   Price: 0.8100
2026-06-06 15:13:13   Size: 5 contracts
2026-06-06 15:13:13   Value: $4.05
2026-06-06 15:13:13   Type: FAK (Fill-And-Kill)
2026-06-06 15:13:14 ORDER FAILED: PolyApiException[status_code=400, error_message={'error': 'no orders found to match with FAK order. FAK orders are partially filled or killed if no match is found.', 'orderID': '0x2570041b82ac9e7f740d9558d03232cb3064453f19a4bf01353be11223ad55f8'}]
2026-06-06 15:13:14   Elapsed: 521ms
2026-06-06 15:13:14 --------------------------------------------------
2026-06-06 15:13:14   Order rejected (API): PolyApiException[status_code=400, error_message={'error': 'no orders found to match with FAK order. FAK orders are partially filled or killed if no match is found.', 'orderID': '0x2570041b82ac9e7f740d9558d03232cb3064453f19a4bf01353be11223ad55f8'}]
2026-06-06 15:13:14   Total execution time: 2986ms
2026-06-06 15:13:14 ============================================================
2026-06-06 15:13:14 ENTRY EXECUTION COMPLETE
2026-06-06 15:13:14   Success: False
2026-06-06 15:13:14   Contracts Filled: 0/5
2026-06-06 15:13:14   Average Price: 0.0000
2026-06-06 15:13:14   Total Cost: $0.00
2026-06-06 15:13:14   Attempts: 3
2026-06-06 15:13:14   Total Time: 2986ms
2026-06-06 15:13:14   Error: PolyApiException[status_code=400, error_message={'error': 'no orders found to match with FAK order. FAK orders are partially filled or killed if no match is found.', 'orderID': '0x2570041b82ac9e7f740d9558d03232cb3064453f19a4bf01353be11223ad55f8'}]
2026-06-06 15:13:14   Fills: []
2026-06-06 15:13:14 ============================================================
2026-06-06 15:13:14 ============================================================
2026-06-06 15:13:14 ENTRY EXECUTION STARTED
2026-06-06 15:13:14   Timestamp: 2026-06-06T15:13:14.599366
2026-06-06 15:13:14   Token: 1531646355384345861907912126397913934554...
2026-06-06 15:13:14   Budget: $2
2026-06-06 15:13:14   Price Offset: 0.02
2026-06-06 15:13:14   Max Retries: 3
2026-06-06 15:13:14   Max Entry Price: 0.99
2026-06-06 15:13:14   WebSocket Price: 0.85
2026-06-06 15:13:14   Initial Price: 0.8500
2026-06-06 15:13:14   Contracts Needed: 5
2026-06-06 15:13:14   Estimated Cost: $4.25
2026-06-06 15:13:14 ----------------------------------------
2026-06-06 15:13:14   Order Price: 0.8700 (price + 0.02)
2026-06-06 15:13:14 ATTEMPT 1/3
2026-06-06 15:13:14   Contracts bought so far: 0
2026-06-06 15:13:14   Remaining needed: 5
2026-06-06 15:13:14   Order size: 5
2026-06-06 15:13:14 --------------------------------------------------
2026-06-06 15:13:14 PLACING ORDER
2026-06-06 15:13:14   Token: 153164635538434586190791212639...
2026-06-06 15:13:14   Side: BUY
2026-06-06 15:13:14   Price: 0.8700
2026-06-06 15:13:14   Size: 5 contracts
2026-06-06 15:13:14   Value: $4.35
2026-06-06 15:13:14   Type: FAK (Fill-And-Kill)
2026-06-06 15:13:15   Order signed in 534ms
2026-06-06 15:13:15 ORDER RESPONSE:
2026-06-06 15:13:15   Success: True
2026-06-06 15:13:15   Order ID: 0x404384f58e7112377907926fd1487fd81eb862...
2026-06-06 15:13:15   Status: matched
2026-06-06 15:13:15   Taking Amount: 5.057469
2026-06-06 15:13:15   Making Amount: 4.349998
2026-06-06 15:13:15   Latency: sign=534ms, post=0ms, total=534ms
2026-06-06 15:13:15 --------------------------------------------------
2026-06-06 15:13:15   Order ID: 0x404384f58e7112377907926fd148...
2026-06-06 15:13:15   Progress: 5/5 (100.0%)
2026-06-06 15:13:15   Attempt time: 676ms
2026-06-06 15:13:15   Total execution time: 677ms
2026-06-06 15:13:15 ============================================================
2026-06-06 15:13:15 ENTRY EXECUTION COMPLETE
2026-06-06 15:13:15   Success: True
2026-06-06 15:13:15   Contracts Filled: 5/5
2026-06-06 15:13:15   Average Price: 0.8700
2026-06-06 15:13:15   Total Cost: $4.35
2026-06-06 15:13:15   Attempts: 1
2026-06-06 15:13:15   Total Time: 677ms
2026-06-06 15:13:15   Fills: [{"attempt": 1, "filled": 5, "price": 0.87, "order_id": "0x404384f58e71123779", "source": "api_response", "timestamp": "2026-06-06T15:13:15.136613"}]
2026-06-06 15:13:15 ============================================================
2026-06-06 15:18:40 ============================================================
2026-06-06 15:18:40 CLOB CLIENT INITIALIZATION
2026-06-06 15:18:40   Host: https://clob.polymarket.com
2026-06-06 15:18:40   Chain ID: 137
2026-06-06 15:18:40   Signature Type: 1
2026-06-06 15:18:40   Funder Address: 0x89B49405e761b7357398A8A2B91a9FBaA96F4F46
2026-06-06 15:18:40   API Key: 4bc0d803...
2026-06-06 15:18:40   API Key Length: 36
2026-06-06 15:18:40   API Secret Length: 44
2026-06-06 15:18:40   API Passphrase Length: 64
2026-06-06 15:18:40 CLOB CLIENT INITIALIZED SUCCESSFULLY
2026-06-06 15:18:40 ============================================================
2026-06-06 15:19:26 ============================================================
2026-06-06 15:19:26 CLOB CLIENT INITIALIZATION
2026-06-06 15:19:26   Host: https://clob.polymarket.com
2026-06-06 15:19:26   Chain ID: 137
2026-06-06 15:19:26   Signature Type: 1
2026-06-06 15:19:26   Funder Address: 0x89B49405e761b7357398A8A2B91a9FBaA96F4F46
2026-06-06 15:19:26   API Key: 4bc0d803...
2026-06-06 15:19:26   API Key Length: 36
2026-06-06 15:19:26   API Secret Length: 44
2026-06-06 15:19:26   API Passphrase Length: 64
2026-06-06 15:19:26 CLOB CLIENT INITIALIZED SUCCESSFULLY
2026-06-06 15:19:26 ============================================================
2026-06-06 15:22:47 ============================================================
2026-06-06 15:22:47 CLOB CLIENT INITIALIZATION
2026-06-06 15:22:47   Host: https://clob.polymarket.com
2026-06-06 15:22:47   Chain ID: 137
2026-06-06 15:22:47   Signature Type: 1
2026-06-06 15:22:47   Funder Address: 0x89B49405e761b7357398A8A2B91a9FBaA96F4F46
2026-06-06 15:22:47   API Key: 4bc0d803...
2026-06-06 15:22:47   API Key Length: 36
2026-06-06 15:22:47   API Secret Length: 44
2026-06-06 15:22:47   API Passphrase Length: 64
2026-06-06 15:22:47 CLOB CLIENT INITIALIZED SUCCESSFULLY
2026-06-06 15:22:47 ============================================================
2026-06-06 15:28:33 ============================================================
2026-06-06 15:28:33 ENTRY EXECUTION STARTED
2026-06-06 15:28:33   Timestamp: 2026-06-06T15:28:33.668069
2026-06-06 15:28:33   Token: 5128670267594050310329418689014695944516...
2026-06-06 15:28:33   Budget: $2
2026-06-06 15:28:33   Price Offset: 0.02
2026-06-06 15:28:33   Max Retries: 3
2026-06-06 15:28:33   Max Entry Price: 0.99
2026-06-06 15:28:33   WebSocket Price: 0.87
2026-06-06 15:28:33   Initial Price: 0.8700
2026-06-06 15:28:33   Contracts Needed: 5
2026-06-06 15:28:33   Estimated Cost: $4.35
2026-06-06 15:28:33 ----------------------------------------
2026-06-06 15:28:33   Order Price: 0.8900 (price + 0.02)
2026-06-06 15:28:33 ATTEMPT 1/3
2026-06-06 15:28:33   Contracts bought so far: 0
2026-06-06 15:28:33   Remaining needed: 5
2026-06-06 15:28:33   Order size: 5
2026-06-06 15:28:33 --------------------------------------------------
2026-06-06 15:28:33 PLACING ORDER
2026-06-06 15:28:33   Token: 512867026759405031032941868901...
2026-06-06 15:28:33   Side: BUY
2026-06-06 15:28:33   Price: 0.8900
2026-06-06 15:28:33   Size: 5 contracts
2026-06-06 15:28:33   Value: $4.45
2026-06-06 15:28:33   Type: FAK (Fill-And-Kill)
2026-06-06 15:28:34   Order signed in 1255ms
2026-06-06 15:28:34 ORDER RESPONSE:
2026-06-06 15:28:34   Success: True
2026-06-06 15:28:34   Order ID: 0xc8087d8e2411c4c0300b9421417739fb3d9439...
2026-06-06 15:28:34   Status: matched
2026-06-06 15:28:34   Taking Amount: 5.361441
2026-06-06 15:28:34   Making Amount: 4.449996
2026-06-06 15:28:34   Latency: sign=1255ms, post=0ms, total=1255ms
2026-06-06 15:28:34 --------------------------------------------------
2026-06-06 15:28:34   Order ID: 0xc8087d8e2411c4c0300b94214177...
2026-06-06 15:28:35   Progress: 5/5 (100.0%)
2026-06-06 15:28:35   Attempt time: 1419ms
2026-06-06 15:28:35   Total execution time: 1421ms
2026-06-06 15:28:35 ============================================================
2026-06-06 15:28:35 ENTRY EXECUTION COMPLETE
2026-06-06 15:28:35   Success: True
2026-06-06 15:28:35   Contracts Filled: 5/5
2026-06-06 15:28:35   Average Price: 0.8900
2026-06-06 15:28:35   Total Cost: $4.45
2026-06-06 15:28:35   Attempts: 1
2026-06-06 15:28:35   Total Time: 1421ms
2026-06-06 15:28:35   Fills: [{"attempt": 1, "filled": 5, "price": 0.89, "order_id": "0xc8087d8e2411c4c030", "source": "api_response", "timestamp": "2026-06-06T15:28:34.927143"}]
2026-06-06 15:28:35 ============================================================
2026-06-06 15:33:33 ============================================================
2026-06-06 15:33:33 ENTRY EXECUTION STARTED
2026-06-06 15:33:33   Timestamp: 2026-06-06T15:33:33.047836
2026-06-06 15:33:33   Token: 1072071503153117294848067575907612648158...
2026-06-06 15:33:33   Budget: $2
2026-06-06 15:33:33   Price Offset: 0.02
2026-06-06 15:33:33   Max Retries: 3
2026-06-06 15:33:33   Max Entry Price: 0.99
2026-06-06 15:33:33   WebSocket Price: 0.85
2026-06-06 15:33:33   Initial Price: 0.8500
2026-06-06 15:33:33   Contracts Needed: 5
2026-06-06 15:33:33   Estimated Cost: $4.25
2026-06-06 15:33:33 ----------------------------------------
2026-06-06 15:33:33   Order Price: 0.8700 (price + 0.02)
2026-06-06 15:33:33 ATTEMPT 1/3
2026-06-06 15:33:33   Contracts bought so far: 0
2026-06-06 15:33:33   Remaining needed: 5
2026-06-06 15:33:33   Order size: 5
2026-06-06 15:33:33 --------------------------------------------------
2026-06-06 15:33:33 PLACING ORDER
2026-06-06 15:33:33   Token: 107207150315311729484806757590...
2026-06-06 15:33:33   Side: BUY
2026-06-06 15:33:33   Price: 0.8700
2026-06-06 15:33:33   Size: 5 contracts
2026-06-06 15:33:33   Value: $4.35
2026-06-06 15:33:33   Type: FAK (Fill-And-Kill)
2026-06-06 15:33:34   Order signed in 984ms
2026-06-06 15:33:34 ORDER RESPONSE:
2026-06-06 15:33:34   Success: True
2026-06-06 15:33:34   Order ID: 0x222daae2803bec7d656444032d3c09f77853c9...
2026-06-06 15:33:34   Status: matched
2026-06-06 15:33:34   Taking Amount: 5
2026-06-06 15:33:34   Making Amount: 4.35
2026-06-06 15:33:34   Latency: sign=984ms, post=0ms, total=985ms
2026-06-06 15:33:34 --------------------------------------------------
2026-06-06 15:33:34   Order ID: 0x222daae2803bec7d656444032d3c...
2026-06-06 15:33:34   Progress: 5/5 (100.0%)
2026-06-06 15:33:34   Attempt time: 1139ms
2026-06-06 15:33:34   Total execution time: 1140ms
2026-06-06 15:33:34 ============================================================
2026-06-06 15:33:34 ENTRY EXECUTION COMPLETE
2026-06-06 15:33:34   Success: True
2026-06-06 15:33:34   Contracts Filled: 5/5
2026-06-06 15:33:34   Average Price: 0.8700
2026-06-06 15:33:34   Total Cost: $4.35
2026-06-06 15:33:34   Attempts: 1
2026-06-06 15:33:34   Total Time: 1140ms
2026-06-06 15:33:34   Fills: [{"attempt": 1, "filled": 5, "price": 0.87, "order_id": "0x222daae2803bec7d65", "source": "api_response", "timestamp": "2026-06-06T15:33:34.034327"}]
2026-06-06 15:33:34 ============================================================
2026-06-06 15:38:45 ============================================================
2026-06-06 15:38:45 ENTRY EXECUTION STARTED
2026-06-06 15:38:45   Timestamp: 2026-06-06T15:38:45.463306
2026-06-06 15:38:45   Token: 1035936139016705256983440361849455224447...
2026-06-06 15:38:45   Budget: $2
2026-06-06 15:38:45   Price Offset: 0.02
2026-06-06 15:38:45   Max Retries: 3
2026-06-06 15:38:45   Max Entry Price: 0.99
2026-06-06 15:38:45   WebSocket Price: 0.95
2026-06-06 15:38:45   Initial Price: 0.9500
2026-06-06 15:38:45   Contracts Needed: 5
2026-06-06 15:38:45   Estimated Cost: $4.75
2026-06-06 15:38:45 ----------------------------------------
2026-06-06 15:38:45   Order Price: 0.9700 (price + 0.02)
2026-06-06 15:38:45 ATTEMPT 1/3
2026-06-06 15:38:45   Contracts bought so far: 0
2026-06-06 15:38:45   Remaining needed: 5
2026-06-06 15:38:45   Order size: 5
2026-06-06 15:38:45 --------------------------------------------------
2026-06-06 15:38:45 PLACING ORDER
2026-06-06 15:38:45   Token: 103593613901670525698344036184...
2026-06-06 15:38:45   Side: BUY
2026-06-06 15:38:45   Price: 0.9700
2026-06-06 15:38:45   Size: 5 contracts
2026-06-06 15:38:45   Value: $4.85
2026-06-06 15:38:45   Type: FAK (Fill-And-Kill)
2026-06-06 15:38:46   Order signed in 1009ms
2026-06-06 15:38:46 ORDER RESPONSE:
2026-06-06 15:38:46   Success: True
2026-06-06 15:38:46   Order ID: 0x41d8e3d347af420e65e03076ed3dcc06bc38da...
2026-06-06 15:38:46   Status: matched
2026-06-06 15:38:46   Taking Amount: 5.271737
2026-06-06 15:38:46   Making Amount: 4.849998
2026-06-06 15:38:46   Latency: sign=1009ms, post=0ms, total=1009ms
2026-06-06 15:38:46 --------------------------------------------------
2026-06-06 15:38:46   Order ID: 0x41d8e3d347af420e65e03076ed3d...
2026-06-06 15:38:46   Progress: 5/5 (100.0%)
2026-06-06 15:38:46   Attempt time: 1189ms
2026-06-06 15:38:46   Total execution time: 1190ms
2026-06-06 15:38:46 ============================================================
2026-06-06 15:38:46 ENTRY EXECUTION COMPLETE
2026-06-06 15:38:46   Success: True
2026-06-06 15:38:46   Contracts Filled: 5/5
2026-06-06 15:38:46   Average Price: 0.9700
2026-06-06 15:38:46   Total Cost: $4.85
2026-06-06 15:38:46   Attempts: 1
2026-06-06 15:38:46   Total Time: 1190ms
2026-06-06 15:38:46   Fills: [{"attempt": 1, "filled": 5, "price": 0.97, "order_id": "0x41d8e3d347af420e65", "source": "api_response", "timestamp": "2026-06-06T15:38:46.476048"}]
2026-06-06 15:38:46 ============================================================
2026-06-06 15:43:30 ============================================================
2026-06-06 15:43:30 ENTRY EXECUTION STARTED
2026-06-06 15:43:30   Timestamp: 2026-06-06T15:43:30.092928
2026-06-06 15:43:30   Token: 7817045414904200548314327078298989161738...
2026-06-06 15:43:30   Budget: $2
2026-06-06 15:43:30   Price Offset: 0.02
2026-06-06 15:43:30   Max Retries: 3
2026-06-06 15:43:30   Max Entry Price: 0.99
2026-06-06 15:43:30   WebSocket Price: 0.92
2026-06-06 15:43:30   Initial Price: 0.9200
2026-06-06 15:43:30   Contracts Needed: 5
2026-06-06 15:43:30   Estimated Cost: $4.60
2026-06-06 15:43:30 ----------------------------------------
2026-06-06 15:43:30   Order Price: 0.9400 (price + 0.02)
2026-06-06 15:43:30 ATTEMPT 1/3
2026-06-06 15:43:30   Contracts bought so far: 0
2026-06-06 15:43:30   Remaining needed: 5
2026-06-06 15:43:30   Order size: 5
2026-06-06 15:43:30 --------------------------------------------------
2026-06-06 15:43:30 PLACING ORDER
2026-06-06 15:43:30   Token: 781704541490420054831432707829...
2026-06-06 15:43:30   Side: BUY
2026-06-06 15:43:30   Price: 0.9400
2026-06-06 15:43:30   Size: 5 contracts
2026-06-06 15:43:30   Value: $4.70
2026-06-06 15:43:30   Type: FAK (Fill-And-Kill)
2026-06-06 15:43:31   Order signed in 988ms
2026-06-06 15:43:31 ORDER RESPONSE:
2026-06-06 15:43:31   Success: True
2026-06-06 15:43:31   Order ID: 0xeb4e6f5302b1c871109bfc030c568cd5c1de89...
2026-06-06 15:43:31   Status: matched
2026-06-06 15:43:31   Taking Amount: 5.053757
2026-06-06 15:43:31   Making Amount: 4.699994
2026-06-06 15:43:31   Latency: sign=988ms, post=0ms, total=989ms
2026-06-06 15:43:31 --------------------------------------------------
2026-06-06 15:43:31   Order ID: 0xeb4e6f5302b1c871109bfc030c56...
2026-06-06 15:43:31   Progress: 5/5 (100.0%)
2026-06-06 15:43:31   Attempt time: 1173ms
2026-06-06 15:43:31   Total execution time: 1174ms
2026-06-06 15:43:31 ============================================================
2026-06-06 15:43:31 ENTRY EXECUTION COMPLETE
2026-06-06 15:43:31   Success: True
2026-06-06 15:43:31   Contracts Filled: 5/5
2026-06-06 15:43:31   Average Price: 0.9400
2026-06-06 15:43:31   Total Cost: $4.70
2026-06-06 15:43:31   Attempts: 1
2026-06-06 15:43:31   Total Time: 1174ms
2026-06-06 15:43:31   Fills: [{"attempt": 1, "filled": 5, "price": 0.9400000000000001, "order_id": "0xeb4e6f5302b1c87110", "source": "api_response", "timestamp": "2026-06-06T15:43:31.084136"}]
2026-06-06 15:43:31 ============================================================
2026-06-06 15:49:03 ============================================================
2026-06-06 15:49:03 ENTRY EXECUTION STARTED
2026-06-06 15:49:03   Timestamp: 2026-06-06T15:49:03.903067
2026-06-06 15:49:03   Token: 8689847896771761717721015249606838960213...
2026-06-06 15:49:03   Budget: $2
2026-06-06 15:49:03   Price Offset: 0.02
2026-06-06 15:49:03   Max Retries: 3
2026-06-06 15:49:03   Max Entry Price: 0.99
2026-06-06 15:49:03   WebSocket Price: 0.86
2026-06-06 15:49:03   Initial Price: 0.8600
2026-06-06 15:49:03   Contracts Needed: 5
2026-06-06 15:49:03   Estimated Cost: $4.30
2026-06-06 15:49:03 ----------------------------------------
2026-06-06 15:49:03   Order Price: 0.8800 (price + 0.02)
2026-06-06 15:49:03 ATTEMPT 1/3
2026-06-06 15:49:03   Contracts bought so far: 0
2026-06-06 15:49:03   Remaining needed: 5
2026-06-06 15:49:03   Order size: 5
2026-06-06 15:49:03 --------------------------------------------------
2026-06-06 15:49:03 PLACING ORDER
2026-06-06 15:49:03   Token: 868984789677176171772101524960...
2026-06-06 15:49:03   Side: BUY
2026-06-06 15:49:03   Price: 0.8800
2026-06-06 15:49:03   Size: 5 contracts
2026-06-06 15:49:03   Value: $4.40
2026-06-06 15:49:03   Type: FAK (Fill-And-Kill)
2026-06-06 15:49:04   Order signed in 998ms
2026-06-06 15:49:04 ORDER RESPONSE:
2026-06-06 15:49:04   Success: True
2026-06-06 15:49:04   Order ID: 0xd18e925a43fb5915555f506005761b06041271...
2026-06-06 15:49:04   Status: matched
2026-06-06 15:49:04   Taking Amount: 5.116278
2026-06-06 15:49:04   Making Amount: 4.399999
2026-06-06 15:49:04   Latency: sign=998ms, post=0ms, total=998ms
2026-06-06 15:49:04 --------------------------------------------------
2026-06-06 15:49:04   Order ID: 0xd18e925a43fb5915555f50600576...
2026-06-06 15:49:05   Progress: 5/5 (100.0%)
2026-06-06 15:49:05   Attempt time: 1183ms
2026-06-06 15:49:05   Total execution time: 1186ms
2026-06-06 15:49:05 ============================================================
2026-06-06 15:49:05 ENTRY EXECUTION COMPLETE
2026-06-06 15:49:05   Success: True
2026-06-06 15:49:05   Contracts Filled: 5/5
2026-06-06 15:49:05   Average Price: 0.8800
2026-06-06 15:49:05   Total Cost: $4.40
2026-06-06 15:49:05   Attempts: 1
2026-06-06 15:49:05   Total Time: 1186ms
2026-06-06 15:49:05   Fills: [{"attempt": 1, "filled": 5, "price": 0.88, "order_id": "0xd18e925a43fb591555", "source": "api_response", "timestamp": "2026-06-06T15:49:04.905212"}]
2026-06-06 15:49:05 ============================================================
2026-06-06 15:53:30 ============================================================
2026-06-06 15:53:30 ENTRY EXECUTION STARTED
2026-06-06 15:53:30   Timestamp: 2026-06-06T15:53:30.144363
2026-06-06 15:53:30   Token: 1123075701151289008714267717807823981096...
2026-06-06 15:53:30   Budget: $2
2026-06-06 15:53:30   Price Offset: 0.02
2026-06-06 15:53:30   Max Retries: 3
2026-06-06 15:53:30   Max Entry Price: 0.99
2026-06-06 15:53:30   WebSocket Price: 0.93
2026-06-06 15:53:30   Initial Price: 0.9300
2026-06-06 15:53:30   Contracts Needed: 5
2026-06-06 15:53:30   Estimated Cost: $4.65
2026-06-06 15:53:30 ----------------------------------------
2026-06-06 15:53:30   Order Price: 0.9500 (price + 0.02)
2026-06-06 15:53:30 ATTEMPT 1/3
2026-06-06 15:53:30   Contracts bought so far: 0
2026-06-06 15:53:30   Remaining needed: 5
2026-06-06 15:53:30   Order size: 5
2026-06-06 15:53:30 --------------------------------------------------
2026-06-06 15:53:30 PLACING ORDER
2026-06-06 15:53:30   Token: 112307570115128900871426771780...
2026-06-06 15:53:30   Side: BUY
2026-06-06 15:53:30   Price: 0.9500
2026-06-06 15:53:30   Size: 5 contracts
2026-06-06 15:53:30   Value: $4.75
2026-06-06 15:53:30   Type: FAK (Fill-And-Kill)
2026-06-06 15:53:31   Order signed in 990ms
2026-06-06 15:53:31 ORDER RESPONSE:
2026-06-06 15:53:31   Success: True
2026-06-06 15:53:31   Order ID: 0x88a22b09bac0ab7299c3ff7b5387451f01acda...
2026-06-06 15:53:31   Status: matched
2026-06-06 15:53:31   Taking Amount: 5.107514
2026-06-06 15:53:31   Making Amount: 4.749988
2026-06-06 15:53:31   Latency: sign=990ms, post=0ms, total=991ms
2026-06-06 15:53:31 --------------------------------------------------
2026-06-06 15:53:31   Order ID: 0x88a22b09bac0ab7299c3ff7b5387...
2026-06-06 15:53:31   Progress: 5/5 (100.0%)
2026-06-06 15:53:31   Attempt time: 1162ms
2026-06-06 15:53:31   Total execution time: 1164ms
2026-06-06 15:53:31 ============================================================
2026-06-06 15:53:31 ENTRY EXECUTION COMPLETE
2026-06-06 15:53:31   Success: True
2026-06-06 15:53:31   Contracts Filled: 5/5
2026-06-06 15:53:31   Average Price: 0.9500
2026-06-06 15:53:31   Total Cost: $4.75
2026-06-06 15:53:31   Attempts: 1
2026-06-06 15:53:31   Total Time: 1164ms
2026-06-06 15:53:31   Fills: [{"attempt": 1, "filled": 5, "price": 0.9500000000000001, "order_id": "0x88a22b09bac0ab7299", "source": "api_response", "timestamp": "2026-06-06T15:53:31.137993"}]
2026-06-06 15:53:31 ============================================================
2026-06-06 15:58:42 ============================================================
2026-06-06 15:58:42 ENTRY EXECUTION STARTED
2026-06-06 15:58:42   Timestamp: 2026-06-06T15:58:42.133774
2026-06-06 15:58:42   Token: 8999001501759099934745056730767807642330...
2026-06-06 15:58:42   Budget: $2
2026-06-06 15:58:42   Price Offset: 0.02
2026-06-06 15:58:42   Max Retries: 3
2026-06-06 15:58:42   Max Entry Price: 0.99
2026-06-06 15:58:42   WebSocket Price: 0.85
2026-06-06 15:58:42   Initial Price: 0.8500
2026-06-06 15:58:42   Contracts Needed: 5
2026-06-06 15:58:42   Estimated Cost: $4.25
2026-06-06 15:58:42 ----------------------------------------
2026-06-06 15:58:42   Order Price: 0.8700 (price + 0.02)
2026-06-06 15:58:42 ATTEMPT 1/3
2026-06-06 15:58:42   Contracts bought so far: 0
2026-06-06 15:58:42   Remaining needed: 5
2026-06-06 15:58:42   Order size: 5
2026-06-06 15:58:42 --------------------------------------------------
2026-06-06 15:58:42 PLACING ORDER
2026-06-06 15:58:42   Token: 899900150175909993474505673076...
2026-06-06 15:58:42   Side: BUY
2026-06-06 15:58:42   Price: 0.8700
2026-06-06 15:58:42   Size: 5 contracts
2026-06-06 15:58:42   Value: $4.35
2026-06-06 15:58:42   Type: FAK (Fill-And-Kill)
2026-06-06 15:58:42   Order signed in 734ms
2026-06-06 15:58:42 ORDER RESPONSE:
2026-06-06 15:58:42   Success: True
2026-06-06 15:58:42   Order ID: 0x8d123a5624bf2d18ceaa83db7430e0feb39d1e...
2026-06-06 15:58:42   Status: matched
2026-06-06 15:58:42   Taking Amount: 5.117646
2026-06-06 15:58:42   Making Amount: 4.349999
2026-06-06 15:58:42   Latency: sign=734ms, post=0ms, total=734ms
2026-06-06 15:58:42 --------------------------------------------------
2026-06-06 15:58:42   Order ID: 0x8d123a5624bf2d18ceaa83db7430...
2026-06-06 15:58:43   Progress: 5/5 (100.0%)
2026-06-06 15:58:43   Attempt time: 904ms
2026-06-06 15:58:43   Total execution time: 905ms
2026-06-06 15:58:43 ============================================================
2026-06-06 15:58:43 ENTRY EXECUTION COMPLETE
2026-06-06 15:58:43   Success: True
2026-06-06 15:58:43   Contracts Filled: 5/5
2026-06-06 15:58:43   Average Price: 0.8700
2026-06-06 15:58:43   Total Cost: $4.35
2026-06-06 15:58:43   Attempts: 1
2026-06-06 15:58:43   Total Time: 905ms
2026-06-06 15:58:43   Fills: [{"attempt": 1, "filled": 5, "price": 0.87, "order_id": "0x8d123a5624bf2d18ce", "source": "api_response", "timestamp": "2026-06-06T15:58:42.870654"}]
2026-06-06 15:58:43 ============================================================
2026-06-06 16:13:32 ============================================================
2026-06-06 16:13:32 ENTRY EXECUTION STARTED
2026-06-06 16:13:32   Timestamp: 2026-06-06T16:13:32.829014
2026-06-06 16:13:32   Token: 3575024458448546999009776203543691302687...
2026-06-06 16:13:32   Budget: $2
2026-06-06 16:13:32   Price Offset: 0.02
2026-06-06 16:13:32   Max Retries: 3
2026-06-06 16:13:32   Max Entry Price: 0.99
2026-06-06 16:13:32   WebSocket Price: 0.85
2026-06-06 16:13:32   Initial Price: 0.8500
2026-06-06 16:13:32   Contracts Needed: 5
2026-06-06 16:13:32   Estimated Cost: $4.25
2026-06-06 16:13:32 ----------------------------------------
2026-06-06 16:13:32   Order Price: 0.8700 (price + 0.02)
2026-06-06 16:13:32 ATTEMPT 1/3
2026-06-06 16:13:32   Contracts bought so far: 0
2026-06-06 16:13:32   Remaining needed: 5
2026-06-06 16:13:32   Order size: 5
2026-06-06 16:13:32 --------------------------------------------------
2026-06-06 16:13:32 PLACING ORDER
2026-06-06 16:13:32   Token: 357502445844854699900977620354...
2026-06-06 16:13:32   Side: BUY
2026-06-06 16:13:32   Price: 0.8700
2026-06-06 16:13:32   Size: 5 contracts
2026-06-06 16:13:32   Value: $4.35
2026-06-06 16:13:32   Type: FAK (Fill-And-Kill)
2026-06-06 16:13:33   Order signed in 1101ms
2026-06-06 16:13:33 ORDER RESPONSE:
2026-06-06 16:13:33   Success: True
2026-06-06 16:13:33   Order ID: 0xa71c4d4a5e712f8132c4ffac641d47c9b2c35e...
2026-06-06 16:13:33   Status: matched
2026-06-06 16:13:33   Taking Amount: 5.117646
2026-06-06 16:13:33   Making Amount: 4.349999
2026-06-06 16:13:33   Latency: sign=1101ms, post=0ms, total=1101ms
2026-06-06 16:13:33 --------------------------------------------------
2026-06-06 16:13:33   Order ID: 0xa71c4d4a5e712f8132c4ffac641d...
2026-06-06 16:13:34   Progress: 5/5 (100.0%)
2026-06-06 16:13:34   Attempt time: 1244ms
2026-06-06 16:13:34   Total execution time: 1245ms
2026-06-06 16:13:34 ============================================================
2026-06-06 16:13:34 ENTRY EXECUTION COMPLETE
2026-06-06 16:13:34   Success: True
2026-06-06 16:13:34   Contracts Filled: 5/5
2026-06-06 16:13:34   Average Price: 0.8700
2026-06-06 16:13:34   Total Cost: $4.35
2026-06-06 16:13:34   Attempts: 1
2026-06-06 16:13:34   Total Time: 1245ms
2026-06-06 16:13:34   Fills: [{"attempt": 1, "filled": 5, "price": 0.87, "order_id": "0xa71c4d4a5e712f8132", "source": "api_response", "timestamp": "2026-06-06T16:13:33.932985"}]
2026-06-06 16:13:34 ============================================================
2026-06-06 16:18:30 ============================================================
2026-06-06 16:18:30 ENTRY EXECUTION STARTED
2026-06-06 16:18:30   Timestamp: 2026-06-06T16:18:30.104615
2026-06-06 16:18:30   Token: 3990262113919778659341612035863344625444...
2026-06-06 16:18:30   Budget: $2
2026-06-06 16:18:30   Price Offset: 0.02
2026-06-06 16:18:30   Max Retries: 3
2026-06-06 16:18:30   Max Entry Price: 0.99
2026-06-06 16:18:30   WebSocket Price: 0.95
2026-06-06 16:18:30   Initial Price: 0.9500
2026-06-06 16:18:30   Contracts Needed: 5
2026-06-06 16:18:30   Estimated Cost: $4.75
2026-06-06 16:18:30 ----------------------------------------
2026-06-06 16:18:30   Order Price: 0.9700 (price + 0.02)
2026-06-06 16:18:30 ATTEMPT 1/3
2026-06-06 16:18:30   Contracts bought so far: 0
2026-06-06 16:18:30   Remaining needed: 5
2026-06-06 16:18:30   Order size: 5
2026-06-06 16:18:30 --------------------------------------------------
2026-06-06 16:18:30 PLACING ORDER
2026-06-06 16:18:30   Token: 399026211391977865934161203586...
2026-06-06 16:18:30   Side: BUY
2026-06-06 16:18:30   Price: 0.9700
2026-06-06 16:18:30   Size: 5 contracts
2026-06-06 16:18:30   Value: $4.85
2026-06-06 16:18:30   Type: FAK (Fill-And-Kill)
2026-06-06 16:18:30   Order signed in 786ms
2026-06-06 16:18:30 ORDER RESPONSE:
2026-06-06 16:18:30   Success: True
2026-06-06 16:18:30   Order ID: 0x1894ab72c484934e6a4207f69716ce04af55f4...
2026-06-06 16:18:30   Status: matched
2026-06-06 16:18:30   Taking Amount: 5.10526
2026-06-06 16:18:30   Making Amount: 4.849997
2026-06-06 16:18:30   Latency: sign=786ms, post=0ms, total=786ms
2026-06-06 16:18:30 --------------------------------------------------
2026-06-06 16:18:30   Order ID: 0x1894ab72c484934e6a4207f69716...
2026-06-06 16:18:31   Progress: 5/5 (100.0%)
2026-06-06 16:18:31   Attempt time: 927ms
2026-06-06 16:18:31   Total execution time: 928ms
2026-06-06 16:18:31 ============================================================
2026-06-06 16:18:31 ENTRY EXECUTION COMPLETE
2026-06-06 16:18:31   Success: True
2026-06-06 16:18:31   Contracts Filled: 5/5
2026-06-06 16:18:31   Average Price: 0.9700
2026-06-06 16:18:31   Total Cost: $4.85
2026-06-06 16:18:31   Attempts: 1
2026-06-06 16:18:31   Total Time: 928ms
2026-06-06 16:18:31   Fills: [{"attempt": 1, "filled": 5, "price": 0.97, "order_id": "0x1894ab72c484934e6a", "source": "api_response", "timestamp": "2026-06-06T16:18:30.893571"}]
2026-06-06 16:18:31 ============================================================
2026-06-06 16:23:40 ============================================================
2026-06-06 16:23:40 ENTRY EXECUTION STARTED
2026-06-06 16:23:40   Timestamp: 2026-06-06T16:23:40.865948
2026-06-06 16:23:40   Token: 1056743538462399166005968614131634680947...
2026-06-06 16:23:40   Budget: $2
2026-06-06 16:23:40   Price Offset: 0.02
2026-06-06 16:23:40   Max Retries: 3
2026-06-06 16:23:40   Max Entry Price: 0.99
2026-06-06 16:23:40   WebSocket Price: 0.85
2026-06-06 16:23:40   Initial Price: 0.8500
2026-06-06 16:23:40   Contracts Needed: 5
2026-06-06 16:23:40   Estimated Cost: $4.25
2026-06-06 16:23:40 ----------------------------------------
2026-06-06 16:23:40   Order Price: 0.8700 (price + 0.02)
2026-06-06 16:23:40 ATTEMPT 1/3
2026-06-06 16:23:40   Contracts bought so far: 0
2026-06-06 16:23:40   Remaining needed: 5
2026-06-06 16:23:40   Order size: 5
2026-06-06 16:23:40 --------------------------------------------------
2026-06-06 16:23:40 PLACING ORDER
2026-06-06 16:23:40   Token: 105674353846239916600596861413...
2026-06-06 16:23:40   Side: BUY
2026-06-06 16:23:40   Price: 0.8700
2026-06-06 16:23:40   Size: 5 contracts
2026-06-06 16:23:40   Value: $4.35
2026-06-06 16:23:40   Type: FAK (Fill-And-Kill)
2026-06-06 16:23:41   Order signed in 871ms
2026-06-06 16:23:41 ORDER RESPONSE:
2026-06-06 16:23:41   Success: True
2026-06-06 16:23:41   Order ID: 0x066b56b4371d5279452bafcda4dd4a8fdd4731...
2026-06-06 16:23:41   Status: matched
2026-06-06 16:23:41   Taking Amount: 5.117646
2026-06-06 16:23:41   Making Amount: 4.349999
2026-06-06 16:23:41   Latency: sign=871ms, post=0ms, total=871ms
2026-06-06 16:23:41 --------------------------------------------------
2026-06-06 16:23:41   Order ID: 0x066b56b4371d5279452bafcda4dd...
2026-06-06 16:23:41   Progress: 5/5 (100.0%)
2026-06-06 16:23:41   Attempt time: 1001ms
2026-06-06 16:23:41   Total execution time: 1003ms
2026-06-06 16:23:41 ============================================================
2026-06-06 16:23:41 ENTRY EXECUTION COMPLETE
2026-06-06 16:23:41   Success: True
2026-06-06 16:23:41   Contracts Filled: 5/5
2026-06-06 16:23:41   Average Price: 0.8700
2026-06-06 16:23:41   Total Cost: $4.35
2026-06-06 16:23:41   Attempts: 1
2026-06-06 16:23:41   Total Time: 1003ms
2026-06-06 16:23:41   Fills: [{"attempt": 1, "filled": 5, "price": 0.87, "order_id": "0x066b56b4371d527945", "source": "api_response", "timestamp": "2026-06-06T16:23:41.739593"}]
2026-06-06 16:23:41 ============================================================
2026-06-06 16:33:30 ============================================================
2026-06-06 16:33:30 ENTRY EXECUTION STARTED
2026-06-06 16:33:30   Timestamp: 2026-06-06T16:33:30.186900
2026-06-06 16:33:30   Token: 1039039791495939038154490583473032853786...
2026-06-06 16:33:30   Budget: $2
2026-06-06 16:33:30   Price Offset: 0.02
2026-06-06 16:33:30   Max Retries: 3
2026-06-06 16:33:30   Max Entry Price: 0.99
2026-06-06 16:33:30   WebSocket Price: 0.9
2026-06-06 16:33:30   Initial Price: 0.9000
2026-06-06 16:33:30   Contracts Needed: 5
2026-06-06 16:33:30   Estimated Cost: $4.50
2026-06-06 16:33:30 ----------------------------------------
2026-06-06 16:33:30   Order Price: 0.9200 (price + 0.02)
2026-06-06 16:33:30 ATTEMPT 1/3
2026-06-06 16:33:30   Contracts bought so far: 0
2026-06-06 16:33:30   Remaining needed: 5
2026-06-06 16:33:30   Order size: 5
2026-06-06 16:33:30 --------------------------------------------------
2026-06-06 16:33:30 PLACING ORDER
2026-06-06 16:33:30   Token: 103903979149593903815449058347...
2026-06-06 16:33:30   Side: BUY
2026-06-06 16:33:30   Price: 0.9200
2026-06-06 16:33:30   Size: 5 contracts
2026-06-06 16:33:30   Value: $4.60
2026-06-06 16:33:30   Type: FAK (Fill-And-Kill)
2026-06-06 16:33:31   Order signed in 1046ms
2026-06-06 16:33:31 ORDER RESPONSE:
2026-06-06 16:33:31   Success: True
2026-06-06 16:33:31   Order ID: 0x6ad51df6935ea46b923b299736f6f6bc9431b3...
2026-06-06 16:33:31   Status: matched
2026-06-06 16:33:31   Taking Amount: 5.41176
2026-06-06 16:33:31   Making Amount: 4.599996
2026-06-06 16:33:31   Latency: sign=1046ms, post=0ms, total=1047ms
2026-06-06 16:33:31 --------------------------------------------------
2026-06-06 16:33:31   Order ID: 0x6ad51df6935ea46b923b299736f6...
2026-06-06 16:33:31   Progress: 5/5 (100.0%)
2026-06-06 16:33:31   Attempt time: 1185ms
2026-06-06 16:33:31   Total execution time: 1186ms
2026-06-06 16:33:31 ============================================================
2026-06-06 16:33:31 ENTRY EXECUTION COMPLETE
2026-06-06 16:33:31   Success: True
2026-06-06 16:33:31   Contracts Filled: 5/5
2026-06-06 16:33:31   Average Price: 0.9200
2026-06-06 16:33:31   Total Cost: $4.60
2026-06-06 16:33:31   Attempts: 1
2026-06-06 16:33:31   Total Time: 1186ms
2026-06-06 16:33:31   Fills: [{"attempt": 1, "filled": 5, "price": 0.92, "order_id": "0x6ad51df6935ea46b92", "source": "api_response", "timestamp": "2026-06-06T16:33:31.235363"}]
2026-06-06 16:33:31 ============================================================
2026-06-06 16:39:58 ============================================================
2026-06-06 16:39:58 ENTRY EXECUTION STARTED
2026-06-06 16:39:58   Timestamp: 2026-06-06T16:39:58.085848
2026-06-06 16:39:58   Token: 8734233720537428388800916465512631703415...
2026-06-06 16:39:58   Budget: $2
2026-06-06 16:39:58   Price Offset: 0.02
2026-06-06 16:39:58   Max Retries: 3
2026-06-06 16:39:58   Max Entry Price: 0.99
2026-06-06 16:39:58   WebSocket Price: 0.87
2026-06-06 16:39:58   Initial Price: 0.8700
2026-06-06 16:39:58   Contracts Needed: 5
2026-06-06 16:39:58   Estimated Cost: $4.35
2026-06-06 16:39:58 ----------------------------------------
2026-06-06 16:39:58   Order Price: 0.8900 (price + 0.02)
2026-06-06 16:39:58 ATTEMPT 1/3
2026-06-06 16:39:58   Contracts bought so far: 0
2026-06-06 16:39:58   Remaining needed: 5
2026-06-06 16:39:58   Order size: 5
2026-06-06 16:39:58 --------------------------------------------------
2026-06-06 16:39:58 PLACING ORDER
2026-06-06 16:39:58   Token: 873423372053742838880091646551...
2026-06-06 16:39:58   Side: BUY
2026-06-06 16:39:58   Price: 0.8900
2026-06-06 16:39:58   Size: 5 contracts
2026-06-06 16:39:58   Value: $4.45
2026-06-06 16:39:58   Type: FAK (Fill-And-Kill)
2026-06-06 16:39:59 ORDER FAILED: PolyApiException[status_code=400, error_message={'error': 'no orders found to match with FAK order. FAK orders are partially filled or killed if no match is found.', 'orderID': '0xef85e1d57b35589d5ca8bef164fd9edeb0845bf1780269b4e2546a6a03355561'}]
2026-06-06 16:39:59   Elapsed: 1056ms
2026-06-06 16:39:59 --------------------------------------------------
2026-06-06 16:39:59   Order rejected (API): PolyApiException[status_code=400, error_message={'error': 'no orders found to match with FAK order. FAK orders are partially filled or killed if no match is found.', 'orderID': '0xef85e1d57b35589d5ca8bef164fd9edeb0845bf1780269b4e2546a6a03355561'}]
2026-06-06 16:39:59 ATTEMPT 2/3
2026-06-06 16:39:59   Contracts bought so far: 0
2026-06-06 16:39:59   Remaining needed: 5
2026-06-06 16:39:59   Order size: 5
2026-06-06 16:39:59 --------------------------------------------------
2026-06-06 16:39:59 PLACING ORDER
2026-06-06 16:39:59   Token: 873423372053742838880091646551...
2026-06-06 16:39:59   Side: BUY
2026-06-06 16:39:59   Price: 0.8900
2026-06-06 16:39:59   Size: 5 contracts
2026-06-06 16:39:59   Value: $4.45
2026-06-06 16:39:59   Type: FAK (Fill-And-Kill)
2026-06-06 16:39:59 ORDER FAILED: PolyApiException[status_code=400, error_message={'error': 'no orders found to match with FAK order. FAK orders are partially filled or killed if no match is found.', 'orderID': '0x11adfb16e5fbc09c07c9f9591573109c663ec615a2294eaaf5908c5b2e9127b0'}]
2026-06-06 16:39:59   Elapsed: 528ms
2026-06-06 16:39:59 --------------------------------------------------
2026-06-06 16:39:59   Order rejected (API): PolyApiException[status_code=400, error_message={'error': 'no orders found to match with FAK order. FAK orders are partially filled or killed if no match is found.', 'orderID': '0x11adfb16e5fbc09c07c9f9591573109c663ec615a2294eaaf5908c5b2e9127b0'}]
2026-06-06 16:43:42 ============================================================
2026-06-06 16:43:42 ENTRY EXECUTION STARTED
2026-06-06 16:43:42   Timestamp: 2026-06-06T16:43:42.394017
2026-06-06 16:43:42   Token: 7315795014204149352350831628260435915808...
2026-06-06 16:43:42   Budget: $2
2026-06-06 16:43:42   Price Offset: 0.02
2026-06-06 16:43:42   Max Retries: 3
2026-06-06 16:43:42   Max Entry Price: 0.99
2026-06-06 16:43:42   WebSocket Price: 0.85
2026-06-06 16:43:42   Initial Price: 0.8500
2026-06-06 16:43:42   Contracts Needed: 5
2026-06-06 16:43:42   Estimated Cost: $4.25
2026-06-06 16:43:42 ----------------------------------------
2026-06-06 16:43:42   Order Price: 0.8700 (price + 0.02)
2026-06-06 16:43:42 ATTEMPT 1/3
2026-06-06 16:43:42   Contracts bought so far: 0
2026-06-06 16:43:42   Remaining needed: 5
2026-06-06 16:43:42   Order size: 5
2026-06-06 16:43:42 --------------------------------------------------
2026-06-06 16:43:42 PLACING ORDER
2026-06-06 16:43:42   Token: 731579501420414935235083162826...
2026-06-06 16:43:42   Side: BUY
2026-06-06 16:43:42   Price: 0.8700
2026-06-06 16:43:42   Size: 5 contracts
2026-06-06 16:43:42   Value: $4.35
2026-06-06 16:43:42   Type: FAK (Fill-And-Kill)
2026-06-06 16:43:43   Order signed in 1004ms
2026-06-06 16:43:43 ORDER RESPONSE:
2026-06-06 16:43:43   Success: True
2026-06-06 16:43:43   Order ID: 0x2d849ba1e3a8b60e4c60bf6d0e26057b9a7667...
2026-06-06 16:43:43   Status: matched
2026-06-06 16:43:43   Taking Amount: 5.117646
2026-06-06 16:43:43   Making Amount: 4.349999
2026-06-06 16:43:43   Latency: sign=1004ms, post=0ms, total=1004ms
2026-06-06 16:43:43 --------------------------------------------------
2026-06-06 16:43:43   Order ID: 0x2d849ba1e3a8b60e4c60bf6d0e26...
2026-06-06 16:43:43   Progress: 5/5 (100.0%)
2026-06-06 16:43:43   Attempt time: 1151ms
2026-06-06 16:43:43   Total execution time: 1152ms
2026-06-06 16:43:43 ============================================================
2026-06-06 16:43:43 ENTRY EXECUTION COMPLETE
2026-06-06 16:43:43   Success: True
2026-06-06 16:43:43   Contracts Filled: 5/5
2026-06-06 16:43:43   Average Price: 0.8700
2026-06-06 16:43:43   Total Cost: $4.35
2026-06-06 16:43:43   Attempts: 1
2026-06-06 16:43:43   Total Time: 1153ms
2026-06-06 16:43:43   Fills: [{"attempt": 1, "filled": 5, "price": 0.87, "order_id": "0x2d849ba1e3a8b60e4c", "source": "api_response", "timestamp": "2026-06-06T16:43:43.402520"}]
2026-06-06 16:43:43 ============================================================
2026-06-06 16:49:56 ============================================================
2026-06-06 16:49:56 ENTRY EXECUTION STARTED
2026-06-06 16:49:56   Timestamp: 2026-06-06T16:49:56.002149
2026-06-06 16:49:56   Token: 2496296123073240127924358766205887966714...
2026-06-06 16:49:56   Budget: $2
2026-06-06 16:49:56   Price Offset: 0.02
2026-06-06 16:49:56   Max Retries: 3
2026-06-06 16:49:56   Max Entry Price: 0.99
2026-06-06 16:49:56   WebSocket Price: 0.91
2026-06-06 16:49:56   Initial Price: 0.9100
2026-06-06 16:49:56   Contracts Needed: 5
2026-06-06 16:49:56   Estimated Cost: $4.55
2026-06-06 16:49:56 ----------------------------------------
2026-06-06 16:49:56   Order Price: 0.9300 (price + 0.02)
2026-06-06 16:49:56 ATTEMPT 1/3
2026-06-06 16:49:56   Contracts bought so far: 0
2026-06-06 16:49:56   Remaining needed: 5
2026-06-06 16:49:56   Order size: 5
2026-06-06 16:49:56 --------------------------------------------------
2026-06-06 16:49:56 PLACING ORDER
2026-06-06 16:49:56   Token: 249629612307324012792435876620...
2026-06-06 16:49:56   Side: BUY
2026-06-06 16:49:56   Price: 0.9300
2026-06-06 16:49:56   Size: 5 contracts
2026-06-06 16:49:56   Value: $4.65
2026-06-06 16:49:56   Type: FAK (Fill-And-Kill)
2026-06-06 16:49:56 ORDER FAILED: PolyApiException[status_code=400, error_message={'error': 'no orders found to match with FAK order. FAK orders are partially filled or killed if no match is found.', 'orderID': '0x3ba8228139911e7247ecba747aa5e9e0eb0588633b9f2cda681bc4482296ee3c'}]
2026-06-06 16:49:56   Elapsed: 957ms
2026-06-06 16:49:56 --------------------------------------------------
2026-06-06 16:49:56   Order rejected (API): PolyApiException[status_code=400, error_message={'error': 'no orders found to match with FAK order. FAK orders are partially filled or killed if no match is found.', 'orderID': '0x3ba8228139911e7247ecba747aa5e9e0eb0588633b9f2cda681bc4482296ee3c'}]
2026-06-06 16:49:57 ATTEMPT 2/3
2026-06-06 16:49:57   Contracts bought so far: 0
2026-06-06 16:49:57   Remaining needed: 5
2026-06-06 16:49:57   Order size: 5
2026-06-06 16:49:57 --------------------------------------------------
2026-06-06 16:49:57 PLACING ORDER
2026-06-06 16:49:57   Token: 249629612307324012792435876620...
2026-06-06 16:49:57   Side: BUY
2026-06-06 16:49:57   Price: 0.9300
2026-06-06 16:49:57   Size: 5 contracts
2026-06-06 16:49:57   Value: $4.65
2026-06-06 16:49:57   Type: FAK (Fill-And-Kill)
2026-06-06 16:49:57 ORDER FAILED: PolyApiException[status_code=400, error_message={'error': 'no orders found to match with FAK order. FAK orders are partially filled or killed if no match is found.', 'orderID': '0x61134d8fe90248ad53dac786aaef72d87cfdf209e255fff765ac209f4a3dfc0f'}]
2026-06-06 16:49:57   Elapsed: 525ms
2026-06-06 16:49:57 --------------------------------------------------
2026-06-06 16:49:57   Order rejected (API): PolyApiException[status_code=400, error_message={'error': 'no orders found to match with FAK order. FAK orders are partially filled or killed if no match is found.', 'orderID': '0x61134d8fe90248ad53dac786aaef72d87cfdf209e255fff765ac209f4a3dfc0f'}]
2026-06-06 16:49:58 ATTEMPT 3/3
2026-06-06 16:49:58   Contracts bought so far: 0
2026-06-06 16:49:58   Remaining needed: 5
2026-06-06 16:49:58   Order size: 5
2026-06-06 16:49:58 --------------------------------------------------
2026-06-06 16:49:58 PLACING ORDER
2026-06-06 16:49:58   Token: 249629612307324012792435876620...
2026-06-06 16:49:58   Side: BUY
2026-06-06 16:49:58   Price: 0.9300
2026-06-06 16:49:58   Size: 5 contracts
2026-06-06 16:49:58   Value: $4.65
2026-06-06 16:49:58   Type: FAK (Fill-And-Kill)
2026-06-06 16:49:58   Order signed in 546ms
2026-06-06 16:49:58 ORDER RESPONSE:
2026-06-06 16:49:58   Success: True
2026-06-06 16:49:58   Order ID: 0x067d566b214018b8d3376fa2183079d6187f08...
2026-06-06 16:49:58   Status: matched
2026-06-06 16:49:58   Taking Amount: 5.670727
2026-06-06 16:49:58   Making Amount: 4.649996
2026-06-06 16:49:58   Latency: sign=546ms, post=0ms, total=546ms
2026-06-06 16:49:58 --------------------------------------------------
2026-06-06 16:49:58   Order ID: 0x067d566b214018b8d3376fa21830...
2026-06-06 16:49:58   Progress: 5/5 (100.0%)
2026-06-06 16:49:58   Attempt time: 686ms
2026-06-06 16:49:58   Total execution time: 2784ms
2026-06-06 16:49:58 ============================================================
2026-06-06 16:49:58 ENTRY EXECUTION COMPLETE
2026-06-06 16:49:58   Success: True
2026-06-06 16:49:58   Contracts Filled: 5/5
2026-06-06 16:49:58   Average Price: 0.9300
2026-06-06 16:49:58   Total Cost: $4.65
2026-06-06 16:49:58   Attempts: 3
2026-06-06 16:49:58   Total Time: 2784ms
2026-06-06 16:49:58   Fills: [{"attempt": 3, "filled": 5, "price": 0.93, "order_id": "0x067d566b214018b8d3", "source": "api_response", "timestamp": "2026-06-06T16:49:58.647837"}]
2026-06-06 16:49:58 ============================================================
2026-06-06 17:03:58 ============================================================
2026-06-06 17:03:58 ENTRY EXECUTION STARTED
2026-06-06 17:03:58   Timestamp: 2026-06-06T17:03:58.151506
2026-06-06 17:03:58   Token: 8116619102728794801545839923646984865571...
2026-06-06 17:03:58   Budget: $2
2026-06-06 17:03:58   Price Offset: 0.02
2026-06-06 17:03:58   Max Retries: 3
2026-06-06 17:03:58   Max Entry Price: 0.99
2026-06-06 17:03:58   WebSocket Price: 0.95
2026-06-06 17:03:58   Initial Price: 0.9500
2026-06-06 17:03:58   Contracts Needed: 5
2026-06-06 17:03:58   Estimated Cost: $4.75
2026-06-06 17:03:58 ----------------------------------------
2026-06-06 17:03:58   Order Price: 0.9700 (price + 0.02)
2026-06-06 17:03:58 ATTEMPT 1/3
2026-06-06 17:03:58   Contracts bought so far: 0
2026-06-06 17:03:58   Remaining needed: 5
2026-06-06 17:03:58   Order size: 5
2026-06-06 17:03:58 --------------------------------------------------
2026-06-06 17:03:58 PLACING ORDER
2026-06-06 17:03:58   Token: 811661910272879480154583992364...
2026-06-06 17:03:58   Side: BUY
2026-06-06 17:03:58   Price: 0.9700
2026-06-06 17:03:58   Size: 5 contracts
2026-06-06 17:03:58   Value: $4.85
2026-06-06 17:03:58   Type: FAK (Fill-And-Kill)
2026-06-06 17:03:59   Order signed in 1015ms
2026-06-06 17:03:59 ORDER RESPONSE:
2026-06-06 17:03:59   Success: True
2026-06-06 17:03:59   Order ID: 0xa5049a73f0183c84055a5104f0d86d896c84b3...
2026-06-06 17:03:59   Status: matched
2026-06-06 17:03:59   Taking Amount: 5
2026-06-06 17:03:59   Making Amount: 4.85
2026-06-06 17:03:59   Latency: sign=1015ms, post=0ms, total=1015ms
2026-06-06 17:03:59 --------------------------------------------------
2026-06-06 17:03:59   Order ID: 0xa5049a73f0183c84055a5104f0d8...
2026-06-06 17:03:59   Progress: 5/5 (100.0%)
2026-06-06 17:03:59   Attempt time: 1158ms
2026-06-06 17:03:59   Total execution time: 1159ms
2026-06-06 17:03:59 ============================================================
2026-06-06 17:03:59 ENTRY EXECUTION COMPLETE
2026-06-06 17:03:59   Success: True
2026-06-06 17:03:59   Contracts Filled: 5/5
2026-06-06 17:03:59   Average Price: 0.9700
2026-06-06 17:03:59   Total Cost: $4.85
2026-06-06 17:03:59   Attempts: 1
2026-06-06 17:03:59   Total Time: 1159ms
2026-06-06 17:03:59   Fills: [{"attempt": 1, "filled": 5, "price": 0.97, "order_id": "0xa5049a73f0183c8405", "source": "api_response", "timestamp": "2026-06-06T17:03:59.171040"}]
2026-06-06 17:03:59 ============================================================
2026-06-06 17:09:56 ============================================================
2026-06-06 17:09:56 ENTRY EXECUTION STARTED
2026-06-06 17:09:56   Timestamp: 2026-06-06T17:09:56.494924
2026-06-06 17:09:56   Token: 6402458491714307425852697801419135938773...
2026-06-06 17:09:56   Budget: $2
2026-06-06 17:09:56   Price Offset: 0.02
2026-06-06 17:09:56   Max Retries: 3
2026-06-06 17:09:56   Max Entry Price: 0.99
2026-06-06 17:09:56   WebSocket Price: 0.85
2026-06-06 17:09:56   Initial Price: 0.8500
2026-06-06 17:09:56   Contracts Needed: 5
2026-06-06 17:09:56   Estimated Cost: $4.25
2026-06-06 17:09:56 ----------------------------------------
2026-06-06 17:09:56   Order Price: 0.8700 (price + 0.02)
2026-06-06 17:09:56 ATTEMPT 1/3
2026-06-06 17:09:56   Contracts bought so far: 0
2026-06-06 17:09:56   Remaining needed: 5
2026-06-06 17:09:56   Order size: 5
2026-06-06 17:09:56 --------------------------------------------------
2026-06-06 17:09:56 PLACING ORDER
2026-06-06 17:09:56   Token: 640245849171430742585269780141...
2026-06-06 17:09:56   Side: BUY
2026-06-06 17:09:56   Price: 0.8700
2026-06-06 17:09:56   Size: 5 contracts
2026-06-06 17:09:56   Value: $4.35
2026-06-06 17:09:56   Type: FAK (Fill-And-Kill)
2026-06-06 17:09:57 ORDER FAILED: PolyApiException[status_code=400, error_message={'error': 'no orders found to match with FAK order. FAK orders are partially filled or killed if no match is found.', 'orderID': '0x56c8b7702b2c95c755a136ba40165f110cc105113a4afee812d8929b8a6f6f85'}]
2026-06-06 17:09:57   Elapsed: 960ms
2026-06-06 17:09:57 --------------------------------------------------
2026-06-06 17:09:57   Order rejected (API): PolyApiException[status_code=400, error_message={'error': 'no orders found to match with FAK order. FAK orders are partially filled or killed if no match is found.', 'orderID': '0x56c8b7702b2c95c755a136ba40165f110cc105113a4afee812d8929b8a6f6f85'}]
2026-06-06 17:09:57 ATTEMPT 2/3
2026-06-06 17:09:57   Contracts bought so far: 0
2026-06-06 17:09:57   Remaining needed: 5
2026-06-06 17:09:57   Order size: 5
2026-06-06 17:09:57 --------------------------------------------------
2026-06-06 17:09:57 PLACING ORDER
2026-06-06 17:09:57   Token: 640245849171430742585269780141...
2026-06-06 17:09:57   Side: BUY
2026-06-06 17:09:57   Price: 0.8700
2026-06-06 17:09:57   Size: 5 contracts
2026-06-06 17:09:57   Value: $4.35
2026-06-06 17:09:57   Type: FAK (Fill-And-Kill)
2026-06-06 17:09:58 ORDER FAILED: PolyApiException[status_code=400, error_message={'error': 'no orders found to match with FAK order. FAK orders are partially filled or killed if no match is found.', 'orderID': '0x08ed52a2b8097d837637a91ed10888bc74a2d4905e0ce9a17cd942e42ae337a9'}]
2026-06-06 17:09:58   Elapsed: 521ms
2026-06-06 17:09:58 --------------------------------------------------
2026-06-06 17:09:58   Order rejected (API): PolyApiException[status_code=400, error_message={'error': 'no orders found to match with FAK order. FAK orders are partially filled or killed if no match is found.', 'orderID': '0x08ed52a2b8097d837637a91ed10888bc74a2d4905e0ce9a17cd942e42ae337a9'}]
2026-06-06 17:09:58 ATTEMPT 3/3
2026-06-06 17:09:58   Contracts bought so far: 0
2026-06-06 17:09:58   Remaining needed: 5
2026-06-06 17:09:58   Order size: 5
2026-06-06 17:09:58 --------------------------------------------------
2026-06-06 17:09:58 PLACING ORDER
2026-06-06 17:09:58   Token: 640245849171430742585269780141...
2026-06-06 17:09:58   Side: BUY
2026-06-06 17:09:58   Price: 0.8700
2026-06-06 17:09:58   Size: 5 contracts
2026-06-06 17:09:58   Value: $4.35
2026-06-06 17:09:58   Type: FAK (Fill-And-Kill)
2026-06-06 17:09:59 ORDER FAILED: PolyApiException[status_code=400, error_message={'error': 'no orders found to match with FAK order. FAK orders are partially filled or killed if no match is found.', 'orderID': '0xb75024fb2d8bfec4cee6db97f12f9a28f83bd907b1a94fd1fbe4812d49726672'}]
2026-06-06 17:09:59   Elapsed: 515ms
2026-06-06 17:09:59 --------------------------------------------------
2026-06-06 17:09:59   Order rejected (API): PolyApiException[status_code=400, error_message={'error': 'no orders found to match with FAK order. FAK orders are partially filled or killed if no match is found.', 'orderID': '0xb75024fb2d8bfec4cee6db97f12f9a28f83bd907b1a94fd1fbe4812d49726672'}]
2026-06-06 17:09:59   Total execution time: 2918ms
2026-06-06 17:09:59 ============================================================
2026-06-06 17:09:59 ENTRY EXECUTION COMPLETE
2026-06-06 17:09:59   Success: False
2026-06-06 17:09:59   Contracts Filled: 0/5
2026-06-06 17:09:59   Average Price: 0.0000
2026-06-06 17:09:59   Total Cost: $0.00
2026-06-06 17:09:59   Attempts: 3
2026-06-06 17:09:59   Total Time: 2918ms
2026-06-06 17:09:59   Error: PolyApiException[status_code=400, error_message={'error': 'no orders found to match with FAK order. FAK orders are partially filled or killed if no match is found.', 'orderID': '0xb75024fb2d8bfec4cee6db97f12f9a28f83bd907b1a94fd1fbe4812d49726672'}]
2026-06-06 17:09:59   Fills: []
2026-06-06 17:09:59 ============================================================
2026-06-06 17:09:59 ============================================================
2026-06-06 17:09:59 ENTRY EXECUTION STARTED
2026-06-06 17:09:59   Timestamp: 2026-06-06T17:09:59.560859
2026-06-06 17:09:59   Token: 6402458491714307425852697801419135938773...
2026-06-06 17:09:59   Budget: $2
2026-06-06 17:09:59   Price Offset: 0.02
2026-06-06 17:09:59   Max Retries: 3
2026-06-06 17:09:59   Max Entry Price: 0.99
2026-06-06 17:09:59   WebSocket Price: 0.99
2026-06-06 17:09:59   Initial Price: 0.9900
2026-06-06 17:09:59   Contracts Needed: 5
2026-06-06 17:09:59   Estimated Cost: $4.95
2026-06-06 17:09:59 ----------------------------------------
2026-06-06 17:09:59   PRICE LIMIT: 1.0100 > max 0.9900
2026-06-06 17:09:59 ============================================================
2026-06-06 17:09:59 ENTRY EXECUTION STARTED
2026-06-06 17:09:59   Timestamp: 2026-06-06T17:09:59.826012
2026-06-06 17:09:59   Token: 6402458491714307425852697801419135938773...
2026-06-06 17:09:59   Budget: $2
2026-06-06 17:09:59   Price Offset: 0.02
2026-06-06 17:09:59   Max Retries: 3
2026-06-06 17:09:59   Max Entry Price: 0.99
2026-06-06 17:09:59   WebSocket Price: 0.97
2026-06-06 17:09:59   Initial Price: 0.9700
2026-06-06 17:09:59   Contracts Needed: 5
2026-06-06 17:09:59   Estimated Cost: $4.85
2026-06-06 17:09:59 ----------------------------------------
2026-06-06 17:09:59   Order Price: 0.9900 (price + 0.02)
2026-06-06 17:09:59 ATTEMPT 1/3
2026-06-06 17:09:59   Contracts bought so far: 0
2026-06-06 17:09:59   Remaining needed: 5
2026-06-06 17:09:59   Order size: 5
2026-06-06 17:09:59 --------------------------------------------------
2026-06-06 17:09:59 PLACING ORDER
2026-06-06 17:09:59   Token: 640245849171430742585269780141...
2026-06-06 17:09:59   Side: BUY
2026-06-06 17:09:59   Price: 0.9900
2026-06-06 17:09:59   Size: 5 contracts
2026-06-06 17:09:59   Value: $4.95
2026-06-06 17:09:59   Type: FAK (Fill-And-Kill)
2026-06-06 17:13:35 ============================================================
2026-06-06 17:13:35 ENTRY EXECUTION STARTED
2026-06-06 17:13:35   Timestamp: 2026-06-06T17:13:35.862440
2026-06-06 17:13:35   Token: 6031254401409927501861275393183986624859...
2026-06-06 17:13:35   Budget: $2
2026-06-06 17:13:35   Price Offset: 0.02
2026-06-06 17:13:35   Max Retries: 3
2026-06-06 17:13:35   Max Entry Price: 0.99
2026-06-06 17:13:35   WebSocket Price: 0.86
2026-06-06 17:13:35   Initial Price: 0.8600
2026-06-06 17:13:35   Contracts Needed: 5
2026-06-06 17:13:35   Estimated Cost: $4.30
2026-06-06 17:13:35 ----------------------------------------
2026-06-06 17:13:35   Order Price: 0.8800 (price + 0.02)
2026-06-06 17:13:35 ATTEMPT 1/3
2026-06-06 17:13:35   Contracts bought so far: 0
2026-06-06 17:13:35   Remaining needed: 5
2026-06-06 17:13:35   Order size: 5
2026-06-06 17:13:35 --------------------------------------------------
2026-06-06 17:13:35 PLACING ORDER
2026-06-06 17:13:35   Token: 603125440140992750186127539318...
2026-06-06 17:13:35   Side: BUY
2026-06-06 17:13:35   Price: 0.8800
2026-06-06 17:13:35   Size: 5 contracts
2026-06-06 17:13:35   Value: $4.40
2026-06-06 17:13:35   Type: FAK (Fill-And-Kill)
2026-06-06 17:13:36   Order signed in 1039ms
2026-06-06 17:13:36 ORDER RESPONSE:
2026-06-06 17:13:36   Success: True
2026-06-06 17:13:36   Order ID: 0x2c0be4bae86f29144d2311e9d570af21709cdc...
2026-06-06 17:13:36   Status: matched
2026-06-06 17:13:36   Taking Amount: 5.116278
2026-06-06 17:13:36   Making Amount: 4.399999
2026-06-06 17:13:36   Latency: sign=1039ms, post=0ms, total=1039ms
2026-06-06 17:13:36 --------------------------------------------------
2026-06-06 17:13:36   Order ID: 0x2c0be4bae86f29144d2311e9d570...
2026-06-06 17:13:37   Progress: 5/5 (100.0%)
2026-06-06 17:13:37   Attempt time: 1163ms
2026-06-06 17:13:37   Total execution time: 1165ms
2026-06-06 17:13:37 ============================================================
2026-06-06 17:13:37 ENTRY EXECUTION COMPLETE
2026-06-06 17:13:37   Success: True
2026-06-06 17:13:37   Contracts Filled: 5/5
2026-06-06 17:13:37   Average Price: 0.8800
2026-06-06 17:13:37   Total Cost: $4.40
2026-06-06 17:13:37   Attempts: 1
2026-06-06 17:13:37   Total Time: 1165ms
2026-06-06 17:13:37   Fills: [{"attempt": 1, "filled": 5, "price": 0.88, "order_id": "0x2c0be4bae86f29144d", "source": "api_response", "timestamp": "2026-06-06T17:13:36.904586"}]
2026-06-06 17:13:37 ============================================================
2026-06-06 17:18:30 ============================================================
2026-06-06 17:18:30 ENTRY EXECUTION STARTED
2026-06-06 17:18:30   Timestamp: 2026-06-06T17:18:30.031676
2026-06-06 17:18:30   Token: 2259670813192785139458080015755081543277...
2026-06-06 17:18:30   Budget: $2
2026-06-06 17:18:30   Price Offset: 0.02
2026-06-06 17:18:30   Max Retries: 3
2026-06-06 17:18:30   Max Entry Price: 0.99
2026-06-06 17:18:30   WebSocket Price: 0.88
2026-06-06 17:18:30   Initial Price: 0.8800
2026-06-06 17:18:30   Contracts Needed: 5
2026-06-06 17:18:30   Estimated Cost: $4.40
2026-06-06 17:18:30 ----------------------------------------
2026-06-06 17:18:30   Order Price: 0.9000 (price + 0.02)
2026-06-06 17:18:30 ATTEMPT 1/3
2026-06-06 17:18:30   Contracts bought so far: 0
2026-06-06 17:18:30   Remaining needed: 5
2026-06-06 17:18:30   Order size: 5
2026-06-06 17:18:30 --------------------------------------------------
2026-06-06 17:18:30 PLACING ORDER
2026-06-06 17:18:30   Token: 225967081319278513945808001575...
2026-06-06 17:18:30   Side: BUY
2026-06-06 17:18:30   Price: 0.9000
2026-06-06 17:18:30   Size: 5 contracts
2026-06-06 17:18:30   Value: $4.50
2026-06-06 17:18:30   Type: FAK (Fill-And-Kill)
2026-06-06 17:18:30   Order signed in 955ms
2026-06-06 17:18:30 ORDER RESPONSE:
2026-06-06 17:18:30   Success: True
2026-06-06 17:18:30   Order ID: 0xdaba3c86884945a1cdd42c9fc2c9adf555adbc...
2026-06-06 17:18:30   Status: matched
2026-06-06 17:18:30   Taking Amount: 5.92105
2026-06-06 17:18:30   Making Amount: 4.499998
2026-06-06 17:18:30   Latency: sign=955ms, post=0ms, total=955ms
2026-06-06 17:18:30 --------------------------------------------------
2026-06-06 17:18:30   Order ID: 0xdaba3c86884945a1cdd42c9fc2c9...
2026-06-06 17:18:31   Progress: 5/5 (100.0%)
2026-06-06 17:18:31   Attempt time: 1081ms
2026-06-06 17:18:31   Total execution time: 1081ms
2026-06-06 17:18:31 ============================================================
2026-06-06 17:18:31 ENTRY EXECUTION COMPLETE
2026-06-06 17:18:31   Success: True
2026-06-06 17:18:31   Contracts Filled: 5/5
2026-06-06 17:18:31   Average Price: 0.9000
2026-06-06 17:18:31   Total Cost: $4.50
2026-06-06 17:18:31   Attempts: 1
2026-06-06 17:18:31   Total Time: 1082ms
2026-06-06 17:18:31   Fills: [{"attempt": 1, "filled": 5, "price": 0.9, "order_id": "0xdaba3c86884945a1cd", "source": "api_response", "timestamp": "2026-06-06T17:18:30.988238"}]
2026-06-06 17:18:31 ============================================================
2026-06-06 17:24:49 ============================================================
2026-06-06 17:24:49 ENTRY EXECUTION STARTED
2026-06-06 17:24:49   Timestamp: 2026-06-06T17:24:49.998499
2026-06-06 17:24:49   Token: 6761821726994194181337798449523538096161...
2026-06-06 17:24:49   Budget: $2
2026-06-06 17:24:49   Price Offset: 0.02
2026-06-06 17:24:49   Max Retries: 3
2026-06-06 17:24:49   Max Entry Price: 0.99
2026-06-06 17:24:49   WebSocket Price: 0.98
2026-06-06 17:24:49   Initial Price: 0.9800
2026-06-06 17:24:49   Contracts Needed: 5
2026-06-06 17:24:49   Estimated Cost: $4.90
2026-06-06 17:24:49 ----------------------------------------
2026-06-06 17:24:49   PRICE LIMIT: 1.0000 > max 0.9900
2026-06-06 17:24:51 ============================================================
2026-06-06 17:24:51 ENTRY EXECUTION STARTED
2026-06-06 17:24:51   Timestamp: 2026-06-06T17:24:51.031670
2026-06-06 17:24:51   Token: 6761821726994194181337798449523538096161...
2026-06-06 17:24:51   Budget: $2
2026-06-06 17:24:51   Price Offset: 0.02
2026-06-06 17:24:51   Max Retries: 3
2026-06-06 17:24:51   Max Entry Price: 0.99
2026-06-06 17:24:51   WebSocket Price: 0.98
2026-06-06 17:24:51   Initial Price: 0.9800
2026-06-06 17:24:51   Contracts Needed: 5
2026-06-06 17:24:51   Estimated Cost: $4.90
2026-06-06 17:24:51 ----------------------------------------
2026-06-06 17:24:51   PRICE LIMIT: 1.0000 > max 0.9900
2026-06-06 17:24:53 ============================================================
2026-06-06 17:24:53 ENTRY EXECUTION STARTED
2026-06-06 17:24:53   Timestamp: 2026-06-06T17:24:53.895464
2026-06-06 17:24:53   Token: 6761821726994194181337798449523538096161...
2026-06-06 17:24:53   Budget: $2
2026-06-06 17:24:53   Price Offset: 0.02
2026-06-06 17:24:53   Max Retries: 3
2026-06-06 17:24:53   Max Entry Price: 0.99
2026-06-06 17:24:53   WebSocket Price: 0.99
2026-06-06 17:24:53   Initial Price: 0.9900
2026-06-06 17:24:53   Contracts Needed: 5
2026-06-06 17:24:53   Estimated Cost: $4.95
2026-06-06 17:24:53 ----------------------------------------
2026-06-06 17:24:53   PRICE LIMIT: 1.0100 > max 0.9900
2026-06-06 17:24:54 ============================================================
2026-06-06 17:24:54 ENTRY EXECUTION STARTED
2026-06-06 17:24:54   Timestamp: 2026-06-06T17:24:54.151092
2026-06-06 17:24:54   Token: 6761821726994194181337798449523538096161...
2026-06-06 17:24:54   Budget: $2
2026-06-06 17:24:54   Price Offset: 0.02
2026-06-06 17:24:54   Max Retries: 3
2026-06-06 17:24:54   Max Entry Price: 0.99
2026-06-06 17:24:54   WebSocket Price: 0.99
2026-06-06 17:24:54   Initial Price: 0.9900
2026-06-06 17:24:54   Contracts Needed: 5
2026-06-06 17:24:54   Estimated Cost: $4.95
2026-06-06 17:24:54 ----------------------------------------
2026-06-06 17:24:54   PRICE LIMIT: 1.0100 > max 0.9900
2026-06-06 17:24:54 ============================================================
2026-06-06 17:24:54 ENTRY EXECUTION STARTED
2026-06-06 17:24:54   Timestamp: 2026-06-06T17:24:54.419530
2026-06-06 17:24:54   Token: 6761821726994194181337798449523538096161...
2026-06-06 17:24:54   Budget: $2
2026-06-06 17:24:54   Price Offset: 0.02
2026-06-06 17:24:54   Max Retries: 3
2026-06-06 17:24:54   Max Entry Price: 0.99
2026-06-06 17:24:54   WebSocket Price: 0.99
2026-06-06 17:24:54   Initial Price: 0.9900
2026-06-06 17:24:54   Contracts Needed: 5
2026-06-06 17:24:54   Estimated Cost: $4.95
2026-06-06 17:24:54 ----------------------------------------
2026-06-06 17:24:54   PRICE LIMIT: 1.0100 > max 0.9900
2026-06-06 17:24:54 ============================================================
2026-06-06 17:24:54 ENTRY EXECUTION STARTED
2026-06-06 17:24:54   Timestamp: 2026-06-06T17:24:54.952896
2026-06-06 17:24:54   Token: 6761821726994194181337798449523538096161...
2026-06-06 17:24:54   Budget: $2
2026-06-06 17:24:54   Price Offset: 0.02
2026-06-06 17:24:54   Max Retries: 3
2026-06-06 17:24:54   Max Entry Price: 0.99
2026-06-06 17:24:54   WebSocket Price: 0.99
2026-06-06 17:24:54   Initial Price: 0.9900
2026-06-06 17:24:54   Contracts Needed: 5
2026-06-06 17:24:54   Estimated Cost: $4.95
2026-06-06 17:24:54 ----------------------------------------
2026-06-06 17:24:54   PRICE LIMIT: 1.0100 > max 0.9900
2026-06-06 17:24:55 ============================================================
2026-06-06 17:24:55 ENTRY EXECUTION STARTED
2026-06-06 17:24:55   Timestamp: 2026-06-06T17:24:55.214742
2026-06-06 17:24:55   Token: 6761821726994194181337798449523538096161...
2026-06-06 17:24:55   Budget: $2
2026-06-06 17:24:55   Price Offset: 0.02
2026-06-06 17:24:55   Max Retries: 3
2026-06-06 17:24:55   Max Entry Price: 0.99
2026-06-06 17:24:55   WebSocket Price: 0.99
2026-06-06 17:24:55   Initial Price: 0.9900
2026-06-06 17:24:55   Contracts Needed: 5
2026-06-06 17:24:55   Estimated Cost: $4.95
2026-06-06 17:24:55 ----------------------------------------
2026-06-06 17:24:55   PRICE LIMIT: 1.0100 > max 0.9900
2026-06-06 17:24:55 ============================================================
2026-06-06 17:24:55 ENTRY EXECUTION STARTED
2026-06-06 17:24:55   Timestamp: 2026-06-06T17:24:55.482489
2026-06-06 17:24:55   Token: 6761821726994194181337798449523538096161...
2026-06-06 17:24:55   Budget: $2
2026-06-06 17:24:55   Price Offset: 0.02
2026-06-06 17:24:55   Max Retries: 3
2026-06-06 17:24:55   Max Entry Price: 0.99
2026-06-06 17:24:55   WebSocket Price: 0.99
2026-06-06 17:24:55   Initial Price: 0.9900
2026-06-06 17:24:55   Contracts Needed: 5
2026-06-06 17:24:55   Estimated Cost: $4.95
2026-06-06 17:24:55 ----------------------------------------
2026-06-06 17:24:55   PRICE LIMIT: 1.0100 > max 0.9900
2026-06-06 17:24:55 ============================================================
2026-06-06 17:24:55 ENTRY EXECUTION STARTED
2026-06-06 17:24:55   Timestamp: 2026-06-06T17:24:55.752659
2026-06-06 17:24:55   Token: 6761821726994194181337798449523538096161...
2026-06-06 17:24:55   Budget: $2
2026-06-06 17:24:55   Price Offset: 0.02
2026-06-06 17:24:55   Max Retries: 3
2026-06-06 17:24:55   Max Entry Price: 0.99
2026-06-06 17:24:55   WebSocket Price: 0.99
2026-06-06 17:24:55   Initial Price: 0.9900
2026-06-06 17:24:55   Contracts Needed: 5
2026-06-06 17:24:55   Estimated Cost: $4.95
2026-06-06 17:24:55 ----------------------------------------
2026-06-06 17:24:55   PRICE LIMIT: 1.0100 > max 0.9900
2026-06-06 17:34:03 ============================================================
2026-06-06 17:34:03 ENTRY EXECUTION STARTED
2026-06-06 17:34:03   Timestamp: 2026-06-06T17:34:03.161996
2026-06-06 17:34:03   Token: 9465815751901939469733776804334891564468...
2026-06-06 17:34:03   Budget: $2
2026-06-06 17:34:03   Price Offset: 0.02
2026-06-06 17:34:03   Max Retries: 3
2026-06-06 17:34:03   Max Entry Price: 0.99
2026-06-06 17:34:03   WebSocket Price: 0.89
2026-06-06 17:34:03   Initial Price: 0.8900
2026-06-06 17:34:03   Contracts Needed: 5
2026-06-06 17:34:03   Estimated Cost: $4.45
2026-06-06 17:34:03 ----------------------------------------
2026-06-06 17:34:03   Order Price: 0.9100 (price + 0.02)
2026-06-06 17:34:03 ATTEMPT 1/3
2026-06-06 17:34:03   Contracts bought so far: 0
2026-06-06 17:34:03   Remaining needed: 5
2026-06-06 17:34:03   Order size: 5
2026-06-06 17:34:03 --------------------------------------------------
2026-06-06 17:34:03 PLACING ORDER
2026-06-06 17:34:03   Token: 946581575190193946973377680433...
2026-06-06 17:34:03   Side: BUY
2026-06-06 17:34:03   Price: 0.9100
2026-06-06 17:34:03   Size: 5 contracts
2026-06-06 17:34:03   Value: $4.55
2026-06-06 17:34:03   Type: FAK (Fill-And-Kill)
2026-06-06 17:34:04   Order signed in 880ms
2026-06-06 17:34:04 ORDER RESPONSE:
2026-06-06 17:34:04   Success: True
2026-06-06 17:34:04   Order ID: 0x4a729e553a8caca79711c5237e95078d20c5ab...
2026-06-06 17:34:04   Status: matched
2026-06-06 17:34:04   Taking Amount: 5.112354
2026-06-06 17:34:04   Making Amount: 4.549995
2026-06-06 17:34:04   Latency: sign=880ms, post=0ms, total=880ms
2026-06-06 17:34:04 --------------------------------------------------
2026-06-06 17:34:04   Order ID: 0x4a729e553a8caca79711c5237e95...
2026-06-06 17:34:04   Progress: 5/5 (100.0%)
2026-06-06 17:34:04   Attempt time: 1017ms
2026-06-06 17:34:04   Total execution time: 1018ms
2026-06-06 17:34:04 ============================================================
2026-06-06 17:34:04 ENTRY EXECUTION COMPLETE
2026-06-06 17:34:04   Success: True
2026-06-06 17:34:04   Contracts Filled: 5/5
2026-06-06 17:34:04   Average Price: 0.9100
2026-06-06 17:34:04   Total Cost: $4.55
2026-06-06 17:34:04   Attempts: 1
2026-06-06 17:34:04   Total Time: 1018ms
2026-06-06 17:34:04   Fills: [{"attempt": 1, "filled": 5, "price": 0.91, "order_id": "0x4a729e553a8caca797", "source": "api_response", "timestamp": "2026-06-06T17:34:04.045090"}]
2026-06-06 17:34:04 ============================================================
2026-06-06 17:39:27 ============================================================
2026-06-06 17:39:27 ENTRY EXECUTION STARTED
2026-06-06 17:39:27   Timestamp: 2026-06-06T17:39:27.768695
2026-06-06 17:39:27   Token: 6967125797566432272010857810850490887246...
2026-06-06 17:39:27   Budget: $2
2026-06-06 17:39:27   Price Offset: 0.02
2026-06-06 17:39:27   Max Retries: 3
2026-06-06 17:39:27   Max Entry Price: 0.99
2026-06-06 17:39:27   WebSocket Price: 0.89
2026-06-06 17:39:27   Initial Price: 0.8900
2026-06-06 17:39:27   Contracts Needed: 5
2026-06-06 17:39:27   Estimated Cost: $4.45
2026-06-06 17:39:27 ----------------------------------------
2026-06-06 17:39:27   Order Price: 0.9100 (price + 0.02)
2026-06-06 17:39:27 ATTEMPT 1/3
2026-06-06 17:39:27   Contracts bought so far: 0
2026-06-06 17:39:27   Remaining needed: 5
2026-06-06 17:39:27   Order size: 5
2026-06-06 17:39:27 --------------------------------------------------
2026-06-06 17:39:27 PLACING ORDER
2026-06-06 17:39:27   Token: 696712579756643227201085781085...
2026-06-06 17:39:27   Side: BUY
2026-06-06 17:39:27   Price: 0.9100
2026-06-06 17:39:27   Size: 5 contracts
2026-06-06 17:39:27   Value: $4.55
2026-06-06 17:39:27   Type: FAK (Fill-And-Kill)
2026-06-06 17:39:28   Order signed in 1116ms
2026-06-06 17:39:28 ORDER RESPONSE:
2026-06-06 17:39:28   Success: True
2026-06-06 17:39:28   Order ID: 0x1c917ac6ec850de95d3a32133e310c416c77f8...
2026-06-06 17:39:28   Status: matched
2026-06-06 17:39:28   Taking Amount: 5.548777
2026-06-06 17:39:28   Making Amount: 4.549997
2026-06-06 17:39:28   Latency: sign=1116ms, post=0ms, total=1117ms
2026-06-06 17:39:28 --------------------------------------------------
2026-06-06 17:39:28   Order ID: 0x1c917ac6ec850de95d3a32133e31...
2026-06-06 17:39:29   Progress: 5/5 (100.0%)
2026-06-06 17:39:29   Attempt time: 1254ms
2026-06-06 17:39:29   Total execution time: 1255ms
2026-06-06 17:39:29 ============================================================
2026-06-06 17:39:29 ENTRY EXECUTION COMPLETE
2026-06-06 17:39:29   Success: True
2026-06-06 17:39:29   Contracts Filled: 5/5
2026-06-06 17:39:29   Average Price: 0.9100
2026-06-06 17:39:29   Total Cost: $4.55
2026-06-06 17:39:29   Attempts: 1
2026-06-06 17:39:29   Total Time: 1255ms
2026-06-06 17:39:29   Fills: [{"attempt": 1, "filled": 5, "price": 0.91, "order_id": "0x1c917ac6ec850de95d", "source": "api_response", "timestamp": "2026-06-06T17:39:28.887989"}]
2026-06-06 17:39:29 ============================================================
2026-06-06 17:53:53 ============================================================
2026-06-06 17:53:53 ENTRY EXECUTION STARTED
2026-06-06 17:53:53   Timestamp: 2026-06-06T17:53:53.445561
2026-06-06 17:53:53   Token: 9982590958198412265529166113193817798340...
2026-06-06 17:53:53   Budget: $2
2026-06-06 17:53:53   Price Offset: 0.02
2026-06-06 17:53:53   Max Retries: 3
2026-06-06 17:53:53   Max Entry Price: 0.99
2026-06-06 17:53:53   WebSocket Price: 0.85
2026-06-06 17:53:53   Initial Price: 0.8500
2026-06-06 17:53:53   Contracts Needed: 5
2026-06-06 17:53:53   Estimated Cost: $4.25
2026-06-06 17:53:53 ----------------------------------------
2026-06-06 17:53:53   Order Price: 0.8700 (price + 0.02)
2026-06-06 17:53:53 ATTEMPT 1/3
2026-06-06 17:53:53   Contracts bought so far: 0
2026-06-06 17:53:53   Remaining needed: 5
2026-06-06 17:53:53   Order size: 5
2026-06-06 17:53:53 --------------------------------------------------
2026-06-06 17:53:53 PLACING ORDER
2026-06-06 17:53:53   Token: 998259095819841226552916611319...
2026-06-06 17:53:53   Side: BUY
2026-06-06 17:53:53   Price: 0.8700
2026-06-06 17:53:53   Size: 5 contracts
2026-06-06 17:53:53   Value: $4.35
2026-06-06 17:53:53   Type: FAK (Fill-And-Kill)
2026-06-06 17:53:54   Order signed in 799ms
2026-06-06 17:53:54 ORDER RESPONSE:
2026-06-06 17:53:54   Success: True
2026-06-06 17:53:54   Order ID: 0x1b46f35302c8f14dd1801cf3829143260af350...
2026-06-06 17:53:54   Status: matched
2026-06-06 17:53:54   Taking Amount: 5.117646
2026-06-06 17:53:54   Making Amount: 4.349999
2026-06-06 17:53:54   Latency: sign=799ms, post=0ms, total=799ms
2026-06-06 17:53:54 --------------------------------------------------
2026-06-06 17:53:54   Order ID: 0x1b46f35302c8f14dd1801cf38291...
2026-06-06 17:53:54   Progress: 5/5 (100.0%)
2026-06-06 17:53:54   Attempt time: 944ms
2026-06-06 17:53:54   Total execution time: 945ms
2026-06-06 17:53:54 ============================================================
2026-06-06 17:53:54 ENTRY EXECUTION COMPLETE
2026-06-06 17:53:54   Success: True
2026-06-06 17:53:54   Contracts Filled: 5/5
2026-06-06 17:53:54   Average Price: 0.8700
2026-06-06 17:53:54   Total Cost: $4.35
2026-06-06 17:53:54   Attempts: 1
2026-06-06 17:53:54   Total Time: 945ms
2026-06-06 17:53:54   Fills: [{"attempt": 1, "filled": 5, "price": 0.87, "order_id": "0x1b46f35302c8f14dd1", "source": "api_response", "timestamp": "2026-06-06T17:53:54.246806"}]
2026-06-06 17:53:54 ============================================================
2026-06-06 17:58:30 ============================================================
2026-06-06 17:58:30 ENTRY EXECUTION STARTED
2026-06-06 17:58:30   Timestamp: 2026-06-06T17:58:30.080118
2026-06-06 17:58:30   Token: 4233909209693553164064410006835995902674...
2026-06-06 17:58:30   Budget: $2
2026-06-06 17:58:30   Price Offset: 0.02
2026-06-06 17:58:30   Max Retries: 3
2026-06-06 17:58:30   Max Entry Price: 0.99
2026-06-06 17:58:30   WebSocket Price: 0.95
2026-06-06 17:58:30   Initial Price: 0.9500
2026-06-06 17:58:30   Contracts Needed: 5
2026-06-06 17:58:30   Estimated Cost: $4.75
2026-06-06 17:58:30 ----------------------------------------
2026-06-06 17:58:30   Order Price: 0.9700 (price + 0.02)
2026-06-06 17:58:30 ATTEMPT 1/3
2026-06-06 17:58:30   Contracts bought so far: 0
2026-06-06 17:58:30   Remaining needed: 5
2026-06-06 17:58:30   Order size: 5
2026-06-06 17:58:30 --------------------------------------------------
2026-06-06 17:58:30 PLACING ORDER
2026-06-06 17:58:30   Token: 423390920969355316406441000683...
2026-06-06 17:58:30   Side: BUY
2026-06-06 17:58:30   Price: 0.9700
2026-06-06 17:58:30   Size: 5 contracts
2026-06-06 17:58:30   Value: $4.85
2026-06-06 17:58:30   Type: FAK (Fill-And-Kill)
2026-06-06 17:58:30   Order signed in 826ms
2026-06-06 17:58:30 ORDER RESPONSE:
2026-06-06 17:58:30   Success: True
2026-06-06 17:58:30   Order ID: 0xa7e1b522d7e37dcb35cd3d83db94a97d0bbcdd...
2026-06-06 17:58:30   Status: matched
2026-06-06 17:58:30   Taking Amount: 5.105262
2026-06-06 17:58:30   Making Amount: 4.849998
2026-06-06 17:58:30   Latency: sign=826ms, post=0ms, total=827ms
2026-06-06 17:58:30 --------------------------------------------------
2026-06-06 17:58:30   Order ID: 0xa7e1b522d7e37dcb35cd3d83db94...
2026-06-06 17:58:31   Progress: 5/5 (100.0%)
2026-06-06 17:58:31   Attempt time: 960ms
2026-06-06 17:58:31   Total execution time: 962ms
2026-06-06 17:58:31 ============================================================
2026-06-06 17:58:31 ENTRY EXECUTION COMPLETE
2026-06-06 17:58:31   Success: True
2026-06-06 17:58:31   Contracts Filled: 5/5
2026-06-06 17:58:31   Average Price: 0.9700
2026-06-06 17:58:31   Total Cost: $4.85
2026-06-06 17:58:31   Attempts: 1
2026-06-06 17:58:31   Total Time: 962ms
2026-06-06 17:58:31   Fills: [{"attempt": 1, "filled": 5, "price": 0.97, "order_id": "0xa7e1b522d7e37dcb35", "source": "api_response", "timestamp": "2026-06-06T17:58:30.909538"}]
2026-06-06 17:58:31 ============================================================
2026-06-06 18:13:35 ============================================================
2026-06-06 18:13:35 ENTRY EXECUTION STARTED
2026-06-06 18:13:35   Timestamp: 2026-06-06T18:13:35.999743
2026-06-06 18:13:35   Token: 3599659299686837671886109965861829709570...
2026-06-06 18:13:35   Budget: $2
2026-06-06 18:13:35   Price Offset: 0.02
2026-06-06 18:13:36   Max Retries: 3
2026-06-06 18:13:36   Max Entry Price: 0.99
2026-06-06 18:13:36   WebSocket Price: 0.86
2026-06-06 18:13:36   Initial Price: 0.8600
2026-06-06 18:13:36   Contracts Needed: 5
2026-06-06 18:13:36   Estimated Cost: $4.30
2026-06-06 18:13:36 ----------------------------------------
2026-06-06 18:13:36   Order Price: 0.8800 (price + 0.02)
2026-06-06 18:13:36 ATTEMPT 1/3
2026-06-06 18:13:36   Contracts bought so far: 0
2026-06-06 18:13:36   Remaining needed: 5
2026-06-06 18:13:36   Order size: 5
2026-06-06 18:13:36 --------------------------------------------------
2026-06-06 18:13:36 PLACING ORDER
2026-06-06 18:13:36   Token: 359965929968683767188610996586...
2026-06-06 18:13:36   Side: BUY
2026-06-06 18:13:36   Price: 0.8800
2026-06-06 18:13:36   Size: 5 contracts
2026-06-06 18:13:36   Value: $4.40
2026-06-06 18:13:36   Type: FAK (Fill-And-Kill)
2026-06-06 18:13:37 ORDER FAILED: PolyApiException[status_code=400, error_message={'error': 'no orders found to match with FAK order. FAK orders are partially filled or killed if no match is found.', 'orderID': '0xceaaa4bedef52eec463c9cd3ea9e608f66aeee6e505066df570bd47f58e69cb7'}]
2026-06-06 18:13:37   Elapsed: 1295ms
2026-06-06 18:13:37 --------------------------------------------------
2026-06-06 18:13:37   Order rejected (API): PolyApiException[status_code=400, error_message={'error': 'no orders found to match with FAK order. FAK orders are partially filled or killed if no match is found.', 'orderID': '0xceaaa4bedef52eec463c9cd3ea9e608f66aeee6e505066df570bd47f58e69cb7'}]
2026-06-06 18:13:37 ATTEMPT 2/3
2026-06-06 18:13:37   Contracts bought so far: 0
2026-06-06 18:13:37   Remaining needed: 5
2026-06-06 18:13:37   Order size: 5
2026-06-06 18:13:37 --------------------------------------------------
2026-06-06 18:13:37 PLACING ORDER
2026-06-06 18:13:37   Token: 359965929968683767188610996586...
2026-06-06 18:13:37   Side: BUY
2026-06-06 18:13:37   Price: 0.8800
2026-06-06 18:13:37   Size: 5 contracts
2026-06-06 18:13:37   Value: $4.40
2026-06-06 18:13:37   Type: FAK (Fill-And-Kill)
2026-06-06 18:13:38 ORDER FAILED: PolyApiException[status_code=400, error_message={'error': 'no orders found to match with FAK order. FAK orders are partially filled or killed if no match is found.', 'orderID': '0x0ffb68fb4e4a9a87f80036096072f19f0eda0069087a4c1a230ed434fa384a04'}]
2026-06-06 18:13:38   Elapsed: 488ms
2026-06-06 18:13:38 --------------------------------------------------
2026-06-06 18:13:38   Order rejected (API): PolyApiException[status_code=400, error_message={'error': 'no orders found to match with FAK order. FAK orders are partially filled or killed if no match is found.', 'orderID': '0x0ffb68fb4e4a9a87f80036096072f19f0eda0069087a4c1a230ed434fa384a04'}]
2026-06-06 18:13:38 ATTEMPT 3/3
2026-06-06 18:13:38   Contracts bought so far: 0
2026-06-06 18:13:38   Remaining needed: 5
2026-06-06 18:13:38   Order size: 5
2026-06-06 18:13:38 --------------------------------------------------
2026-06-06 18:13:38 PLACING ORDER
2026-06-06 18:13:38   Token: 359965929968683767188610996586...
2026-06-06 18:13:38   Side: BUY
2026-06-06 18:13:38   Price: 0.8800
2026-06-06 18:13:38   Size: 5 contracts
2026-06-06 18:13:38   Value: $4.40
2026-06-06 18:13:38   Type: FAK (Fill-And-Kill)
2026-06-06 18:13:38 ORDER FAILED: PolyApiException[status_code=400, error_message={'error': 'no orders found to match with FAK order. FAK orders are partially filled or killed if no match is found.', 'orderID': '0x1d755d8d11ee1924e43ea3b2472245b64cfe039a2916a3472485a0635904ce5c'}]
2026-06-06 18:13:38   Elapsed: 492ms
2026-06-06 18:13:38 --------------------------------------------------
2026-06-06 18:13:38   Order rejected (API): PolyApiException[status_code=400, error_message={'error': 'no orders found to match with FAK order. FAK orders are partially filled or killed if no match is found.', 'orderID': '0x1d755d8d11ee1924e43ea3b2472245b64cfe039a2916a3472485a0635904ce5c'}]
2026-06-06 18:13:39   Total execution time: 3210ms
2026-06-06 18:13:39 ============================================================
2026-06-06 18:13:39 ENTRY EXECUTION COMPLETE
2026-06-06 18:13:39   Success: False
2026-06-06 18:13:39   Contracts Filled: 0/5
2026-06-06 18:13:39   Average Price: 0.0000
2026-06-06 18:13:39   Total Cost: $0.00
2026-06-06 18:13:39   Attempts: 3
2026-06-06 18:13:39   Total Time: 3211ms
2026-06-06 18:13:39   Error: PolyApiException[status_code=400, error_message={'error': 'no orders found to match with FAK order. FAK orders are partially filled or killed if no match is found.', 'orderID': '0x1d755d8d11ee1924e43ea3b2472245b64cfe039a2916a3472485a0635904ce5c'}]
2026-06-06 18:13:39   Fills: []
2026-06-06 18:13:39 ============================================================
2026-06-06 18:13:39 ============================================================
2026-06-06 18:13:39 ENTRY EXECUTION STARTED
2026-06-06 18:13:39   Timestamp: 2026-06-06T18:13:39.354796
2026-06-06 18:13:39   Token: 3599659299686837671886109965861829709570...
2026-06-06 18:13:39   Budget: $2
2026-06-06 18:13:39   Price Offset: 0.02
2026-06-06 18:13:39   Max Retries: 3
2026-06-06 18:13:39   Max Entry Price: 0.99
2026-06-06 18:13:39   WebSocket Price: 0.91
2026-06-06 18:13:39   Initial Price: 0.9100
2026-06-06 18:13:39   Contracts Needed: 5
2026-06-06 18:13:39   Estimated Cost: $4.55
2026-06-06 18:13:39 ----------------------------------------
2026-06-06 18:13:39   Order Price: 0.9300 (price + 0.02)
2026-06-06 18:13:39 ATTEMPT 1/3
2026-06-06 18:13:39   Contracts bought so far: 0
2026-06-06 18:13:39   Remaining needed: 5
2026-06-06 18:13:39   Order size: 5
2026-06-06 18:13:39 --------------------------------------------------
2026-06-06 18:13:39 PLACING ORDER
2026-06-06 18:13:39   Token: 359965929968683767188610996586...
2026-06-06 18:13:39   Side: BUY
2026-06-06 18:13:39   Price: 0.9300
2026-06-06 18:13:39   Size: 5 contracts
2026-06-06 18:13:39   Value: $4.65
2026-06-06 18:13:39   Type: FAK (Fill-And-Kill)
2026-06-06 18:13:39   Order signed in 548ms
2026-06-06 18:13:39 ORDER RESPONSE:
2026-06-06 18:13:39   Success: True
2026-06-06 18:13:39   Order ID: 0x08cccbf055f8f435b588148b86c21ea93c171a...
2026-06-06 18:13:39   Status: matched
2026-06-06 18:13:39   Taking Amount: 5
2026-06-06 18:13:39   Making Amount: 4.65
2026-06-06 18:13:39   Latency: sign=548ms, post=0ms, total=548ms
2026-06-06 18:13:39 --------------------------------------------------
2026-06-06 18:13:39   Order ID: 0x08cccbf055f8f435b588148b86c2...
2026-06-06 18:13:40   Progress: 5/5 (100.0%)
2026-06-06 18:13:40   Attempt time: 680ms
2026-06-06 18:13:40   Total execution time: 681ms
2026-06-06 18:13:40 ============================================================
2026-06-06 18:13:40 ENTRY EXECUTION COMPLETE
2026-06-06 18:13:40   Success: True
2026-06-06 18:13:40   Contracts Filled: 5/5
2026-06-06 18:13:40   Average Price: 0.9300
2026-06-06 18:13:40   Total Cost: $4.65
2026-06-06 18:13:40   Attempts: 1
2026-06-06 18:13:40   Total Time: 681ms
2026-06-06 18:13:40   Fills: [{"attempt": 1, "filled": 5, "price": 0.93, "order_id": "0x08cccbf055f8f435b5", "source": "api_response", "timestamp": "2026-06-06T18:13:39.906287"}]
2026-06-06 18:13:40 ============================================================
2026-06-06 18:19:11 ============================================================
2026-06-06 18:19:11 ENTRY EXECUTION STARTED
2026-06-06 18:19:11   Timestamp: 2026-06-06T18:19:11.940736
2026-06-06 18:19:11   Token: 6749752029404627806347055681306136511529...
2026-06-06 18:19:11   Budget: $2
2026-06-06 18:19:11   Price Offset: 0.02
2026-06-06 18:19:11   Max Retries: 3
2026-06-06 18:19:11   Max Entry Price: 0.99
2026-06-06 18:19:11   WebSocket Price: 0.85
2026-06-06 18:19:11   Initial Price: 0.8500
2026-06-06 18:19:11   Contracts Needed: 5
2026-06-06 18:19:11   Estimated Cost: $4.25
2026-06-06 18:19:11 ----------------------------------------
2026-06-06 18:19:11   Order Price: 0.8700 (price + 0.02)
2026-06-06 18:19:11 ATTEMPT 1/3
2026-06-06 18:19:11   Contracts bought so far: 0
2026-06-06 18:19:11   Remaining needed: 5
2026-06-06 18:19:11   Order size: 5
2026-06-06 18:19:11 --------------------------------------------------
2026-06-06 18:19:11 PLACING ORDER
2026-06-06 18:19:11   Token: 674975202940462780634705568130...
2026-06-06 18:19:11   Side: BUY
2026-06-06 18:19:11   Price: 0.8700
2026-06-06 18:19:11   Size: 5 contracts
2026-06-06 18:19:11   Value: $4.35
2026-06-06 18:19:11   Type: FAK (Fill-And-Kill)
2026-06-06 18:19:12   Order signed in 869ms
2026-06-06 18:19:12 ORDER RESPONSE:
2026-06-06 18:19:12   Success: True
2026-06-06 18:19:12   Order ID: 0xd3392f67ddd853711cc57d418c8bc54a96afc0...
2026-06-06 18:19:12   Status: matched
2026-06-06 18:19:12   Taking Amount: 5.4375
2026-06-06 18:19:12   Making Amount: 4.35
2026-06-06 18:19:12   Latency: sign=869ms, post=0ms, total=870ms
2026-06-06 18:19:12 --------------------------------------------------
2026-06-06 18:19:12   Order ID: 0xd3392f67ddd853711cc57d418c8b...
2026-06-06 18:19:12   Progress: 5/5 (100.0%)
2026-06-06 18:19:12   Attempt time: 1015ms
2026-06-06 18:19:12   Total execution time: 1016ms
2026-06-06 18:19:12 ============================================================
2026-06-06 18:19:12 ENTRY EXECUTION COMPLETE
2026-06-06 18:19:12   Success: True
2026-06-06 18:19:12   Contracts Filled: 5/5
2026-06-06 18:19:12   Average Price: 0.8700
2026-06-06 18:19:12   Total Cost: $4.35
2026-06-06 18:19:12   Attempts: 1
2026-06-06 18:19:12   Total Time: 1017ms
2026-06-06 18:19:12   Fills: [{"attempt": 1, "filled": 5, "price": 0.87, "order_id": "0xd3392f67ddd853711c", "source": "api_response", "timestamp": "2026-06-06T18:19:12.812966"}]
2026-06-06 18:19:12 ============================================================
2026-06-06 18:23:30 ============================================================
2026-06-06 18:23:30 ENTRY EXECUTION STARTED
2026-06-06 18:23:30   Timestamp: 2026-06-06T18:23:30.079194
2026-06-06 18:23:30   Token: 3483724618133205628550458246448798726786...
2026-06-06 18:23:30   Budget: $2
2026-06-06 18:23:30   Price Offset: 0.02
2026-06-06 18:23:30   Max Retries: 3
2026-06-06 18:23:30   Max Entry Price: 0.99
2026-06-06 18:23:30   WebSocket Price: 0.99
2026-06-06 18:23:30   Initial Price: 0.9900
2026-06-06 18:23:30   Contracts Needed: 5
2026-06-06 18:23:30   Estimated Cost: $4.95
2026-06-06 18:23:30 ----------------------------------------
2026-06-06 18:23:30   PRICE LIMIT: 1.0100 > max 0.9900
2026-06-06 18:23:30 ============================================================
2026-06-06 18:23:30 ENTRY EXECUTION STARTED
2026-06-06 18:23:30   Timestamp: 2026-06-06T18:23:30.346292
2026-06-06 18:23:30   Token: 3483724618133205628550458246448798726786...
2026-06-06 18:23:30   Budget: $2
2026-06-06 18:23:30   Price Offset: 0.02
2026-06-06 18:23:30   Max Retries: 3
2026-06-06 18:23:30   Max Entry Price: 0.99
2026-06-06 18:23:30   WebSocket Price: 0.99
2026-06-06 18:23:30   Initial Price: 0.9900
2026-06-06 18:23:30   Contracts Needed: 5
2026-06-06 18:23:30   Estimated Cost: $4.95
2026-06-06 18:23:30 ----------------------------------------
2026-06-06 18:23:30   PRICE LIMIT: 1.0100 > max 0.9900
2026-06-06 18:23:30 ============================================================
2026-06-06 18:23:30 ENTRY EXECUTION STARTED
2026-06-06 18:23:30   Timestamp: 2026-06-06T18:23:30.617602
2026-06-06 18:23:30   Token: 3483724618133205628550458246448798726786...
2026-06-06 18:23:30   Budget: $2
2026-06-06 18:23:30   Price Offset: 0.02
2026-06-06 18:23:30   Max Retries: 3
2026-06-06 18:23:30   Max Entry Price: 0.99
2026-06-06 18:23:30   WebSocket Price: 0.99
2026-06-06 18:23:30   Initial Price: 0.9900
2026-06-06 18:23:30   Contracts Needed: 5
2026-06-06 18:23:30   Estimated Cost: $4.95
2026-06-06 18:23:30 ----------------------------------------
2026-06-06 18:23:30   PRICE LIMIT: 1.0100 > max 0.9900
2026-06-06 18:23:30 ============================================================
2026-06-06 18:23:30 ENTRY EXECUTION STARTED
2026-06-06 18:23:30   Timestamp: 2026-06-06T18:23:30.879084
2026-06-06 18:23:30   Token: 3483724618133205628550458246448798726786...
2026-06-06 18:23:30   Budget: $2
2026-06-06 18:23:30   Price Offset: 0.02
2026-06-06 18:23:30   Max Retries: 3
2026-06-06 18:23:30   Max Entry Price: 0.99
2026-06-06 18:23:30   WebSocket Price: 0.99
2026-06-06 18:23:30   Initial Price: 0.9900
2026-06-06 18:23:30   Contracts Needed: 5
2026-06-06 18:23:30   Estimated Cost: $4.95
2026-06-06 18:23:30 ----------------------------------------
2026-06-06 18:23:30   PRICE LIMIT: 1.0100 > max 0.9900
2026-06-06 18:23:31 ============================================================
2026-06-06 18:23:31 ENTRY EXECUTION STARTED
2026-06-06 18:23:31   Timestamp: 2026-06-06T18:23:31.135905
2026-06-06 18:23:31   Token: 3483724618133205628550458246448798726786...
2026-06-06 18:23:31   Budget: $2
2026-06-06 18:23:31   Price Offset: 0.02
2026-06-06 18:23:31   Max Retries: 3
2026-06-06 18:23:31   Max Entry Price: 0.99
2026-06-06 18:23:31   WebSocket Price: 0.99
2026-06-06 18:23:31   Initial Price: 0.9900
2026-06-06 18:23:31   Contracts Needed: 5
2026-06-06 18:23:31   Estimated Cost: $4.95
2026-06-06 18:23:31 ----------------------------------------
2026-06-06 18:23:31   PRICE LIMIT: 1.0100 > max 0.9900
2026-06-06 18:23:31 ============================================================
2026-06-06 18:23:31 ENTRY EXECUTION STARTED
2026-06-06 18:23:31   Timestamp: 2026-06-06T18:23:31.400315
2026-06-06 18:23:31   Token: 3483724618133205628550458246448798726786...
2026-06-06 18:23:31   Budget: $2
2026-06-06 18:23:31   Price Offset: 0.02
2026-06-06 18:23:31   Max Retries: 3
2026-06-06 18:23:31   Max Entry Price: 0.99
2026-06-06 18:23:31   WebSocket Price: 0.99
2026-06-06 18:23:31   Initial Price: 0.9900
2026-06-06 18:23:31   Contracts Needed: 5
2026-06-06 18:23:31   Estimated Cost: $4.95
2026-06-06 18:23:31 ----------------------------------------
2026-06-06 18:23:31   PRICE LIMIT: 1.0100 > max 0.9900
2026-06-06 18:23:31 ============================================================
2026-06-06 18:23:31 ENTRY EXECUTION STARTED
2026-06-06 18:23:31   Timestamp: 2026-06-06T18:23:31.661453
2026-06-06 18:23:31   Token: 3483724618133205628550458246448798726786...
2026-06-06 18:23:31   Budget: $2
2026-06-06 18:23:31   Price Offset: 0.02
2026-06-06 18:23:31   Max Retries: 3
2026-06-06 18:23:31   Max Entry Price: 0.99
2026-06-06 18:23:31   WebSocket Price: 0.99
2026-06-06 18:23:31   Initial Price: 0.9900
2026-06-06 18:23:31   Contracts Needed: 5
2026-06-06 18:23:31   Estimated Cost: $4.95
2026-06-06 18:23:31 ----------------------------------------
2026-06-06 18:23:31   PRICE LIMIT: 1.0100 > max 0.9900
2026-06-06 18:23:31 ============================================================
2026-06-06 18:23:31 ENTRY EXECUTION STARTED
2026-06-06 18:23:31   Timestamp: 2026-06-06T18:23:31.918591
2026-06-06 18:23:31   Token: 3483724618133205628550458246448798726786...
2026-06-06 18:23:31   Budget: $2
2026-06-06 18:23:31   Price Offset: 0.02
2026-06-06 18:23:31   Max Retries: 3
2026-06-06 18:23:31   Max Entry Price: 0.99
2026-06-06 18:23:31   WebSocket Price: 0.99
2026-06-06 18:23:31   Initial Price: 0.9900
2026-06-06 18:23:31   Contracts Needed: 5
2026-06-06 18:23:31   Estimated Cost: $4.95
2026-06-06 18:23:31 ----------------------------------------
2026-06-06 18:23:31   PRICE LIMIT: 1.0100 > max 0.9900
2026-06-06 18:23:32 ============================================================
2026-06-06 18:23:32 ENTRY EXECUTION STARTED
2026-06-06 18:23:32   Timestamp: 2026-06-06T18:23:32.173384
2026-06-06 18:23:32   Token: 3483724618133205628550458246448798726786...
2026-06-06 18:23:32   Budget: $2
2026-06-06 18:23:32   Price Offset: 0.02
2026-06-06 18:23:32   Max Retries: 3
2026-06-06 18:23:32   Max Entry Price: 0.99
2026-06-06 18:23:32   WebSocket Price: 0.99
2026-06-06 18:23:32   Initial Price: 0.9900
2026-06-06 18:23:32   Contracts Needed: 5
2026-06-06 18:23:32   Estimated Cost: $4.95
2026-06-06 18:23:32 ----------------------------------------
2026-06-06 18:23:32   PRICE LIMIT: 1.0100 > max 0.9900
2026-06-06 18:23:32 ============================================================
2026-06-06 18:23:32 ENTRY EXECUTION STARTED
2026-06-06 18:23:32   Timestamp: 2026-06-06T18:23:32.433998
2026-06-06 18:23:32   Token: 3483724618133205628550458246448798726786...
2026-06-06 18:23:32   Budget: $2
2026-06-06 18:23:32   Price Offset: 0.02
2026-06-06 18:23:32   Max Retries: 3
2026-06-06 18:23:32   Max Entry Price: 0.99
2026-06-06 18:23:32   WebSocket Price: 0.99
2026-06-06 18:23:32   Initial Price: 0.9900
2026-06-06 18:23:32   Contracts Needed: 5
2026-06-06 18:23:32   Estimated Cost: $4.95
2026-06-06 18:23:32 ----------------------------------------
2026-06-06 18:23:32   PRICE LIMIT: 1.0100 > max 0.9900
2026-06-06 18:23:32 ============================================================
2026-06-06 18:23:32 ENTRY EXECUTION STARTED
2026-06-06 18:23:32   Timestamp: 2026-06-06T18:23:32.700956
2026-06-06 18:23:32   Token: 3483724618133205628550458246448798726786...
2026-06-06 18:23:32   Budget: $2
2026-06-06 18:23:32   Price Offset: 0.02
2026-06-06 18:23:32   Max Retries: 3
2026-06-06 18:23:32   Max Entry Price: 0.99
2026-06-06 18:23:32   WebSocket Price: 0.99
2026-06-06 18:23:32   Initial Price: 0.9900
2026-06-06 18:23:32   Contracts Needed: 5
2026-06-06 18:23:32   Estimated Cost: $4.95
2026-06-06 18:23:32 ----------------------------------------
2026-06-06 18:23:32   PRICE LIMIT: 1.0100 > max 0.9900
2026-06-06 18:23:32 ============================================================
2026-06-06 18:23:32 ENTRY EXECUTION STARTED
2026-06-06 18:23:32   Timestamp: 2026-06-06T18:23:32.969795
2026-06-06 18:23:32   Token: 3483724618133205628550458246448798726786...
2026-06-06 18:23:32   Budget: $2
2026-06-06 18:23:32   Price Offset: 0.02
2026-06-06 18:23:32   Max Retries: 3
2026-06-06 18:23:32   Max Entry Price: 0.99
2026-06-06 18:23:32   WebSocket Price: 0.99
2026-06-06 18:23:32   Initial Price: 0.9900
2026-06-06 18:23:32   Contracts Needed: 5
2026-06-06 18:23:32   Estimated Cost: $4.95
2026-06-06 18:23:32 ----------------------------------------
2026-06-06 18:23:32   PRICE LIMIT: 1.0100 > max 0.9900
2026-06-06 18:23:33 ============================================================
2026-06-06 18:23:33 ENTRY EXECUTION STARTED
2026-06-06 18:23:33   Timestamp: 2026-06-06T18:23:33.230260
2026-06-06 18:23:33   Token: 3483724618133205628550458246448798726786...
2026-06-06 18:23:33   Budget: $2
2026-06-06 18:23:33   Price Offset: 0.02
2026-06-06 18:23:33   Max Retries: 3
2026-06-06 18:23:33   Max Entry Price: 0.99
2026-06-06 18:23:33   WebSocket Price: 0.99
2026-06-06 18:23:33   Initial Price: 0.9900
2026-06-06 18:23:33   Contracts Needed: 5
2026-06-06 18:23:33   Estimated Cost: $4.95
2026-06-06 18:23:33 ----------------------------------------
2026-06-06 18:23:33   PRICE LIMIT: 1.0100 > max 0.9900
2026-06-06 18:23:33 ============================================================
2026-06-06 18:23:33 ENTRY EXECUTION STARTED
2026-06-06 18:23:33   Timestamp: 2026-06-06T18:23:33.497534
2026-06-06 18:23:33   Token: 3483724618133205628550458246448798726786...
2026-06-06 18:23:33   Budget: $2
2026-06-06 18:23:33   Price Offset: 0.02
2026-06-06 18:23:33   Max Retries: 3
2026-06-06 18:23:33   Max Entry Price: 0.99
2026-06-06 18:23:33   WebSocket Price: 0.99
2026-06-06 18:23:33   Initial Price: 0.9900
2026-06-06 18:23:33   Contracts Needed: 5
2026-06-06 18:23:33   Estimated Cost: $4.95
2026-06-06 18:23:33 ----------------------------------------
2026-06-06 18:23:33   PRICE LIMIT: 1.0100 > max 0.9900
2026-06-06 18:23:33 ============================================================
2026-06-06 18:23:33 ENTRY EXECUTION STARTED
2026-06-06 18:23:33   Timestamp: 2026-06-06T18:23:33.754967
2026-06-06 18:23:33   Token: 3483724618133205628550458246448798726786...
2026-06-06 18:23:33   Budget: $2
2026-06-06 18:23:33   Price Offset: 0.02
2026-06-06 18:23:33   Max Retries: 3
2026-06-06 18:23:33   Max Entry Price: 0.99
2026-06-06 18:23:33   WebSocket Price: 0.99
2026-06-06 18:23:33   Initial Price: 0.9900
2026-06-06 18:23:33   Contracts Needed: 5
2026-06-06 18:23:33   Estimated Cost: $4.95
2026-06-06 18:23:33 ----------------------------------------
2026-06-06 18:23:33   PRICE LIMIT: 1.0100 > max 0.9900
2026-06-06 18:23:34 ============================================================
2026-06-06 18:23:34 ENTRY EXECUTION STARTED
2026-06-06 18:23:34   Timestamp: 2026-06-06T18:23:34.017198
2026-06-06 18:23:34   Token: 3483724618133205628550458246448798726786...
2026-06-06 18:23:34   Budget: $2
2026-06-06 18:23:34   Price Offset: 0.02
2026-06-06 18:23:34   Max Retries: 3
2026-06-06 18:23:34   Max Entry Price: 0.99
2026-06-06 18:23:34   WebSocket Price: 0.99
2026-06-06 18:23:34   Initial Price: 0.9900
2026-06-06 18:23:34   Contracts Needed: 5
2026-06-06 18:23:34   Estimated Cost: $4.95
2026-06-06 18:23:34 ----------------------------------------
2026-06-06 18:23:34   PRICE LIMIT: 1.0100 > max 0.9900
2026-06-06 18:23:34 ============================================================
2026-06-06 18:23:34 ENTRY EXECUTION STARTED
2026-06-06 18:23:34   Timestamp: 2026-06-06T18:23:34.269987
2026-06-06 18:23:34   Token: 3483724618133205628550458246448798726786...
2026-06-06 18:23:34   Budget: $2
2026-06-06 18:23:34   Price Offset: 0.02
2026-06-06 18:23:34   Max Retries: 3
2026-06-06 18:23:34   Max Entry Price: 0.99
2026-06-06 18:23:34   WebSocket Price: 0.99
2026-06-06 18:23:34   Initial Price: 0.9900
2026-06-06 18:23:34   Contracts Needed: 5
2026-06-06 18:23:34   Estimated Cost: $4.95
2026-06-06 18:23:34 ----------------------------------------
2026-06-06 18:23:34   PRICE LIMIT: 1.0100 > max 0.9900
2026-06-06 18:23:34 ============================================================
2026-06-06 18:23:34 ENTRY EXECUTION STARTED
2026-06-06 18:23:34   Timestamp: 2026-06-06T18:23:34.533528
2026-06-06 18:23:34   Token: 3483724618133205628550458246448798726786...
2026-06-06 18:23:34   Budget: $2
2026-06-06 18:23:34   Price Offset: 0.02
2026-06-06 18:23:34   Max Retries: 3
2026-06-06 18:23:34   Max Entry Price: 0.99
2026-06-06 18:23:34   WebSocket Price: 0.99
2026-06-06 18:23:34   Initial Price: 0.9900
2026-06-06 18:23:34   Contracts Needed: 5
2026-06-06 18:23:34   Estimated Cost: $4.95
2026-06-06 18:23:34 ----------------------------------------
2026-06-06 18:23:34   PRICE LIMIT: 1.0100 > max 0.9900
2026-06-06 18:23:34 ============================================================
2026-06-06 18:23:34 ENTRY EXECUTION STARTED
2026-06-06 18:23:34   Timestamp: 2026-06-06T18:23:34.793709
2026-06-06 18:23:34   Token: 3483724618133205628550458246448798726786...
2026-06-06 18:23:34   Budget: $2
2026-06-06 18:23:34   Price Offset: 0.02
2026-06-06 18:23:34   Max Retries: 3
2026-06-06 18:23:34   Max Entry Price: 0.99
2026-06-06 18:23:34   WebSocket Price: 0.99
2026-06-06 18:23:34   Initial Price: 0.9900
2026-06-06 18:23:34   Contracts Needed: 5
2026-06-06 18:23:34   Estimated Cost: $4.95
2026-06-06 18:23:34 ----------------------------------------
2026-06-06 18:23:34   PRICE LIMIT: 1.0100 > max 0.9900
2026-06-06 18:23:35 ============================================================
2026-06-06 18:23:35 ENTRY EXECUTION STARTED
2026-06-06 18:23:35   Timestamp: 2026-06-06T18:23:35.052317
2026-06-06 18:23:35   Token: 3483724618133205628550458246448798726786...
2026-06-06 18:23:35   Budget: $2
2026-06-06 18:23:35   Price Offset: 0.02
2026-06-06 18:23:35   Max Retries: 3
2026-06-06 18:23:35   Max Entry Price: 0.99
2026-06-06 18:23:35   WebSocket Price: 0.99
2026-06-06 18:23:35   Initial Price: 0.9900
2026-06-06 18:23:35   Contracts Needed: 5
2026-06-06 18:23:35   Estimated Cost: $4.95
2026-06-06 18:23:35 ----------------------------------------
2026-06-06 18:23:35   PRICE LIMIT: 1.0100 > max 0.9900
2026-06-06 18:23:35 ============================================================
2026-06-06 18:23:35 ENTRY EXECUTION STARTED
2026-06-06 18:23:35   Timestamp: 2026-06-06T18:23:35.311157
2026-06-06 18:23:35   Token: 3483724618133205628550458246448798726786...
2026-06-06 18:23:35   Budget: $2
2026-06-06 18:23:35   Price Offset: 0.02
2026-06-06 18:23:35   Max Retries: 3
2026-06-06 18:23:35   Max Entry Price: 0.99
2026-06-06 18:23:35   WebSocket Price: 0.99
2026-06-06 18:23:35   Initial Price: 0.9900
2026-06-06 18:23:35   Contracts Needed: 5
2026-06-06 18:23:35   Estimated Cost: $4.95
2026-06-06 18:23:35 ----------------------------------------
2026-06-06 18:23:35   PRICE LIMIT: 1.0100 > max 0.9900
2026-06-06 18:23:35 ============================================================
2026-06-06 18:23:35 ENTRY EXECUTION STARTED
2026-06-06 18:23:35   Timestamp: 2026-06-06T18:23:35.572665
2026-06-06 18:23:35   Token: 3483724618133205628550458246448798726786...
2026-06-06 18:23:35   Budget: $2
2026-06-06 18:23:35   Price Offset: 0.02
2026-06-06 18:23:35   Max Retries: 3
2026-06-06 18:23:35   Max Entry Price: 0.99
2026-06-06 18:23:35   WebSocket Price: 0.99
2026-06-06 18:23:35   Initial Price: 0.9900
2026-06-06 18:23:35   Contracts Needed: 5
2026-06-06 18:23:35   Estimated Cost: $4.95
2026-06-06 18:23:35 ----------------------------------------
2026-06-06 18:23:35   PRICE LIMIT: 1.0100 > max 0.9900
2026-06-06 18:23:35 ============================================================
2026-06-06 18:23:35 ENTRY EXECUTION STARTED
2026-06-06 18:23:35   Timestamp: 2026-06-06T18:23:35.827678
2026-06-06 18:23:35   Token: 3483724618133205628550458246448798726786...
2026-06-06 18:23:35   Budget: $2
2026-06-06 18:23:35   Price Offset: 0.02
2026-06-06 18:23:35   Max Retries: 3
2026-06-06 18:23:35   Max Entry Price: 0.99
2026-06-06 18:23:35   WebSocket Price: 0.99
2026-06-06 18:23:35   Initial Price: 0.9900
2026-06-06 18:23:35   Contracts Needed: 5
2026-06-06 18:23:35   Estimated Cost: $4.95
2026-06-06 18:23:35 ----------------------------------------
2026-06-06 18:23:35   PRICE LIMIT: 1.0100 > max 0.9900
2026-06-06 18:23:36 ============================================================
2026-06-06 18:23:36 ENTRY EXECUTION STARTED
2026-06-06 18:23:36   Timestamp: 2026-06-06T18:23:36.077206
2026-06-06 18:23:36   Token: 3483724618133205628550458246448798726786...
2026-06-06 18:23:36   Budget: $2
2026-06-06 18:23:36   Price Offset: 0.02
2026-06-06 18:23:36   Max Retries: 3
2026-06-06 18:23:36   Max Entry Price: 0.99
2026-06-06 18:23:36   WebSocket Price: 0.99
2026-06-06 18:23:36   Initial Price: 0.9900
2026-06-06 18:23:36   Contracts Needed: 5
2026-06-06 18:23:36   Estimated Cost: $4.95
2026-06-06 18:23:36 ----------------------------------------
2026-06-06 18:23:36   PRICE LIMIT: 1.0100 > max 0.9900
2026-06-06 18:23:36 ============================================================
2026-06-06 18:23:36 ENTRY EXECUTION STARTED
2026-06-06 18:23:36   Timestamp: 2026-06-06T18:23:36.349157
2026-06-06 18:23:36   Token: 3483724618133205628550458246448798726786...
2026-06-06 18:23:36   Budget: $2
2026-06-06 18:23:36   Price Offset: 0.02
2026-06-06 18:23:36   Max Retries: 3
2026-06-06 18:23:36   Max Entry Price: 0.99
2026-06-06 18:23:36   WebSocket Price: 0.99
2026-06-06 18:23:36   Initial Price: 0.9900
2026-06-06 18:23:36   Contracts Needed: 5
2026-06-06 18:23:36   Estimated Cost: $4.95
2026-06-06 18:23:36 ----------------------------------------
2026-06-06 18:23:36   PRICE LIMIT: 1.0100 > max 0.9900
2026-06-06 18:23:36 ============================================================
2026-06-06 18:23:36 ENTRY EXECUTION STARTED
2026-06-06 18:23:36   Timestamp: 2026-06-06T18:23:36.610530
2026-06-06 18:23:36   Token: 3483724618133205628550458246448798726786...
2026-06-06 18:23:36   Budget: $2
2026-06-06 18:23:36   Price Offset: 0.02
2026-06-06 18:23:36   Max Retries: 3
2026-06-06 18:23:36   Max Entry Price: 0.99
2026-06-06 18:23:36   WebSocket Price: 0.99
2026-06-06 18:23:36   Initial Price: 0.9900
2026-06-06 18:23:36   Contracts Needed: 5
2026-06-06 18:23:36   Estimated Cost: $4.95
2026-06-06 18:23:36 ----------------------------------------
2026-06-06 18:23:36   PRICE LIMIT: 1.0100 > max 0.9900
2026-06-06 18:23:36 ============================================================
2026-06-06 18:23:36 ENTRY EXECUTION STARTED
2026-06-06 18:23:36   Timestamp: 2026-06-06T18:23:36.880183
2026-06-06 18:23:36   Token: 3483724618133205628550458246448798726786...
2026-06-06 18:23:36   Budget: $2
2026-06-06 18:23:36   Price Offset: 0.02
2026-06-06 18:23:36   Max Retries: 3
2026-06-06 18:23:36   Max Entry Price: 0.99
2026-06-06 18:23:36   WebSocket Price: 0.99
2026-06-06 18:23:36   Initial Price: 0.9900
2026-06-06 18:23:36   Contracts Needed: 5
2026-06-06 18:23:36   Estimated Cost: $4.95
2026-06-06 18:23:36 ----------------------------------------
2026-06-06 18:23:36   PRICE LIMIT: 1.0100 > max 0.9900
2026-06-06 18:23:37 ============================================================
2026-06-06 18:23:37 ENTRY EXECUTION STARTED
2026-06-06 18:23:37   Timestamp: 2026-06-06T18:23:37.134360
2026-06-06 18:23:37   Token: 3483724618133205628550458246448798726786...
2026-06-06 18:23:37   Budget: $2
2026-06-06 18:23:37   Price Offset: 0.02
2026-06-06 18:23:37   Max Retries: 3
2026-06-06 18:23:37   Max Entry Price: 0.99
2026-06-06 18:23:37   WebSocket Price: 0.99
2026-06-06 18:23:37   Initial Price: 0.9900
2026-06-06 18:23:37   Contracts Needed: 5
2026-06-06 18:23:37   Estimated Cost: $4.95
2026-06-06 18:23:37 ----------------------------------------
2026-06-06 18:23:37   PRICE LIMIT: 1.0100 > max 0.9900
2026-06-06 18:23:37 ============================================================
2026-06-06 18:23:37 ENTRY EXECUTION STARTED
2026-06-06 18:23:37   Timestamp: 2026-06-06T18:23:37.393842
2026-06-06 18:23:37   Token: 3483724618133205628550458246448798726786...
2026-06-06 18:23:37   Budget: $2
2026-06-06 18:23:37   Price Offset: 0.02
2026-06-06 18:23:37   Max Retries: 3
2026-06-06 18:23:37   Max Entry Price: 0.99
2026-06-06 18:23:37   WebSocket Price: 0.99
2026-06-06 18:23:37   Initial Price: 0.9900
2026-06-06 18:23:37   Contracts Needed: 5
2026-06-06 18:23:37   Estimated Cost: $4.95
2026-06-06 18:23:37 ----------------------------------------
2026-06-06 18:23:37   PRICE LIMIT: 1.0100 > max 0.9900
2026-06-06 18:23:37 ============================================================
2026-06-06 18:23:37 ENTRY EXECUTION STARTED
2026-06-06 18:23:37   Timestamp: 2026-06-06T18:23:37.644698
2026-06-06 18:23:37   Token: 3483724618133205628550458246448798726786...
2026-06-06 18:23:37   Budget: $2
2026-06-06 18:23:37   Price Offset: 0.02
2026-06-06 18:23:37   Max Retries: 3
2026-06-06 18:23:37   Max Entry Price: 0.99
2026-06-06 18:23:37   WebSocket Price: 0.99
2026-06-06 18:23:37   Initial Price: 0.9900
2026-06-06 18:23:37   Contracts Needed: 5
2026-06-06 18:23:37   Estimated Cost: $4.95
2026-06-06 18:23:37 ----------------------------------------
2026-06-06 18:23:37   PRICE LIMIT: 1.0100 > max 0.9900
2026-06-06 18:23:37 ============================================================
2026-06-06 18:23:37 ENTRY EXECUTION STARTED
2026-06-06 18:23:37   Timestamp: 2026-06-06T18:23:37.907169
2026-06-06 18:23:37   Token: 3483724618133205628550458246448798726786...
2026-06-06 18:23:37   Budget: $2
2026-06-06 18:23:37   Price Offset: 0.02
2026-06-06 18:23:37   Max Retries: 3
2026-06-06 18:23:37   Max Entry Price: 0.99
2026-06-06 18:23:37   WebSocket Price: 0.99
2026-06-06 18:23:37   Initial Price: 0.9900
2026-06-06 18:23:37   Contracts Needed: 5
2026-06-06 18:23:37   Estimated Cost: $4.95
2026-06-06 18:23:37 ----------------------------------------
2026-06-06 18:23:37   PRICE LIMIT: 1.0100 > max 0.9900
2026-06-06 18:23:38 ============================================================
2026-06-06 18:23:38 ENTRY EXECUTION STARTED
2026-06-06 18:23:38   Timestamp: 2026-06-06T18:23:38.166372
2026-06-06 18:23:38   Token: 3483724618133205628550458246448798726786...
2026-06-06 18:23:38   Budget: $2
2026-06-06 18:23:38   Price Offset: 0.02
2026-06-06 18:23:38   Max Retries: 3
2026-06-06 18:23:38   Max Entry Price: 0.99
2026-06-06 18:23:38   WebSocket Price: 0.99
2026-06-06 18:23:38   Initial Price: 0.9900
2026-06-06 18:23:38   Contracts Needed: 5
2026-06-06 18:23:38   Estimated Cost: $4.95
2026-06-06 18:23:38 ----------------------------------------
2026-06-06 18:23:38   PRICE LIMIT: 1.0100 > max 0.9900
2026-06-06 18:23:38 ============================================================
2026-06-06 18:23:38 ENTRY EXECUTION STARTED
2026-06-06 18:23:38   Timestamp: 2026-06-06T18:23:38.426681
2026-06-06 18:23:38   Token: 3483724618133205628550458246448798726786...
2026-06-06 18:23:38   Budget: $2
2026-06-06 18:23:38   Price Offset: 0.02
2026-06-06 18:23:38   Max Retries: 3
2026-06-06 18:23:38   Max Entry Price: 0.99
2026-06-06 18:23:38   WebSocket Price: 0.99
2026-06-06 18:23:38   Initial Price: 0.9900
2026-06-06 18:23:38   Contracts Needed: 5
2026-06-06 18:23:38   Estimated Cost: $4.95
2026-06-06 18:23:38 ----------------------------------------
2026-06-06 18:23:38   PRICE LIMIT: 1.0100 > max 0.9900
2026-06-06 18:23:38 ============================================================
2026-06-06 18:23:38 ENTRY EXECUTION STARTED
2026-06-06 18:23:38   Timestamp: 2026-06-06T18:23:38.685639
2026-06-06 18:23:38   Token: 3483724618133205628550458246448798726786...
2026-06-06 18:23:38   Budget: $2
2026-06-06 18:23:38   Price Offset: 0.02
2026-06-06 18:23:38   Max Retries: 3
2026-06-06 18:23:38   Max Entry Price: 0.99
2026-06-06 18:23:38   WebSocket Price: 0.99
2026-06-06 18:23:38   Initial Price: 0.9900
2026-06-06 18:23:38   Contracts Needed: 5
2026-06-06 18:23:38   Estimated Cost: $4.95
2026-06-06 18:23:38 ----------------------------------------
2026-06-06 18:23:38   PRICE LIMIT: 1.0100 > max 0.9900
2026-06-06 18:23:38 ============================================================
2026-06-06 18:23:38 ENTRY EXECUTION STARTED
2026-06-06 18:23:38   Timestamp: 2026-06-06T18:23:38.944299
2026-06-06 18:23:38   Token: 3483724618133205628550458246448798726786...
2026-06-06 18:23:38   Budget: $2
2026-06-06 18:23:38   Price Offset: 0.02
2026-06-06 18:23:38   Max Retries: 3
2026-06-06 18:23:38   Max Entry Price: 0.99
2026-06-06 18:23:38   WebSocket Price: 0.99
2026-06-06 18:23:38   Initial Price: 0.9900
2026-06-06 18:23:38   Contracts Needed: 5
2026-06-06 18:23:38   Estimated Cost: $4.95
2026-06-06 18:23:38 ----------------------------------------
2026-06-06 18:23:38   PRICE LIMIT: 1.0100 > max 0.9900
2026-06-06 18:23:39 ============================================================
2026-06-06 18:23:39 ENTRY EXECUTION STARTED
2026-06-06 18:23:39   Timestamp: 2026-06-06T18:23:39.203367
2026-06-06 18:23:39   Token: 3483724618133205628550458246448798726786...
2026-06-06 18:23:39   Budget: $2
2026-06-06 18:23:39   Price Offset: 0.02
2026-06-06 18:23:39   Max Retries: 3
2026-06-06 18:23:39   Max Entry Price: 0.99
2026-06-06 18:23:39   WebSocket Price: 0.99
2026-06-06 18:23:39   Initial Price: 0.9900
2026-06-06 18:23:39   Contracts Needed: 5
2026-06-06 18:23:39   Estimated Cost: $4.95
2026-06-06 18:23:39 ----------------------------------------
2026-06-06 18:23:39   PRICE LIMIT: 1.0100 > max 0.9900
2026-06-06 18:23:39 ============================================================
2026-06-06 18:23:39 ENTRY EXECUTION STARTED
2026-06-06 18:23:39   Timestamp: 2026-06-06T18:23:39.466948
2026-06-06 18:23:39   Token: 3483724618133205628550458246448798726786...
2026-06-06 18:23:39   Budget: $2
2026-06-06 18:23:39   Price Offset: 0.02
2026-06-06 18:23:39   Max Retries: 3
2026-06-06 18:23:39   Max Entry Price: 0.99
2026-06-06 18:23:39   WebSocket Price: 0.99
2026-06-06 18:23:39   Initial Price: 0.9900
2026-06-06 18:23:39   Contracts Needed: 5
2026-06-06 18:23:39   Estimated Cost: $4.95
2026-06-06 18:23:39 ----------------------------------------
2026-06-06 18:23:39   PRICE LIMIT: 1.0100 > max 0.9900
2026-06-06 18:23:39 ============================================================
2026-06-06 18:23:39 ENTRY EXECUTION STARTED
2026-06-06 18:23:39   Timestamp: 2026-06-06T18:23:39.733879
2026-06-06 18:23:39   Token: 3483724618133205628550458246448798726786...
2026-06-06 18:23:39   Budget: $2
2026-06-06 18:23:39   Price Offset: 0.02
2026-06-06 18:23:39   Max Retries: 3
2026-06-06 18:23:39   Max Entry Price: 0.99
2026-06-06 18:23:39   WebSocket Price: 0.99
2026-06-06 18:23:39   Initial Price: 0.9900
2026-06-06 18:23:39   Contracts Needed: 5
2026-06-06 18:23:39   Estimated Cost: $4.95
2026-06-06 18:23:39 ----------------------------------------
2026-06-06 18:23:39   PRICE LIMIT: 1.0100 > max 0.9900
2026-06-06 18:23:39 ============================================================
2026-06-06 18:23:39 ENTRY EXECUTION STARTED
2026-06-06 18:23:39   Timestamp: 2026-06-06T18:23:39.988298
2026-06-06 18:23:39   Token: 3483724618133205628550458246448798726786...
2026-06-06 18:23:39   Budget: $2
2026-06-06 18:23:39   Price Offset: 0.02
2026-06-06 18:23:39   Max Retries: 3
2026-06-06 18:23:39   Max Entry Price: 0.99
2026-06-06 18:23:39   WebSocket Price: 0.99
2026-06-06 18:23:39   Initial Price: 0.9900
2026-06-06 18:23:39   Contracts Needed: 5
2026-06-06 18:23:39   Estimated Cost: $4.95
2026-06-06 18:23:39 ----------------------------------------
2026-06-06 18:23:39   PRICE LIMIT: 1.0100 > max 0.9900
2026-06-06 18:23:40 ============================================================
2026-06-06 18:23:40 ENTRY EXECUTION STARTED
2026-06-06 18:23:40   Timestamp: 2026-06-06T18:23:40.247257
2026-06-06 18:23:40   Token: 3483724618133205628550458246448798726786...
2026-06-06 18:23:40   Budget: $2
2026-06-06 18:23:40   Price Offset: 0.02
2026-06-06 18:23:40   Max Retries: 3
2026-06-06 18:23:40   Max Entry Price: 0.99
2026-06-06 18:23:40   WebSocket Price: 0.99
2026-06-06 18:23:40   Initial Price: 0.9900
2026-06-06 18:23:40   Contracts Needed: 5
2026-06-06 18:23:40   Estimated Cost: $4.95
2026-06-06 18:23:40 ----------------------------------------
2026-06-06 18:23:40   PRICE LIMIT: 1.0100 > max 0.9900
2026-06-06 18:23:40 ============================================================
2026-06-06 18:23:40 ENTRY EXECUTION STARTED
2026-06-06 18:23:40   Timestamp: 2026-06-06T18:23:40.500313
2026-06-06 18:23:40   Token: 3483724618133205628550458246448798726786...
2026-06-06 18:23:40   Budget: $2
2026-06-06 18:23:40   Price Offset: 0.02
2026-06-06 18:23:40   Max Retries: 3
2026-06-06 18:23:40   Max Entry Price: 0.99
2026-06-06 18:23:40   WebSocket Price: 0.99
2026-06-06 18:23:40   Initial Price: 0.9900
2026-06-06 18:23:40   Contracts Needed: 5
2026-06-06 18:23:40   Estimated Cost: $4.95
2026-06-06 18:23:40 ----------------------------------------
2026-06-06 18:23:40   PRICE LIMIT: 1.0100 > max 0.9900
2026-06-06 18:23:40 ============================================================
2026-06-06 18:23:40 ENTRY EXECUTION STARTED
2026-06-06 18:23:40   Timestamp: 2026-06-06T18:23:40.753835
2026-06-06 18:23:40   Token: 3483724618133205628550458246448798726786...
2026-06-06 18:23:40   Budget: $2
2026-06-06 18:23:40   Price Offset: 0.02
2026-06-06 18:23:40   Max Retries: 3
2026-06-06 18:23:40   Max Entry Price: 0.99
2026-06-06 18:23:40   WebSocket Price: 0.99
2026-06-06 18:23:40   Initial Price: 0.9900
2026-06-06 18:23:40   Contracts Needed: 5
2026-06-06 18:23:40   Estimated Cost: $4.95
2026-06-06 18:23:40 ----------------------------------------
2026-06-06 18:23:40   PRICE LIMIT: 1.0100 > max 0.9900
2026-06-06 18:23:41 ============================================================
2026-06-06 18:23:41 ENTRY EXECUTION STARTED
2026-06-06 18:23:41   Timestamp: 2026-06-06T18:23:41.014260
2026-06-06 18:23:41   Token: 3483724618133205628550458246448798726786...
2026-06-06 18:23:41   Budget: $2
2026-06-06 18:23:41   Price Offset: 0.02
2026-06-06 18:23:41   Max Retries: 3
2026-06-06 18:23:41   Max Entry Price: 0.99
2026-06-06 18:23:41   WebSocket Price: 0.99
2026-06-06 18:23:41   Initial Price: 0.9900
2026-06-06 18:23:41   Contracts Needed: 5
2026-06-06 18:23:41   Estimated Cost: $4.95
2026-06-06 18:23:41 ----------------------------------------
2026-06-06 18:23:41   PRICE LIMIT: 1.0100 > max 0.9900
2026-06-06 18:23:41 ============================================================
2026-06-06 18:23:41 ENTRY EXECUTION STARTED
2026-06-06 18:23:41   Timestamp: 2026-06-06T18:23:41.281767
2026-06-06 18:23:41   Token: 3483724618133205628550458246448798726786...
2026-06-06 18:23:41   Budget: $2
2026-06-06 18:23:41   Price Offset: 0.02
2026-06-06 18:23:41   Max Retries: 3
2026-06-06 18:23:41   Max Entry Price: 0.99
2026-06-06 18:23:41   WebSocket Price: 0.99
2026-06-06 18:23:41   Initial Price: 0.9900
2026-06-06 18:23:41   Contracts Needed: 5
2026-06-06 18:23:41   Estimated Cost: $4.95
2026-06-06 18:23:41 ----------------------------------------
2026-06-06 18:23:41   PRICE LIMIT: 1.0100 > max 0.9900
2026-06-06 18:23:41 ============================================================
2026-06-06 18:23:41 ENTRY EXECUTION STARTED
2026-06-06 18:23:41   Timestamp: 2026-06-06T18:23:41.549893
2026-06-06 18:23:41   Token: 3483724618133205628550458246448798726786...
2026-06-06 18:23:41   Budget: $2
2026-06-06 18:23:41   Price Offset: 0.02
2026-06-06 18:23:41   Max Retries: 3
2026-06-06 18:23:41   Max Entry Price: 0.99
2026-06-06 18:23:41   WebSocket Price: 0.99
2026-06-06 18:23:41   Initial Price: 0.9900
2026-06-06 18:23:41   Contracts Needed: 5
2026-06-06 18:23:41   Estimated Cost: $4.95
2026-06-06 18:23:41 ----------------------------------------
2026-06-06 18:23:41   PRICE LIMIT: 1.0100 > max 0.9900
2026-06-06 18:23:41 ============================================================
2026-06-06 18:23:41 ENTRY EXECUTION STARTED
2026-06-06 18:23:41   Timestamp: 2026-06-06T18:23:41.816574
2026-06-06 18:23:41   Token: 3483724618133205628550458246448798726786...
2026-06-06 18:23:41   Budget: $2
2026-06-06 18:23:41   Price Offset: 0.02
2026-06-06 18:23:41   Max Retries: 3
2026-06-06 18:23:41   Max Entry Price: 0.99
2026-06-06 18:23:41   WebSocket Price: 0.99
2026-06-06 18:23:41   Initial Price: 0.9900
2026-06-06 18:23:41   Contracts Needed: 5
2026-06-06 18:23:41   Estimated Cost: $4.95
2026-06-06 18:23:41 ----------------------------------------
2026-06-06 18:23:41   PRICE LIMIT: 1.0100 > max 0.9900
2026-06-06 18:23:42 ============================================================
2026-06-06 18:23:42 ENTRY EXECUTION STARTED
2026-06-06 18:23:42   Timestamp: 2026-06-06T18:23:42.066632
2026-06-06 18:23:42   Token: 3483724618133205628550458246448798726786...
2026-06-06 18:23:42   Budget: $2
2026-06-06 18:23:42   Price Offset: 0.02
2026-06-06 18:23:42   Max Retries: 3
2026-06-06 18:23:42   Max Entry Price: 0.99
2026-06-06 18:23:42   WebSocket Price: 0.99
2026-06-06 18:23:42   Initial Price: 0.9900
2026-06-06 18:23:42   Contracts Needed: 5
2026-06-06 18:23:42   Estimated Cost: $4.95
2026-06-06 18:23:42 ----------------------------------------
2026-06-06 18:23:42   PRICE LIMIT: 1.0100 > max 0.9900
2026-06-06 18:23:42 ============================================================
2026-06-06 18:23:42 ENTRY EXECUTION STARTED
2026-06-06 18:23:42   Timestamp: 2026-06-06T18:23:42.324919
2026-06-06 18:23:42   Token: 3483724618133205628550458246448798726786...
2026-06-06 18:23:42   Budget: $2
2026-06-06 18:23:42   Price Offset: 0.02
2026-06-06 18:23:42   Max Retries: 3
2026-06-06 18:23:42   Max Entry Price: 0.99
2026-06-06 18:23:42   WebSocket Price: 0.99
2026-06-06 18:23:42   Initial Price: 0.9900
2026-06-06 18:23:42   Contracts Needed: 5
2026-06-06 18:23:42   Estimated Cost: $4.95
2026-06-06 18:23:42 ----------------------------------------
2026-06-06 18:23:42   PRICE LIMIT: 1.0100 > max 0.9900
2026-06-06 18:23:42 ============================================================
2026-06-06 18:23:42 ENTRY EXECUTION STARTED
2026-06-06 18:23:42   Timestamp: 2026-06-06T18:23:42.581259
2026-06-06 18:23:42   Token: 3483724618133205628550458246448798726786...
2026-06-06 18:23:42   Budget: $2
2026-06-06 18:23:42   Price Offset: 0.02
2026-06-06 18:23:42   Max Retries: 3
2026-06-06 18:23:42   Max Entry Price: 0.99
2026-06-06 18:23:42   WebSocket Price: 0.99
2026-06-06 18:23:42   Initial Price: 0.9900
2026-06-06 18:23:42   Contracts Needed: 5
2026-06-06 18:23:42   Estimated Cost: $4.95
2026-06-06 18:23:42 ----------------------------------------
2026-06-06 18:23:42   PRICE LIMIT: 1.0100 > max 0.9900
2026-06-06 18:23:42 ============================================================
2026-06-06 18:23:42 ENTRY EXECUTION STARTED
2026-06-06 18:23:42   Timestamp: 2026-06-06T18:23:42.844497
2026-06-06 18:23:42   Token: 3483724618133205628550458246448798726786...
2026-06-06 18:23:42   Budget: $2
2026-06-06 18:23:42   Price Offset: 0.02
2026-06-06 18:23:42   Max Retries: 3
2026-06-06 18:23:42   Max Entry Price: 0.99
2026-06-06 18:23:42   WebSocket Price: 0.99
2026-06-06 18:23:42   Initial Price: 0.9900
2026-06-06 18:23:42   Contracts Needed: 5
2026-06-06 18:23:42   Estimated Cost: $4.95
2026-06-06 18:23:42 ----------------------------------------
2026-06-06 18:23:42   PRICE LIMIT: 1.0100 > max 0.9900
2026-06-06 18:23:43 ============================================================
2026-06-06 18:23:43 ENTRY EXECUTION STARTED
2026-06-06 18:23:43   Timestamp: 2026-06-06T18:23:43.363794
2026-06-06 18:23:43   Token: 3483724618133205628550458246448798726786...
2026-06-06 18:23:43   Budget: $2
2026-06-06 18:23:43   Price Offset: 0.02
2026-06-06 18:23:43   Max Retries: 3
2026-06-06 18:23:43   Max Entry Price: 0.99
2026-06-06 18:23:43   WebSocket Price: 0.99
2026-06-06 18:23:43   Initial Price: 0.9900
2026-06-06 18:23:43   Contracts Needed: 5
2026-06-06 18:23:43   Estimated Cost: $4.95
2026-06-06 18:23:43 ----------------------------------------
2026-06-06 18:23:43   PRICE LIMIT: 1.0100 > max 0.9900
2026-06-06 18:28:35 ============================================================
2026-06-06 18:28:35 ENTRY EXECUTION STARTED
2026-06-06 18:28:35   Timestamp: 2026-06-06T18:28:35.564168
2026-06-06 18:28:35   Token: 9633144542262293846732052090578327555584...
2026-06-06 18:28:35   Budget: $2
2026-06-06 18:28:35   Price Offset: 0.02
2026-06-06 18:28:35   Max Retries: 3
2026-06-06 18:28:35   Max Entry Price: 0.99
2026-06-06 18:28:35   WebSocket Price: 0.87
2026-06-06 18:28:35   Initial Price: 0.8700
2026-06-06 18:28:35   Contracts Needed: 5
2026-06-06 18:28:35   Estimated Cost: $4.35
2026-06-06 18:28:35 ----------------------------------------
2026-06-06 18:28:35   Order Price: 0.8900 (price + 0.02)
2026-06-06 18:28:35 ATTEMPT 1/3
2026-06-06 18:28:35   Contracts bought so far: 0
2026-06-06 18:28:35   Remaining needed: 5
2026-06-06 18:28:35   Order size: 5
2026-06-06 18:28:35 --------------------------------------------------
2026-06-06 18:28:35 PLACING ORDER
2026-06-06 18:28:35   Token: 963314454226229384673205209057...
2026-06-06 18:28:35   Side: BUY
2026-06-06 18:28:35   Price: 0.8900
2026-06-06 18:28:35   Size: 5 contracts
2026-06-06 18:28:35   Value: $4.45
2026-06-06 18:28:35   Type: FAK (Fill-And-Kill)
2026-06-06 18:28:36   Order signed in 876ms
2026-06-06 18:28:36 ORDER RESPONSE:
2026-06-06 18:28:36   Success: True
2026-06-06 18:28:36   Order ID: 0xfcafc474c46eaead5dd69ad11a106cc6864b32...
2026-06-06 18:28:36   Status: matched
2026-06-06 18:28:36   Taking Amount: 5.114938
2026-06-06 18:28:36   Making Amount: 4.449996
2026-06-06 18:28:36   Latency: sign=876ms, post=0ms, total=877ms
2026-06-06 18:28:36 --------------------------------------------------
2026-06-06 18:28:36   Order ID: 0xfcafc474c46eaead5dd69ad11a10...
2026-06-06 18:28:36   Progress: 5/5 (100.0%)
2026-06-06 18:28:36   Attempt time: 1015ms
2026-06-06 18:28:36   Total execution time: 1016ms
2026-06-06 18:28:36 ============================================================
2026-06-06 18:28:36 ENTRY EXECUTION COMPLETE
2026-06-06 18:28:36   Success: True
2026-06-06 18:28:36   Contracts Filled: 5/5
2026-06-06 18:28:36   Average Price: 0.8900
2026-06-06 18:28:36   Total Cost: $4.45
2026-06-06 18:28:36   Attempts: 1
2026-06-06 18:28:36   Total Time: 1016ms
2026-06-06 18:28:36   Fills: [{"attempt": 1, "filled": 5, "price": 0.89, "order_id": "0xfcafc474c46eaead5d", "source": "api_response", "timestamp": "2026-06-06T18:28:36.444367"}]
2026-06-06 18:28:36 ============================================================
2026-06-06 18:39:02 ============================================================
2026-06-06 18:39:02 ENTRY EXECUTION STARTED
2026-06-06 18:39:02   Timestamp: 2026-06-06T18:39:02.740104
2026-06-06 18:39:02   Token: 6260707108630791247117834545749278563174...
2026-06-06 18:39:02   Budget: $2
2026-06-06 18:39:02   Price Offset: 0.02
2026-06-06 18:39:02   Max Retries: 3
2026-06-06 18:39:02   Max Entry Price: 0.99
2026-06-06 18:39:02   WebSocket Price: 0.9
2026-06-06 18:39:02   Initial Price: 0.9000
2026-06-06 18:39:02   Contracts Needed: 5
2026-06-06 18:39:02   Estimated Cost: $4.50
2026-06-06 18:39:02 ----------------------------------------
2026-06-06 18:39:02   Order Price: 0.9200 (price + 0.02)
2026-06-06 18:39:02 ATTEMPT 1/3
2026-06-06 18:39:02   Contracts bought so far: 0
2026-06-06 18:39:02   Remaining needed: 5
2026-06-06 18:39:02   Order size: 5
2026-06-06 18:39:02 --------------------------------------------------
2026-06-06 18:39:02 PLACING ORDER
2026-06-06 18:39:02   Token: 626070710863079124711783454574...
2026-06-06 18:39:02   Side: BUY
2026-06-06 18:39:02   Price: 0.9200
2026-06-06 18:39:02   Size: 5 contracts
2026-06-06 18:39:02   Value: $4.60
2026-06-06 18:39:02   Type: FAK (Fill-And-Kill)
2026-06-06 18:39:04   Order signed in 1828ms
2026-06-06 18:39:04 ORDER RESPONSE:
2026-06-06 18:39:04   Success: True
2026-06-06 18:39:04   Order ID: 0x32d70668268bcbda50c20a169e5a1a49387d9c...
2026-06-06 18:39:04   Status: matched
2026-06-06 18:39:04   Taking Amount: 5.542164
2026-06-06 18:39:04   Making Amount: 4.599996
2026-06-06 18:39:04   Latency: sign=1828ms, post=0ms, total=1828ms
2026-06-06 18:39:04 --------------------------------------------------
2026-06-06 18:39:04   Order ID: 0x32d70668268bcbda50c20a169e5a...
2026-06-06 18:39:04   Progress: 5/5 (100.0%)
2026-06-06 18:39:04   Attempt time: 1965ms
2026-06-06 18:39:04   Total execution time: 1966ms
2026-06-06 18:39:04 ============================================================
2026-06-06 18:39:04 ENTRY EXECUTION COMPLETE
2026-06-06 18:39:04   Success: True
2026-06-06 18:39:04   Contracts Filled: 5/5
2026-06-06 18:39:04   Average Price: 0.9200
2026-06-06 18:39:04   Total Cost: $4.60
2026-06-06 18:39:04   Attempts: 1
2026-06-06 18:39:04   Total Time: 1966ms
2026-06-06 18:39:04   Fills: [{"attempt": 1, "filled": 5, "price": 0.92, "order_id": "0x32d70668268bcbda50", "source": "api_response", "timestamp": "2026-06-06T18:39:04.570651"}]
2026-06-06 18:39:04 ============================================================
2026-06-06 18:48:57 ============================================================
2026-06-06 18:48:57 ENTRY EXECUTION STARTED
2026-06-06 18:48:57   Timestamp: 2026-06-06T18:48:57.662612
2026-06-06 18:48:57   Token: 6177253340460581837805988516342145399323...
2026-06-06 18:48:57   Budget: $2
2026-06-06 18:48:57   Price Offset: 0.02
2026-06-06 18:48:57   Max Retries: 3
2026-06-06 18:48:57   Max Entry Price: 0.99
2026-06-06 18:48:57   WebSocket Price: 0.85
2026-06-06 18:48:57   Initial Price: 0.8500
2026-06-06 18:48:57   Contracts Needed: 5
2026-06-06 18:48:57   Estimated Cost: $4.25
2026-06-06 18:48:57 ----------------------------------------
2026-06-06 18:48:57   Order Price: 0.8700 (price + 0.02)
2026-06-06 18:48:57 ATTEMPT 1/3
2026-06-06 18:48:57   Contracts bought so far: 0
2026-06-06 18:48:57   Remaining needed: 5
2026-06-06 18:48:57   Order size: 5
2026-06-06 18:48:57 --------------------------------------------------
2026-06-06 18:48:57 PLACING ORDER
2026-06-06 18:48:57   Token: 617725334046058183780598851634...
2026-06-06 18:48:57   Side: BUY
2026-06-06 18:48:57   Price: 0.8700
2026-06-06 18:48:57   Size: 5 contracts
2026-06-06 18:48:57   Value: $4.35
2026-06-06 18:48:57   Type: FAK (Fill-And-Kill)
2026-06-06 18:48:58   Order signed in 903ms
2026-06-06 18:48:58 ORDER RESPONSE:
2026-06-06 18:48:58   Success: True
2026-06-06 18:48:58   Order ID: 0xd2e63104829bebcac876c15698c187bc3e36fc...
2026-06-06 18:48:58   Status: matched
2026-06-06 18:48:58   Taking Amount: 5
2026-06-06 18:48:58   Making Amount: 4.35
2026-06-06 18:48:58   Latency: sign=903ms, post=0ms, total=903ms
2026-06-06 18:48:58 --------------------------------------------------
2026-06-06 18:48:58   Order ID: 0xd2e63104829bebcac876c15698c1...
2026-06-06 18:48:58   Progress: 5/5 (100.0%)
2026-06-06 18:48:58   Attempt time: 1042ms
2026-06-06 18:48:58   Total execution time: 1043ms
2026-06-06 18:48:58 ============================================================
2026-06-06 18:48:58 ENTRY EXECUTION COMPLETE
2026-06-06 18:48:58   Success: True
2026-06-06 18:48:58   Contracts Filled: 5/5
2026-06-06 18:48:58   Average Price: 0.8700
2026-06-06 18:48:58   Total Cost: $4.35
2026-06-06 18:48:58   Attempts: 1
2026-06-06 18:48:58   Total Time: 1043ms
2026-06-06 18:48:58   Fills: [{"attempt": 1, "filled": 5, "price": 0.87, "order_id": "0xd2e63104829bebcac8", "source": "api_response", "timestamp": "2026-06-06T18:48:58.568687"}]
2026-06-06 18:48:58 ============================================================
2026-06-06 18:53:30 ============================================================
2026-06-06 18:53:30 ENTRY EXECUTION STARTED
2026-06-06 18:53:30   Timestamp: 2026-06-06T18:53:30.230682
2026-06-06 18:53:30   Token: 6941078481205065171589421987967210974847...
2026-06-06 18:53:30   Budget: $2
2026-06-06 18:53:30   Price Offset: 0.02
2026-06-06 18:53:30   Max Retries: 3
2026-06-06 18:53:30   Max Entry Price: 0.99
2026-06-06 18:53:30   WebSocket Price: 0.95
2026-06-06 18:53:30   Initial Price: 0.9500
2026-06-06 18:53:30   Contracts Needed: 5
2026-06-06 18:53:30   Estimated Cost: $4.75
2026-06-06 18:53:30 ----------------------------------------
2026-06-06 18:53:30   Order Price: 0.9700 (price + 0.02)
2026-06-06 18:53:30 ATTEMPT 1/3
2026-06-06 18:53:30   Contracts bought so far: 0
2026-06-06 18:53:30   Remaining needed: 5
2026-06-06 18:53:30   Order size: 5
2026-06-06 18:53:30 --------------------------------------------------
2026-06-06 18:53:30 PLACING ORDER
2026-06-06 18:53:30   Token: 694107848120506517158942198796...
2026-06-06 18:53:30   Side: BUY
2026-06-06 18:53:30   Price: 0.9700
2026-06-06 18:53:30   Size: 5 contracts
2026-06-06 18:53:30   Value: $4.85
2026-06-06 18:53:30   Type: FAK (Fill-And-Kill)
2026-06-06 18:53:34   Order signed in 3947ms
2026-06-06 18:53:34 ORDER RESPONSE:
2026-06-06 18:53:34   Success: True
2026-06-06 18:53:34   Order ID: 0xa338ecc9ec023dc1e8bef4943c20cbbf62671b...
2026-06-06 18:53:34   Status: matched
2026-06-06 18:53:34   Taking Amount: 5
2026-06-06 18:53:34   Making Amount: 4.85
2026-06-06 18:53:34   Latency: sign=3947ms, post=0ms, total=3947ms
2026-06-06 18:53:34 --------------------------------------------------
2026-06-06 18:53:34   Order ID: 0xa338ecc9ec023dc1e8bef4943c20...
2026-06-06 18:53:34   Progress: 5/5 (100.0%)
2026-06-06 18:53:34   Attempt time: 4088ms
2026-06-06 18:53:34   Total execution time: 4088ms
2026-06-06 18:53:34 ============================================================
2026-06-06 18:53:34 ENTRY EXECUTION COMPLETE
2026-06-06 18:53:34   Success: True
2026-06-06 18:53:34   Contracts Filled: 5/5
2026-06-06 18:53:34   Average Price: 0.9700
2026-06-06 18:53:34   Total Cost: $4.85
2026-06-06 18:53:34   Attempts: 1
2026-06-06 18:53:34   Total Time: 4088ms
2026-06-06 18:53:34   Fills: [{"attempt": 1, "filled": 5, "price": 0.97, "order_id": "0xa338ecc9ec023dc1e8", "source": "api_response", "timestamp": "2026-06-06T18:53:34.181205"}]
2026-06-06 18:53:34 ============================================================
2026-06-06 18:59:34 ============================================================
2026-06-06 18:59:34 ENTRY EXECUTION STARTED
2026-06-06 18:59:34   Timestamp: 2026-06-06T18:59:34.717050
2026-06-06 18:59:34   Token: 4918563113830674683684816768937863200751...
2026-06-06 18:59:34   Budget: $2
2026-06-06 18:59:34   Price Offset: 0.02
2026-06-06 18:59:34   Max Retries: 3
2026-06-06 18:59:34   Max Entry Price: 0.99
2026-06-06 18:59:34   WebSocket Price: 0.92
2026-06-06 18:59:34   Initial Price: 0.9200
2026-06-06 18:59:34   Contracts Needed: 5
2026-06-06 18:59:34   Estimated Cost: $4.60
2026-06-06 18:59:34 ----------------------------------------
2026-06-06 18:59:34   Order Price: 0.9400 (price + 0.02)
2026-06-06 18:59:34 ATTEMPT 1/3
2026-06-06 18:59:34   Contracts bought so far: 0
2026-06-06 18:59:34   Remaining needed: 5
2026-06-06 18:59:34   Order size: 5
2026-06-06 18:59:34 --------------------------------------------------
2026-06-06 18:59:34 PLACING ORDER
2026-06-06 18:59:34   Token: 491856311383067468368481676893...
2026-06-06 18:59:34   Side: BUY
2026-06-06 18:59:34   Price: 0.9400
2026-06-06 18:59:34   Size: 5 contracts
2026-06-06 18:59:34   Value: $4.70
2026-06-06 18:59:34   Type: FAK (Fill-And-Kill)
2026-06-06 18:59:36   Order signed in 2006ms
2026-06-06 18:59:36 ORDER RESPONSE:
2026-06-06 18:59:36   Success: True
2026-06-06 18:59:36   Order ID: 0x5affcca8e85cc3f21414d6bf0260c49959ce86...
2026-06-06 18:59:36   Status: matched
2026-06-06 18:59:36   Taking Amount: 5.595237
2026-06-06 18:59:36   Making Amount: 4.699999
2026-06-06 18:59:36   Latency: sign=2006ms, post=0ms, total=2006ms
2026-06-06 18:59:36 --------------------------------------------------
2026-06-06 18:59:36   Order ID: 0x5affcca8e85cc3f21414d6bf0260...
2026-06-06 18:59:36   Progress: 5/5 (100.0%)
2026-06-06 18:59:36   Attempt time: 2137ms
2026-06-06 18:59:36   Total execution time: 2138ms
2026-06-06 18:59:36 ============================================================
2026-06-06 18:59:36 ENTRY EXECUTION COMPLETE
2026-06-06 18:59:36   Success: True
2026-06-06 18:59:36   Contracts Filled: 5/5
2026-06-06 18:59:36   Average Price: 0.9400
2026-06-06 18:59:36   Total Cost: $4.70
2026-06-06 18:59:36   Attempts: 1
2026-06-06 18:59:36   Total Time: 2138ms
2026-06-06 18:59:36   Fills: [{"attempt": 1, "filled": 5, "price": 0.9400000000000001, "order_id": "0x5affcca8e85cc3f214", "source": "api_response", "timestamp": "2026-06-06T18:59:36.725584"}]
2026-06-06 18:59:36 ============================================================
2026-06-06 19:08:48 ============================================================
2026-06-06 19:08:48 ENTRY EXECUTION STARTED
2026-06-06 19:08:48   Timestamp: 2026-06-06T19:08:48.722866
2026-06-06 19:08:48   Token: 3047676211589863318070691388885525727104...
2026-06-06 19:08:48   Budget: $2
2026-06-06 19:08:48   Price Offset: 0.02
2026-06-06 19:08:48   Max Retries: 3
2026-06-06 19:08:48   Max Entry Price: 0.99
2026-06-06 19:08:48   WebSocket Price: 0.85
2026-06-06 19:08:48   Initial Price: 0.8500
2026-06-06 19:08:48   Contracts Needed: 5
2026-06-06 19:08:48   Estimated Cost: $4.25
2026-06-06 19:08:48 ----------------------------------------
2026-06-06 19:08:48   Order Price: 0.8700 (price + 0.02)
2026-06-06 19:08:48 ATTEMPT 1/3
2026-06-06 19:08:48   Contracts bought so far: 0
2026-06-06 19:08:48   Remaining needed: 5
2026-06-06 19:08:48   Order size: 5
2026-06-06 19:08:48 --------------------------------------------------
2026-06-06 19:08:48 PLACING ORDER
2026-06-06 19:08:48   Token: 304767621158986331807069138888...
2026-06-06 19:08:48   Side: BUY
2026-06-06 19:08:48   Price: 0.8700
2026-06-06 19:08:48   Size: 5 contracts
2026-06-06 19:08:48   Value: $4.35
2026-06-06 19:08:48   Type: FAK (Fill-And-Kill)
2026-06-06 19:08:50   Order signed in 1928ms
2026-06-06 19:08:50 ORDER RESPONSE:
2026-06-06 19:08:50   Success: True
2026-06-06 19:08:50   Order ID: 0x18690f2315bed2819310fea3cb0f1af85e6ba7...
2026-06-06 19:08:50   Status: matched
2026-06-06 19:08:50   Taking Amount: 5.178568
2026-06-06 19:08:50   Making Amount: 4.349997
2026-06-06 19:08:50   Latency: sign=1928ms, post=0ms, total=1928ms
2026-06-06 19:08:50 --------------------------------------------------
2026-06-06 19:08:50   Order ID: 0x18690f2315bed2819310fea3cb0f...
2026-06-06 19:08:50   Progress: 5/5 (100.0%)
2026-06-06 19:08:50   Attempt time: 2059ms
2026-06-06 19:08:50   Total execution time: 2060ms
2026-06-06 19:08:50 ============================================================
2026-06-06 19:08:50 ENTRY EXECUTION COMPLETE
2026-06-06 19:08:50   Success: True
2026-06-06 19:08:50   Contracts Filled: 5/5
2026-06-06 19:08:50   Average Price: 0.8700
2026-06-06 19:08:50   Total Cost: $4.35
2026-06-06 19:08:50   Attempts: 1
2026-06-06 19:08:50   Total Time: 2060ms
2026-06-06 19:08:50   Fills: [{"attempt": 1, "filled": 5, "price": 0.87, "order_id": "0x18690f2315bed28193", "source": "api_response", "timestamp": "2026-06-06T19:08:50.653686"}]
2026-06-06 19:08:50 ============================================================
2026-06-06 19:13:30 ============================================================
2026-06-06 19:13:30 ENTRY EXECUTION STARTED
2026-06-06 19:13:30   Timestamp: 2026-06-06T19:13:30.013238
2026-06-06 19:13:30   Token: 8989157560280911456992020965721602171447...
2026-06-06 19:13:30   Budget: $2
2026-06-06 19:13:30   Price Offset: 0.02
2026-06-06 19:13:30   Max Retries: 3
2026-06-06 19:13:30   Max Entry Price: 0.99
2026-06-06 19:13:30   WebSocket Price: 0.95
2026-06-06 19:13:30   Initial Price: 0.9500
2026-06-06 19:13:30   Contracts Needed: 5
2026-06-06 19:13:30   Estimated Cost: $4.75
2026-06-06 19:13:30 ----------------------------------------
2026-06-06 19:13:30   Order Price: 0.9700 (price + 0.02)
2026-06-06 19:13:30 ATTEMPT 1/3
2026-06-06 19:13:30   Contracts bought so far: 0
2026-06-06 19:13:30   Remaining needed: 5
2026-06-06 19:13:30   Order size: 5
2026-06-06 19:13:30 --------------------------------------------------
2026-06-06 19:13:30 PLACING ORDER
2026-06-06 19:13:30   Token: 898915756028091145699202096572...
2026-06-06 19:13:30   Side: BUY
2026-06-06 19:13:30   Price: 0.9700
2026-06-06 19:13:30   Size: 5 contracts
2026-06-06 19:13:30   Value: $4.85
2026-06-06 19:13:30   Type: FAK (Fill-And-Kill)
2026-06-06 19:13:31   Order signed in 1438ms
2026-06-06 19:13:31 ORDER RESPONSE:
2026-06-06 19:13:31   Success: True
2026-06-06 19:13:31   Order ID: 0xe0f6f4e41285a41d807c76dce060959afb689b...
2026-06-06 19:13:31   Status: matched
2026-06-06 19:13:31   Taking Amount: 5.10526
2026-06-06 19:13:31   Making Amount: 4.849997
2026-06-06 19:13:31   Latency: sign=1438ms, post=0ms, total=1439ms
2026-06-06 19:13:31 --------------------------------------------------
2026-06-06 19:13:31   Order ID: 0xe0f6f4e41285a41d807c76dce060...
2026-06-06 19:13:31   Progress: 5/5 (100.0%)
2026-06-06 19:13:31   Attempt time: 1579ms
2026-06-06 19:13:31   Total execution time: 1581ms
2026-06-06 19:13:31 ============================================================
2026-06-06 19:13:31 ENTRY EXECUTION COMPLETE
2026-06-06 19:13:31   Success: True
2026-06-06 19:13:31   Contracts Filled: 5/5
2026-06-06 19:13:31   Average Price: 0.9700
2026-06-06 19:13:31   Total Cost: $4.85
2026-06-06 19:13:31   Attempts: 1
2026-06-06 19:13:31   Total Time: 1581ms
2026-06-06 19:13:31   Fills: [{"attempt": 1, "filled": 5, "price": 0.97, "order_id": "0xe0f6f4e41285a41d80", "source": "api_response", "timestamp": "2026-06-06T19:13:31.456358"}]
2026-06-06 19:13:31 ============================================================
2026-06-06 19:23:44 ============================================================
2026-06-06 19:23:44 ENTRY EXECUTION STARTED
2026-06-06 19:23:44   Timestamp: 2026-06-06T19:23:44.539530
2026-06-06 19:23:44   Token: 4623960482905381345020592275794128091137...
2026-06-06 19:23:44   Budget: $2
2026-06-06 19:23:44   Price Offset: 0.02
2026-06-06 19:23:44   Max Retries: 3
2026-06-06 19:23:44   Max Entry Price: 0.99
2026-06-06 19:23:44   WebSocket Price: 0.85
2026-06-06 19:23:44   Initial Price: 0.8500
2026-06-06 19:23:44   Contracts Needed: 5
2026-06-06 19:23:44   Estimated Cost: $4.25
2026-06-06 19:23:44 ----------------------------------------
2026-06-06 19:23:44   Order Price: 0.8700 (price + 0.02)
2026-06-06 19:23:44 ATTEMPT 1/3
2026-06-06 19:23:44   Contracts bought so far: 0
2026-06-06 19:23:44   Remaining needed: 5
2026-06-06 19:23:44   Order size: 5
2026-06-06 19:23:44 --------------------------------------------------
2026-06-06 19:23:44 PLACING ORDER
2026-06-06 19:23:44   Token: 462396048290538134502059227579...
2026-06-06 19:23:44   Side: BUY
2026-06-06 19:23:44   Price: 0.8700
2026-06-06 19:23:44   Size: 5 contracts
2026-06-06 19:23:44   Value: $4.35
2026-06-06 19:23:44   Type: FAK (Fill-And-Kill)
2026-06-06 19:23:45 ORDER FAILED: PolyApiException[status_code=400, error_message={'error': 'no orders found to match with FAK order. FAK orders are partially filled or killed if no match is found.', 'orderID': '0xd8dc3500651e3096aa683cd2643ec3b55c138661885e697e2a807c280eaef72c'}]
2026-06-06 19:23:45   Elapsed: 980ms
2026-06-06 19:23:45 --------------------------------------------------
2026-06-06 19:23:45   Order rejected (API): PolyApiException[status_code=400, error_message={'error': 'no orders found to match with FAK order. FAK orders are partially filled or killed if no match is found.', 'orderID': '0xd8dc3500651e3096aa683cd2643ec3b55c138661885e697e2a807c280eaef72c'}]
2026-06-06 19:23:45 ATTEMPT 2/3
2026-06-06 19:23:45   Contracts bought so far: 0
2026-06-06 19:23:45   Remaining needed: 5
2026-06-06 19:23:45   Order size: 5
2026-06-06 19:23:45 --------------------------------------------------
2026-06-06 19:23:45 PLACING ORDER
2026-06-06 19:23:45   Token: 462396048290538134502059227579...
2026-06-06 19:23:45   Side: BUY
2026-06-06 19:23:45   Price: 0.8700
2026-06-06 19:23:45   Size: 5 contracts
2026-06-06 19:23:45   Value: $4.35
2026-06-06 19:23:45   Type: FAK (Fill-And-Kill)
2026-06-06 19:23:46 ORDER FAILED: PolyApiException[status_code=400, error_message={'error': 'no orders found to match with FAK order. FAK orders are partially filled or killed if no match is found.', 'orderID': '0xec651ad8901cde53595a23086426d767438834d8dfc9c18ab4a773c1c59eaa51'}]
2026-06-06 19:23:46   Elapsed: 545ms
2026-06-06 19:23:46 --------------------------------------------------
2026-06-06 19:23:46   Order rejected (API): PolyApiException[status_code=400, error_message={'error': 'no orders found to match with FAK order. FAK orders are partially filled or killed if no match is found.', 'orderID': '0xec651ad8901cde53595a23086426d767438834d8dfc9c18ab4a773c1c59eaa51'}]
2026-06-06 19:23:46 ATTEMPT 3/3
2026-06-06 19:23:46   Contracts bought so far: 0
2026-06-06 19:23:46   Remaining needed: 5
2026-06-06 19:23:46   Order size: 5
2026-06-06 19:23:46 --------------------------------------------------
2026-06-06 19:23:46 PLACING ORDER
2026-06-06 19:23:46   Token: 462396048290538134502059227579...
2026-06-06 19:23:46   Side: BUY
2026-06-06 19:23:46   Price: 0.8700
2026-06-06 19:23:46   Size: 5 contracts
2026-06-06 19:23:46   Value: $4.35
2026-06-06 19:23:46   Type: FAK (Fill-And-Kill)
2026-06-06 19:23:47 ORDER FAILED: PolyApiException[status_code=400, error_message={'error': 'no orders found to match with FAK order. FAK orders are partially filled or killed if no match is found.', 'orderID': '0xbce562a048268d6c81462ce55a849e57d798606caaf5e6e8a21d6be293bb1c63'}]
2026-06-06 19:23:47   Elapsed: 534ms
2026-06-06 19:23:47 --------------------------------------------------
2026-06-06 19:23:47   Order rejected (API): PolyApiException[status_code=400, error_message={'error': 'no orders found to match with FAK order. FAK orders are partially filled or killed if no match is found.', 'orderID': '0xbce562a048268d6c81462ce55a849e57d798606caaf5e6e8a21d6be293bb1c63'}]
2026-06-06 19:23:47   Total execution time: 2986ms
2026-06-06 19:23:47 ============================================================
2026-06-06 19:23:47 ENTRY EXECUTION COMPLETE
2026-06-06 19:23:47   Success: False
2026-06-06 19:23:47   Contracts Filled: 0/5
2026-06-06 19:23:47   Average Price: 0.0000
2026-06-06 19:23:47   Total Cost: $0.00
2026-06-06 19:23:47   Attempts: 3
2026-06-06 19:23:47   Total Time: 2986ms
2026-06-06 19:23:47   Error: PolyApiException[status_code=400, error_message={'error': 'no orders found to match with FAK order. FAK orders are partially filled or killed if no match is found.', 'orderID': '0xbce562a048268d6c81462ce55a849e57d798606caaf5e6e8a21d6be293bb1c63'}]
2026-06-06 19:23:47   Fills: []
2026-06-06 19:23:47 ============================================================
2026-06-06 19:23:48 ============================================================
2026-06-06 19:23:48 ENTRY EXECUTION STARTED
2026-06-06 19:23:48   Timestamp: 2026-06-06T19:23:48.235801
2026-06-06 19:23:48   Token: 4623960482905381345020592275794128091137...
2026-06-06 19:23:48   Budget: $2
2026-06-06 19:23:48   Price Offset: 0.02
2026-06-06 19:23:48   Max Retries: 3
2026-06-06 19:23:48   Max Entry Price: 0.99
2026-06-06 19:23:48   WebSocket Price: 0.89
2026-06-06 19:23:48   Initial Price: 0.8900
2026-06-06 19:23:48   Contracts Needed: 5
2026-06-06 19:23:48   Estimated Cost: $4.45
2026-06-06 19:23:48 ----------------------------------------
2026-06-06 19:23:48   Order Price: 0.9100 (price + 0.02)
2026-06-06 19:23:48 ATTEMPT 1/3
2026-06-06 19:23:48   Contracts bought so far: 0
2026-06-06 19:23:48   Remaining needed: 5
2026-06-06 19:23:48   Order size: 5
2026-06-06 19:23:48 --------------------------------------------------
2026-06-06 19:23:48 PLACING ORDER
2026-06-06 19:23:48   Token: 462396048290538134502059227579...
2026-06-06 19:23:48   Side: BUY
2026-06-06 19:23:48   Price: 0.9100
2026-06-06 19:23:48   Size: 5 contracts
2026-06-06 19:23:48   Value: $4.55
2026-06-06 19:23:48   Type: FAK (Fill-And-Kill)
2026-06-06 19:23:48   Order signed in 543ms
2026-06-06 19:23:48 ORDER RESPONSE:
2026-06-06 19:23:48   Success: True
2026-06-06 19:23:48   Order ID: 0xb793320b9f06d718064b342ef1c38756f23082...
2026-06-06 19:23:48   Status: matched
2026-06-06 19:23:48   Taking Amount: 5.112354
2026-06-06 19:23:48   Making Amount: 4.549995
2026-06-06 19:23:48   Latency: sign=543ms, post=0ms, total=544ms
2026-06-06 19:23:48 --------------------------------------------------
2026-06-06 19:23:48   Order ID: 0xb793320b9f06d718064b342ef1c3...
2026-06-06 19:23:48   Progress: 5/5 (100.0%)
2026-06-06 19:23:48   Attempt time: 672ms
2026-06-06 19:23:48   Total execution time: 673ms
2026-06-06 19:23:48 ============================================================
2026-06-06 19:23:48 ENTRY EXECUTION COMPLETE
2026-06-06 19:23:48   Success: True
2026-06-06 19:23:48   Contracts Filled: 5/5
2026-06-06 19:23:48   Average Price: 0.9100
2026-06-06 19:23:48   Total Cost: $4.55
2026-06-06 19:23:48   Attempts: 1
2026-06-06 19:23:48   Total Time: 673ms
2026-06-06 19:23:48   Fills: [{"attempt": 1, "filled": 5, "price": 0.91, "order_id": "0xb793320b9f06d71806", "source": "api_response", "timestamp": "2026-06-06T19:23:48.782579"}]
2026-06-06 19:23:48 ============================================================
2026-06-06 19:28:38 ============================================================
2026-06-06 19:28:38 ENTRY EXECUTION STARTED
2026-06-06 19:28:38   Timestamp: 2026-06-06T19:28:38.316824
2026-06-06 19:28:38   Token: 1049342817609397178557811779335797385001...
2026-06-06 19:28:38   Budget: $2
2026-06-06 19:28:38   Price Offset: 0.02
2026-06-06 19:28:38   Max Retries: 3
2026-06-06 19:28:38   Max Entry Price: 0.99
2026-06-06 19:28:38   WebSocket Price: 0.9
2026-06-06 19:28:38   Initial Price: 0.9000
2026-06-06 19:28:38   Contracts Needed: 5
2026-06-06 19:28:38   Estimated Cost: $4.50
2026-06-06 19:28:38 ----------------------------------------
2026-06-06 19:28:38   Order Price: 0.9200 (price + 0.02)
2026-06-06 19:28:38 ATTEMPT 1/3
2026-06-06 19:28:38   Contracts bought so far: 0
2026-06-06 19:28:38   Remaining needed: 5
2026-06-06 19:28:38   Order size: 5
2026-06-06 19:28:38 --------------------------------------------------
2026-06-06 19:28:38 PLACING ORDER
2026-06-06 19:28:38   Token: 104934281760939717855781177933...
2026-06-06 19:28:38   Side: BUY
2026-06-06 19:28:38   Price: 0.9200
2026-06-06 19:28:38   Size: 5 contracts
2026-06-06 19:28:38   Value: $4.60
2026-06-06 19:28:38   Type: FAK (Fill-And-Kill)
2026-06-06 19:28:39 ORDER FAILED: PolyApiException[status_code=400, error_message={'error': 'no orders found to match with FAK order. FAK orders are partially filled or killed if no match is found.', 'orderID': '0xd2068baf44b0ceea9b1395842dd43ac7a9bd9192d53e916485d4de589b8894af'}]
2026-06-06 19:28:39   Elapsed: 1314ms
2026-06-06 19:28:39 --------------------------------------------------
2026-06-06 19:28:39   Order rejected (API): PolyApiException[status_code=400, error_message={'error': 'no orders found to match with FAK order. FAK orders are partially filled or killed if no match is found.', 'orderID': '0xd2068baf44b0ceea9b1395842dd43ac7a9bd9192d53e916485d4de589b8894af'}]
2026-06-06 19:28:39 ATTEMPT 2/3
2026-06-06 19:28:39   Contracts bought so far: 0
2026-06-06 19:28:39   Remaining needed: 5
2026-06-06 19:28:39   Order size: 5
2026-06-06 19:28:39 --------------------------------------------------
2026-06-06 19:28:39 PLACING ORDER
2026-06-06 19:28:39   Token: 104934281760939717855781177933...
2026-06-06 19:28:39   Side: BUY
2026-06-06 19:28:39   Price: 0.9200
2026-06-06 19:28:39   Size: 5 contracts
2026-06-06 19:28:39   Value: $4.60
2026-06-06 19:28:39   Type: FAK (Fill-And-Kill)
2026-06-06 19:28:40 ORDER FAILED: PolyApiException[status_code=400, error_message={'error': 'no orders found to match with FAK order. FAK orders are partially filled or killed if no match is found.', 'orderID': '0x144019c98c077a172c819bfd9ae536b5e88ffee09138f77d8a0e38d229e5f535'}]
2026-06-06 19:28:40   Elapsed: 500ms
2026-06-06 19:28:40 --------------------------------------------------
2026-06-06 19:28:40   Order rejected (API): PolyApiException[status_code=400, error_message={'error': 'no orders found to match with FAK order. FAK orders are partially filled or killed if no match is found.', 'orderID': '0x144019c98c077a172c819bfd9ae536b5e88ffee09138f77d8a0e38d229e5f535'}]
2026-06-06 19:28:40 ATTEMPT 3/3
2026-06-06 19:28:40   Contracts bought so far: 0
2026-06-06 19:28:40   Remaining needed: 5
2026-06-06 19:28:40   Order size: 5
2026-06-06 19:28:40 --------------------------------------------------
2026-06-06 19:28:40 PLACING ORDER
2026-06-06 19:28:40   Token: 104934281760939717855781177933...
2026-06-06 19:28:40   Side: BUY
2026-06-06 19:28:40   Price: 0.9200
2026-06-06 19:28:40   Size: 5 contracts
2026-06-06 19:28:40   Value: $4.60
2026-06-06 19:28:40   Type: FAK (Fill-And-Kill)
2026-06-06 19:28:41   Order signed in 514ms
2026-06-06 19:28:41 ORDER RESPONSE:
2026-06-06 19:28:41   Success: True
2026-06-06 19:28:41   Order ID: 0x3e2e720a8a2859b2d594db3e5c18cae1185325...
2026-06-06 19:28:41   Status: matched
2026-06-06 19:28:41   Taking Amount: 5
2026-06-06 19:28:41   Making Amount: 4.6
2026-06-06 19:28:41   Latency: sign=514ms, post=0ms, total=514ms
2026-06-06 19:28:41 --------------------------------------------------
2026-06-06 19:28:41   Order ID: 0x3e2e720a8a2859b2d594db3e5c18...
2026-06-06 19:28:41   Progress: 5/5 (100.0%)
2026-06-06 19:28:41   Attempt time: 639ms
2026-06-06 19:28:41   Total execution time: 3066ms
2026-06-06 19:28:41 ============================================================
2026-06-06 19:28:41 ENTRY EXECUTION COMPLETE
2026-06-06 19:28:41   Success: True
2026-06-06 19:28:41   Contracts Filled: 5/5
2026-06-06 19:28:41   Average Price: 0.9200
2026-06-06 19:28:41   Total Cost: $4.60
2026-06-06 19:28:41   Attempts: 3
2026-06-06 19:28:41   Total Time: 3066ms
2026-06-06 19:28:41   Fills: [{"attempt": 3, "filled": 5, "price": 0.92, "order_id": "0x3e2e720a8a2859b2d5", "source": "api_response", "timestamp": "2026-06-06T19:28:41.261085"}]
2026-06-06 19:28:41 ============================================================
2026-06-06 19:34:15 ============================================================
2026-06-06 19:34:15 ENTRY EXECUTION STARTED
2026-06-06 19:34:15   Timestamp: 2026-06-06T19:34:15.721410
2026-06-06 19:34:15   Token: 9664663361901496311365060992255753627317...
2026-06-06 19:34:15   Budget: $2
2026-06-06 19:34:15   Price Offset: 0.02
2026-06-06 19:34:15   Max Retries: 3
2026-06-06 19:34:15   Max Entry Price: 0.99
2026-06-06 19:34:15   WebSocket Price: 0.88
2026-06-06 19:34:15   Initial Price: 0.8800
2026-06-06 19:34:15   Contracts Needed: 5
2026-06-06 19:34:15   Estimated Cost: $4.40
2026-06-06 19:34:15 ----------------------------------------
2026-06-06 19:34:15   Order Price: 0.9000 (price + 0.02)
2026-06-06 19:34:15 ATTEMPT 1/3
2026-06-06 19:34:15   Contracts bought so far: 0
2026-06-06 19:34:15   Remaining needed: 5
2026-06-06 19:34:15   Order size: 5
2026-06-06 19:34:15 --------------------------------------------------
2026-06-06 19:34:15 PLACING ORDER
2026-06-06 19:34:15   Token: 966466336190149631136506099225...
2026-06-06 19:34:15   Side: BUY
2026-06-06 19:34:15   Price: 0.9000
2026-06-06 19:34:15   Size: 5 contracts
2026-06-06 19:34:15   Value: $4.50
2026-06-06 19:34:15   Type: FAK (Fill-And-Kill)
2026-06-06 19:34:16 ORDER FAILED: PolyApiException[status_code=400, error_message={'error': 'no orders found to match with FAK order. FAK orders are partially filled or killed if no match is found.', 'orderID': '0x2589368d2e0aa9fee4916cf03f4e4f427d023e92a393f284d6a0fcf62f826c04'}]
2026-06-06 19:34:16   Elapsed: 1076ms
2026-06-06 19:34:16 --------------------------------------------------
2026-06-06 19:34:16   Order rejected (API): PolyApiException[status_code=400, error_message={'error': 'no orders found to match with FAK order. FAK orders are partially filled or killed if no match is found.', 'orderID': '0x2589368d2e0aa9fee4916cf03f4e4f427d023e92a393f284d6a0fcf62f826c04'}]
2026-06-06 19:34:17 ATTEMPT 2/3
2026-06-06 19:34:17   Contracts bought so far: 0
2026-06-06 19:34:17   Remaining needed: 5
2026-06-06 19:34:17   Order size: 5
2026-06-06 19:34:17 --------------------------------------------------
2026-06-06 19:34:17 PLACING ORDER
2026-06-06 19:34:17   Token: 966466336190149631136506099225...
2026-06-06 19:34:17   Side: BUY
2026-06-06 19:34:17   Price: 0.9000
2026-06-06 19:34:17   Size: 5 contracts
2026-06-06 19:34:17   Value: $4.50
2026-06-06 19:34:17   Type: FAK (Fill-And-Kill)
2026-06-06 19:34:17 ORDER FAILED: PolyApiException[status_code=400, error_message={'error': 'no orders found to match with FAK order. FAK orders are partially filled or killed if no match is found.', 'orderID': '0x64ad4a56414908fb274516ef89e05826462e2cf31f8c2e9950e6eb14b960a943'}]
2026-06-06 19:34:17   Elapsed: 745ms
2026-06-06 19:34:17 --------------------------------------------------
2026-06-06 19:34:17   Order rejected (API): PolyApiException[status_code=400, error_message={'error': 'no orders found to match with FAK order. FAK orders are partially filled or killed if no match is found.', 'orderID': '0x64ad4a56414908fb274516ef89e05826462e2cf31f8c2e9950e6eb14b960a943'}]
2026-06-06 19:34:18 ATTEMPT 3/3
2026-06-06 19:34:18   Contracts bought so far: 0
2026-06-06 19:34:18   Remaining needed: 5
2026-06-06 19:34:18   Order size: 5
2026-06-06 19:34:18 --------------------------------------------------
2026-06-06 19:34:18 PLACING ORDER
2026-06-06 19:34:18   Token: 966466336190149631136506099225...
2026-06-06 19:34:18   Side: BUY
2026-06-06 19:34:18   Price: 0.9000
2026-06-06 19:34:18   Size: 5 contracts
2026-06-06 19:34:18   Value: $4.50
2026-06-06 19:34:18   Type: FAK (Fill-And-Kill)
2026-06-06 19:34:18 ORDER FAILED: PolyApiException[status_code=400, error_message={'error': 'no orders found to match with FAK order. FAK orders are partially filled or killed if no match is found.', 'orderID': '0xa9531801b22f50b267a48edd20799ee110f595a7dc98c2a4082992b6d60f9401'}]
2026-06-06 19:34:18   Elapsed: 490ms
2026-06-06 19:34:18 --------------------------------------------------
2026-06-06 19:34:18   Order rejected (API): PolyApiException[status_code=400, error_message={'error': 'no orders found to match with FAK order. FAK orders are partially filled or killed if no match is found.', 'orderID': '0xa9531801b22f50b267a48edd20799ee110f595a7dc98c2a4082992b6d60f9401'}]
2026-06-06 19:34:18   Total execution time: 3239ms
2026-06-06 19:34:18 ============================================================
2026-06-06 19:34:18 ENTRY EXECUTION COMPLETE
2026-06-06 19:34:18   Success: False
2026-06-06 19:34:18   Contracts Filled: 0/5
2026-06-06 19:34:18   Average Price: 0.0000
2026-06-06 19:34:18   Total Cost: $0.00
2026-06-06 19:34:18   Attempts: 3
2026-06-06 19:34:18   Total Time: 3240ms
2026-06-06 19:34:18   Error: PolyApiException[status_code=400, error_message={'error': 'no orders found to match with FAK order. FAK orders are partially filled or killed if no match is found.', 'orderID': '0xa9531801b22f50b267a48edd20799ee110f595a7dc98c2a4082992b6d60f9401'}]
2026-06-06 19:34:18   Fills: []
2026-06-06 19:34:18 ============================================================
2026-06-06 19:34:19 ============================================================
2026-06-06 19:34:19 ENTRY EXECUTION STARTED
2026-06-06 19:34:19   Timestamp: 2026-06-06T19:34:19.146699
2026-06-06 19:34:19   Token: 9664663361901496311365060992255753627317...
2026-06-06 19:34:19   Budget: $2
2026-06-06 19:34:19   Price Offset: 0.02
2026-06-06 19:34:19   Max Retries: 3
2026-06-06 19:34:19   Max Entry Price: 0.99
2026-06-06 19:34:19   WebSocket Price: 0.87
2026-06-06 19:34:19   Initial Price: 0.8700
2026-06-06 19:34:19   Contracts Needed: 5
2026-06-06 19:34:19   Estimated Cost: $4.35
2026-06-06 19:34:19 ----------------------------------------
2026-06-06 19:34:19   Order Price: 0.8900 (price + 0.02)
2026-06-06 19:34:19 ATTEMPT 1/3
2026-06-06 19:34:19   Contracts bought so far: 0
2026-06-06 19:34:19   Remaining needed: 5
2026-06-06 19:34:19   Order size: 5
2026-06-06 19:34:19 --------------------------------------------------
2026-06-06 19:34:19 PLACING ORDER
2026-06-06 19:34:19   Token: 966466336190149631136506099225...
2026-06-06 19:34:19   Side: BUY
2026-06-06 19:34:19   Price: 0.8900
2026-06-06 19:34:19   Size: 5 contracts
2026-06-06 19:34:19   Value: $4.45
2026-06-06 19:34:19   Type: FAK (Fill-And-Kill)
2026-06-06 19:34:19 ORDER FAILED: PolyApiException[status_code=400, error_message={'error': 'no orders found to match with FAK order. FAK orders are partially filled or killed if no match is found.', 'orderID': '0x1aea838aee111509cd2046fa60807b6933c6bbc0de2950ca104d36380a02ab43'}]
2026-06-06 19:34:19   Elapsed: 503ms
2026-06-06 19:34:19 --------------------------------------------------
2026-06-06 19:34:19   Order rejected (API): PolyApiException[status_code=400, error_message={'error': 'no orders found to match with FAK order. FAK orders are partially filled or killed if no match is found.', 'orderID': '0x1aea838aee111509cd2046fa60807b6933c6bbc0de2950ca104d36380a02ab43'}]
2026-06-06 19:34:19 ATTEMPT 2/3
2026-06-06 19:34:19   Contracts bought so far: 0
2026-06-06 19:34:19   Remaining needed: 5
2026-06-06 19:34:19   Order size: 5
2026-06-06 19:34:19 --------------------------------------------------
2026-06-06 19:34:19 PLACING ORDER
2026-06-06 19:34:19   Token: 966466336190149631136506099225...
2026-06-06 19:34:19   Side: BUY
2026-06-06 19:34:19   Price: 0.8900
2026-06-06 19:34:19   Size: 5 contracts
2026-06-06 19:34:19   Value: $4.45
2026-06-06 19:34:19   Type: FAK (Fill-And-Kill)
2026-06-06 19:34:20 ORDER FAILED: PolyApiException[status_code=400, error_message={'error': 'no orders found to match with FAK order. FAK orders are partially filled or killed if no match is found.', 'orderID': '0xc644efd46b9e4f7d7bd661f46a900e0b738ee0bf65dfa66dc9f8e3a1dddedf0b'}]
2026-06-06 19:34:20   Elapsed: 498ms
2026-06-06 19:34:20 --------------------------------------------------
2026-06-06 19:34:20   Order rejected (API): PolyApiException[status_code=400, error_message={'error': 'no orders found to match with FAK order. FAK orders are partially filled or killed if no match is found.', 'orderID': '0xc644efd46b9e4f7d7bd661f46a900e0b738ee0bf65dfa66dc9f8e3a1dddedf0b'}]
2026-06-06 19:34:20 ATTEMPT 3/3
2026-06-06 19:34:20   Contracts bought so far: 0
2026-06-06 19:34:20   Remaining needed: 5
2026-06-06 19:34:20   Order size: 5
2026-06-06 19:34:20 --------------------------------------------------
2026-06-06 19:34:20 PLACING ORDER
2026-06-06 19:34:20   Token: 966466336190149631136506099225...
2026-06-06 19:34:20   Side: BUY
2026-06-06 19:34:20   Price: 0.8900
2026-06-06 19:34:20   Size: 5 contracts
2026-06-06 19:34:20   Value: $4.45
2026-06-06 19:34:20   Type: FAK (Fill-And-Kill)
2026-06-06 19:34:21 ORDER FAILED: PolyApiException[status_code=400, error_message={'error': 'no orders found to match with FAK order. FAK orders are partially filled or killed if no match is found.', 'orderID': '0xc4c7efe53fb0c5aa5693168199b068538456120a3ad014668532b18cc4d4127b'}]
2026-06-06 19:34:21   Elapsed: 533ms
2026-06-06 19:34:21 --------------------------------------------------
2026-06-06 19:34:21   Order rejected (API): PolyApiException[status_code=400, error_message={'error': 'no orders found to match with FAK order. FAK orders are partially filled or killed if no match is found.', 'orderID': '0xc4c7efe53fb0c5aa5693168199b068538456120a3ad014668532b18cc4d4127b'}]
2026-06-06 19:34:21   Total execution time: 2462ms
2026-06-06 19:34:21 ============================================================
2026-06-06 19:34:21 ENTRY EXECUTION COMPLETE
2026-06-06 19:34:21   Success: False
2026-06-06 19:34:21   Contracts Filled: 0/5
2026-06-06 19:34:21   Average Price: 0.0000
2026-06-06 19:34:21   Total Cost: $0.00
2026-06-06 19:34:21   Attempts: 3
2026-06-06 19:34:21   Total Time: 2462ms
2026-06-06 19:34:21   Error: PolyApiException[status_code=400, error_message={'error': 'no orders found to match with FAK order. FAK orders are partially filled or killed if no match is found.', 'orderID': '0xc4c7efe53fb0c5aa5693168199b068538456120a3ad014668532b18cc4d4127b'}]
2026-06-06 19:34:21   Fills: []
2026-06-06 19:34:21 ============================================================
2026-06-06 19:34:21 ============================================================
2026-06-06 19:34:21 ENTRY EXECUTION STARTED
2026-06-06 19:34:21   Timestamp: 2026-06-06T19:34:21.745225
2026-06-06 19:34:21   Token: 9664663361901496311365060992255753627317...
2026-06-06 19:34:21   Budget: $2
2026-06-06 19:34:21   Price Offset: 0.02
2026-06-06 19:34:21   Max Retries: 3
2026-06-06 19:34:21   Max Entry Price: 0.99
2026-06-06 19:34:21   WebSocket Price: 0.93
2026-06-06 19:34:21   Initial Price: 0.9300
2026-06-06 19:34:21   Contracts Needed: 5
2026-06-06 19:34:21   Estimated Cost: $4.65
2026-06-06 19:34:21 ----------------------------------------
2026-06-06 19:34:21   Order Price: 0.9500 (price + 0.02)
2026-06-06 19:34:21 ATTEMPT 1/3
2026-06-06 19:34:21   Contracts bought so far: 0
2026-06-06 19:34:21   Remaining needed: 5
2026-06-06 19:34:21   Order size: 5
2026-06-06 19:34:21 --------------------------------------------------
2026-06-06 19:34:21 PLACING ORDER
2026-06-06 19:34:21   Token: 966466336190149631136506099225...
2026-06-06 19:34:21   Side: BUY
2026-06-06 19:34:21   Price: 0.9500
2026-06-06 19:34:21   Size: 5 contracts
2026-06-06 19:34:21   Value: $4.75
2026-06-06 19:34:21   Type: FAK (Fill-And-Kill)
2026-06-06 19:34:22   Order signed in 524ms
2026-06-06 19:34:22 ORDER RESPONSE:
2026-06-06 19:34:22   Success: True
2026-06-06 19:34:22   Order ID: 0xd2f11f839dcffb59af3118199660f2f5a259f7...
2026-06-06 19:34:22   Status: matched
2026-06-06 19:34:22   Taking Amount: 5.459769
2026-06-06 19:34:22   Making Amount: 4.749999
2026-06-06 19:34:22   Latency: sign=524ms, post=0ms, total=524ms
2026-06-06 19:34:22 --------------------------------------------------
2026-06-06 19:34:22   Order ID: 0xd2f11f839dcffb59af3118199660...
2026-06-06 19:34:22   Progress: 5/5 (100.0%)
2026-06-06 19:34:22   Attempt time: 660ms
2026-06-06 19:34:22   Total execution time: 661ms
2026-06-06 19:34:22 ============================================================
2026-06-06 19:34:22 ENTRY EXECUTION COMPLETE
2026-06-06 19:34:22   Success: True
2026-06-06 19:34:22   Contracts Filled: 5/5
2026-06-06 19:34:22   Average Price: 0.9500
2026-06-06 19:34:22   Total Cost: $4.75
2026-06-06 19:34:22   Attempts: 1
2026-06-06 19:34:22   Total Time: 661ms
2026-06-06 19:34:22   Fills: [{"attempt": 1, "filled": 5, "price": 0.9500000000000001, "order_id": "0xd2f11f839dcffb59af", "source": "api_response", "timestamp": "2026-06-06T19:34:22.271194"}]
2026-06-06 19:34:22 ============================================================
2026-06-06 19:39:09 ============================================================
2026-06-06 19:39:09 ENTRY EXECUTION STARTED
2026-06-06 19:39:09   Timestamp: 2026-06-06T19:39:09.371123
2026-06-06 19:39:09   Token: 2625835539415709349424269355335430334342...
2026-06-06 19:39:09   Budget: $2
2026-06-06 19:39:09   Price Offset: 0.02
2026-06-06 19:39:09   Max Retries: 3
2026-06-06 19:39:09   Max Entry Price: 0.99
2026-06-06 19:39:09   WebSocket Price: 0.86
2026-06-06 19:39:09   Initial Price: 0.8600
2026-06-06 19:39:09   Contracts Needed: 5
2026-06-06 19:39:09   Estimated Cost: $4.30
2026-06-06 19:39:09 ----------------------------------------
2026-06-06 19:39:09   Order Price: 0.8800 (price + 0.02)
2026-06-06 19:39:09 ATTEMPT 1/3
2026-06-06 19:39:09   Contracts bought so far: 0
2026-06-06 19:39:09   Remaining needed: 5
2026-06-06 19:39:09   Order size: 5
2026-06-06 19:39:09 --------------------------------------------------
2026-06-06 19:39:09 PLACING ORDER
2026-06-06 19:39:09   Token: 262583553941570934942426935533...
2026-06-06 19:39:09   Side: BUY
2026-06-06 19:39:09   Price: 0.8800
2026-06-06 19:39:09   Size: 5 contracts
2026-06-06 19:39:09   Value: $4.40
2026-06-06 19:39:09   Type: FAK (Fill-And-Kill)
2026-06-06 19:39:10   Order signed in 1530ms
2026-06-06 19:39:10 ORDER RESPONSE:
2026-06-06 19:39:10   Success: True
2026-06-06 19:39:10   Order ID: 0x1a0d178b84aa8a36f6638e18117bfa23124d75...
2026-06-06 19:39:10   Status: matched
2026-06-06 19:39:10   Taking Amount: 5.36585
2026-06-06 19:39:10   Making Amount: 4.399997
2026-06-06 19:39:10   Latency: sign=1530ms, post=0ms, total=1531ms
2026-06-06 19:39:10 --------------------------------------------------
2026-06-06 19:39:10   Order ID: 0x1a0d178b84aa8a36f6638e18117b...
2026-06-06 19:39:11   Progress: 5/5 (100.0%)
2026-06-06 19:39:11   Attempt time: 1663ms
2026-06-06 19:39:11   Total execution time: 1665ms
2026-06-06 19:39:11 ============================================================
2026-06-06 19:39:11 ENTRY EXECUTION COMPLETE
2026-06-06 19:39:11   Success: True
2026-06-06 19:39:11   Contracts Filled: 5/5
2026-06-06 19:39:11   Average Price: 0.8800
2026-06-06 19:39:11   Total Cost: $4.40
2026-06-06 19:39:11   Attempts: 1
2026-06-06 19:39:11   Total Time: 1665ms
2026-06-06 19:39:11   Fills: [{"attempt": 1, "filled": 5, "price": 0.88, "order_id": "0x1a0d178b84aa8a36f6", "source": "api_response", "timestamp": "2026-06-06T19:39:10.904862"}]
2026-06-06 19:39:11 ============================================================
2026-06-06 19:43:34 ============================================================
2026-06-06 19:43:34 ENTRY EXECUTION STARTED
2026-06-06 19:43:34   Timestamp: 2026-06-06T19:43:34.180018
2026-06-06 19:43:34   Token: 7444212929852584089328715846733632482781...
2026-06-06 19:43:34   Budget: $2
2026-06-06 19:43:34   Price Offset: 0.02
2026-06-06 19:43:34   Max Retries: 3
2026-06-06 19:43:34   Max Entry Price: 0.99
2026-06-06 19:43:34   WebSocket Price: 0.86
2026-06-06 19:43:34   Initial Price: 0.8600
2026-06-06 19:43:34   Contracts Needed: 5
2026-06-06 19:43:34   Estimated Cost: $4.30
2026-06-06 19:43:34 ----------------------------------------
2026-06-06 19:43:34   Order Price: 0.8800 (price + 0.02)
2026-06-06 19:43:34 ATTEMPT 1/3
2026-06-06 19:43:34   Contracts bought so far: 0
2026-06-06 19:43:34   Remaining needed: 5
2026-06-06 19:43:34   Order size: 5
2026-06-06 19:43:34 --------------------------------------------------
2026-06-06 19:43:34 PLACING ORDER
2026-06-06 19:43:34   Token: 744421292985258408932871584673...
2026-06-06 19:43:34   Side: BUY
2026-06-06 19:43:34   Price: 0.8800
2026-06-06 19:43:34   Size: 5 contracts
2026-06-06 19:43:34   Value: $4.40
2026-06-06 19:43:34   Type: FAK (Fill-And-Kill)
2026-06-06 19:43:35   Order signed in 903ms
2026-06-06 19:43:35 ORDER RESPONSE:
2026-06-06 19:43:35   Success: True
2026-06-06 19:43:35   Order ID: 0x4217cef169b82a263d1da1d9b3bd1afb552f4a...
2026-06-06 19:43:35   Status: matched
2026-06-06 19:43:35   Taking Amount: 5.057469
2026-06-06 19:43:35   Making Amount: 4.399998
2026-06-06 19:43:35   Latency: sign=903ms, post=0ms, total=904ms
2026-06-06 19:43:35 --------------------------------------------------
2026-06-06 19:43:35   Order ID: 0x4217cef169b82a263d1da1d9b3bd...
2026-06-06 19:43:35   Progress: 5/5 (100.0%)
2026-06-06 19:43:35   Attempt time: 1038ms
2026-06-06 19:43:35   Total execution time: 1039ms
2026-06-06 19:43:35 ============================================================
2026-06-06 19:43:35 ENTRY EXECUTION COMPLETE
2026-06-06 19:43:35   Success: True
2026-06-06 19:43:35   Contracts Filled: 5/5
2026-06-06 19:43:35   Average Price: 0.8800
2026-06-06 19:43:35   Total Cost: $4.40
2026-06-06 19:43:35   Attempts: 1
2026-06-06 19:43:35   Total Time: 1039ms
2026-06-06 19:43:35   Fills: [{"attempt": 1, "filled": 5, "price": 0.88, "order_id": "0x4217cef169b82a263d", "source": "api_response", "timestamp": "2026-06-06T19:43:35.086160"}]
2026-06-06 19:43:35 ============================================================
2026-06-06 19:48:37 ============================================================
2026-06-06 19:48:37 ENTRY EXECUTION STARTED
2026-06-06 19:48:37   Timestamp: 2026-06-06T19:48:37.893729
2026-06-06 19:48:37   Token: 2765222120987719524369464237894109088815...
2026-06-06 19:48:37   Budget: $2
2026-06-06 19:48:37   Price Offset: 0.02
2026-06-06 19:48:37   Max Retries: 3
2026-06-06 19:48:37   Max Entry Price: 0.99
2026-06-06 19:48:37   WebSocket Price: 0.96
2026-06-06 19:48:37   Initial Price: 0.9600
2026-06-06 19:48:37   Contracts Needed: 5
2026-06-06 19:48:37   Estimated Cost: $4.80
2026-06-06 19:48:37 ----------------------------------------
2026-06-06 19:48:37   Order Price: 0.9800 (price + 0.02)
2026-06-06 19:48:37 ATTEMPT 1/3
2026-06-06 19:48:37   Contracts bought so far: 0
2026-06-06 19:48:37   Remaining needed: 5
2026-06-06 19:48:37   Order size: 5
2026-06-06 19:48:37 --------------------------------------------------
2026-06-06 19:48:37 PLACING ORDER
2026-06-06 19:48:37   Token: 276522212098771952436946423789...
2026-06-06 19:48:37   Side: BUY
2026-06-06 19:48:37   Price: 0.9800
2026-06-06 19:48:37   Size: 5 contracts
2026-06-06 19:48:37   Value: $4.90
2026-06-06 19:48:37   Type: FAK (Fill-And-Kill)
2026-06-06 19:48:39   Order signed in 1328ms
2026-06-06 19:48:39 ORDER RESPONSE:
2026-06-06 19:48:39   Success: True
2026-06-06 19:48:39   Order ID: 0xd8ebe6c7e5894b8dda74ecda51e91900b53b89...
2026-06-06 19:48:39   Status: matched
2026-06-06 19:48:39   Taking Amount: 5.268814
2026-06-06 19:48:39   Making Amount: 4.899997
2026-06-06 19:48:39   Latency: sign=1328ms, post=0ms, total=1328ms
2026-06-06 19:48:39 --------------------------------------------------
2026-06-06 19:48:39   Order ID: 0xd8ebe6c7e5894b8dda74ecda51e9...
2026-06-06 19:48:39   Progress: 5/5 (100.0%)
2026-06-06 19:48:39   Attempt time: 1464ms
2026-06-06 19:48:39   Total execution time: 1465ms
2026-06-06 19:48:39 ============================================================
2026-06-06 19:48:39 ENTRY EXECUTION COMPLETE
2026-06-06 19:48:39   Success: True
2026-06-06 19:48:39   Contracts Filled: 5/5
2026-06-06 19:48:39   Average Price: 0.9800
2026-06-06 19:48:39   Total Cost: $4.90
2026-06-06 19:48:39   Attempts: 1
2026-06-06 19:48:39   Total Time: 1465ms
2026-06-06 19:48:39   Fills: [{"attempt": 1, "filled": 5, "price": 0.98, "order_id": "0xd8ebe6c7e5894b8dda", "source": "api_response", "timestamp": "2026-06-06T19:48:39.225900"}]
2026-06-06 19:48:39 ============================================================
2026-06-06 19:53:30 ============================================================
2026-06-06 19:53:30 ENTRY EXECUTION STARTED
2026-06-06 19:53:30   Timestamp: 2026-06-06T19:53:30.153645
2026-06-06 19:53:30   Token: 6707166583948867137016992431601437740530...
2026-06-06 19:53:30   Budget: $2
2026-06-06 19:53:30   Price Offset: 0.02
2026-06-06 19:53:30   Max Retries: 3
2026-06-06 19:53:30   Max Entry Price: 0.99
2026-06-06 19:53:30   WebSocket Price: 0.87
2026-06-06 19:53:30   Initial Price: 0.8700
2026-06-06 19:53:30   Contracts Needed: 5
2026-06-06 19:53:30   Estimated Cost: $4.35
2026-06-06 19:53:30 ----------------------------------------
2026-06-06 19:53:30   Order Price: 0.8900 (price + 0.02)
2026-06-06 19:53:30 ATTEMPT 1/3
2026-06-06 19:53:30   Contracts bought so far: 0
2026-06-06 19:53:30   Remaining needed: 5
2026-06-06 19:53:30   Order size: 5
2026-06-06 19:53:30 --------------------------------------------------
2026-06-06 19:53:30 PLACING ORDER
2026-06-06 19:53:30   Token: 670716658394886713701699243160...
2026-06-06 19:53:30   Side: BUY
2026-06-06 19:53:30   Price: 0.8900
2026-06-06 19:53:30   Size: 5 contracts
2026-06-06 19:53:30   Value: $4.45
2026-06-06 19:53:30   Type: FAK (Fill-And-Kill)
2026-06-06 19:53:31   Order signed in 1022ms
2026-06-06 19:53:31 ORDER RESPONSE:
2026-06-06 19:53:31   Success: True
2026-06-06 19:53:31   Order ID: 0xd8ab162a7ad63e819f4f27fb187d78e5fbbbce...
2026-06-06 19:53:31   Status: matched
2026-06-06 19:53:31   Taking Amount: 5.493826
2026-06-06 19:53:31   Making Amount: 4.449999
2026-06-06 19:53:31   Latency: sign=1022ms, post=0ms, total=1023ms
2026-06-06 19:53:31 --------------------------------------------------
2026-06-06 19:53:31   Order ID: 0xd8ab162a7ad63e819f4f27fb187d...
2026-06-06 19:53:31   Progress: 5/5 (100.0%)
2026-06-06 19:53:31   Attempt time: 1157ms
2026-06-06 19:53:31   Total execution time: 1158ms
2026-06-06 19:53:31 ============================================================
2026-06-06 19:53:31 ENTRY EXECUTION COMPLETE
2026-06-06 19:53:31   Success: True
2026-06-06 19:53:31   Contracts Filled: 5/5
2026-06-06 19:53:31   Average Price: 0.8900
2026-06-06 19:53:31   Total Cost: $4.45
2026-06-06 19:53:31   Attempts: 1
2026-06-06 19:53:31   Total Time: 1158ms
2026-06-06 19:53:31   Fills: [{"attempt": 1, "filled": 5, "price": 0.89, "order_id": "0xd8ab162a7ad63e819f", "source": "api_response", "timestamp": "2026-06-06T19:53:31.179053"}]
2026-06-06 19:53:31 ============================================================
2026-06-06 20:13:37 ============================================================
2026-06-06 20:13:37 ENTRY EXECUTION STARTED
2026-06-06 20:13:37   Timestamp: 2026-06-06T20:13:37.240311
2026-06-06 20:13:37   Token: 1083892579745355292287171272233288734132...
2026-06-06 20:13:37   Budget: $2
2026-06-06 20:13:37   Price Offset: 0.02
2026-06-06 20:13:37   Max Retries: 3
2026-06-06 20:13:37   Max Entry Price: 0.99
2026-06-06 20:13:37   WebSocket Price: 0.96
2026-06-06 20:13:37   Initial Price: 0.9600
2026-06-06 20:13:37   Contracts Needed: 5
2026-06-06 20:13:37   Estimated Cost: $4.80
2026-06-06 20:13:37 ----------------------------------------
2026-06-06 20:13:37   Order Price: 0.9800 (price + 0.02)
2026-06-06 20:13:37 ATTEMPT 1/3
2026-06-06 20:13:37   Contracts bought so far: 0
2026-06-06 20:13:37   Remaining needed: 5
2026-06-06 20:13:37   Order size: 5
2026-06-06 20:13:37 --------------------------------------------------
2026-06-06 20:13:37 PLACING ORDER
2026-06-06 20:13:37   Token: 108389257974535529228717127223...
2026-06-06 20:13:37   Side: BUY
2026-06-06 20:13:37   Price: 0.9800
2026-06-06 20:13:37   Size: 5 contracts
2026-06-06 20:13:37   Value: $4.90
2026-06-06 20:13:37   Type: FAK (Fill-And-Kill)
2026-06-06 20:13:38   Order signed in 834ms
2026-06-06 20:13:38 ORDER RESPONSE:
2026-06-06 20:13:38   Success: True
2026-06-06 20:13:38   Order ID: 0x33d447ce9d241d30f93e665c3e3d849432b3a4...
2026-06-06 20:13:38   Status: matched
2026-06-06 20:13:38   Taking Amount: 5.051533
2026-06-06 20:13:38   Making Amount: 4.899987
2026-06-06 20:13:38   Latency: sign=834ms, post=0ms, total=834ms
2026-06-06 20:13:38 --------------------------------------------------
2026-06-06 20:13:38   Order ID: 0x33d447ce9d241d30f93e665c3e3d...
2026-06-06 20:13:38   Progress: 5/5 (100.0%)
2026-06-06 20:13:38   Attempt time: 959ms
2026-06-06 20:13:38   Total execution time: 960ms
2026-06-06 20:13:38 ============================================================
2026-06-06 20:13:38 ENTRY EXECUTION COMPLETE
2026-06-06 20:13:38   Success: True
2026-06-06 20:13:38   Contracts Filled: 5/5
2026-06-06 20:13:38   Average Price: 0.9800
2026-06-06 20:13:38   Total Cost: $4.90
2026-06-06 20:13:38   Attempts: 1
2026-06-06 20:13:38   Total Time: 960ms
2026-06-06 20:13:38   Fills: [{"attempt": 1, "filled": 5, "price": 0.98, "order_id": "0x33d447ce9d241d30f9", "source": "api_response", "timestamp": "2026-06-06T20:13:38.076676"}]
2026-06-06 20:13:38 ============================================================
2026-06-06 20:18:30 ============================================================
2026-06-06 20:18:30 ENTRY EXECUTION STARTED
2026-06-06 20:18:30   Timestamp: 2026-06-06T20:18:30.225449
2026-06-06 20:18:30   Token: 9225167908337404535994865000452345356909...
2026-06-06 20:18:30   Budget: $2
2026-06-06 20:18:30   Price Offset: 0.02
2026-06-06 20:18:30   Max Retries: 3
2026-06-06 20:18:30   Max Entry Price: 0.99
2026-06-06 20:18:30   WebSocket Price: 0.97
2026-06-06 20:18:30   Initial Price: 0.9700
2026-06-06 20:18:30   Contracts Needed: 5
2026-06-06 20:18:30   Estimated Cost: $4.85
2026-06-06 20:18:30 ----------------------------------------
2026-06-06 20:18:30   Order Price: 0.9900 (price + 0.02)
2026-06-06 20:18:30 ATTEMPT 1/3
2026-06-06 20:18:30   Contracts bought so far: 0
2026-06-06 20:18:30   Remaining needed: 5
2026-06-06 20:18:30   Order size: 5
2026-06-06 20:18:30 --------------------------------------------------
2026-06-06 20:18:30 PLACING ORDER
2026-06-06 20:18:30   Token: 922516790833740453599486500045...
2026-06-06 20:18:30   Side: BUY
2026-06-06 20:18:30   Price: 0.9900
2026-06-06 20:18:30   Size: 5 contracts
2026-06-06 20:18:30   Value: $4.95
2026-06-06 20:18:30   Type: FAK (Fill-And-Kill)
2026-06-06 20:18:31   Order signed in 1155ms
2026-06-06 20:18:31 ORDER RESPONSE:
2026-06-06 20:18:31   Success: True
2026-06-06 20:18:31   Order ID: 0x9bb467cc32c9326e1b1b7aee71bc401e8d3dba...
2026-06-06 20:18:31   Status: matched
2026-06-06 20:18:31   Taking Amount: 5.103091
2026-06-06 20:18:31   Making Amount: 4.949998
2026-06-06 20:18:31   Latency: sign=1155ms, post=0ms, total=1155ms
2026-06-06 20:18:31 --------------------------------------------------
2026-06-06 20:18:31   Order ID: 0x9bb467cc32c9326e1b1b7aee71bc...
2026-06-06 20:18:31   Progress: 5/5 (100.0%)
2026-06-06 20:18:31   Attempt time: 1281ms
2026-06-06 20:18:31   Total execution time: 1282ms
2026-06-06 20:18:31 ============================================================
2026-06-06 20:18:31 ENTRY EXECUTION COMPLETE
2026-06-06 20:18:31   Success: True
2026-06-06 20:18:31   Contracts Filled: 5/5
2026-06-06 20:18:31   Average Price: 0.9900
2026-06-06 20:18:31   Total Cost: $4.95
2026-06-06 20:18:31   Attempts: 1
2026-06-06 20:18:31   Total Time: 1282ms
2026-06-06 20:18:31   Fills: [{"attempt": 1, "filled": 5, "price": 0.99, "order_id": "0x9bb467cc32c9326e1b", "source": "api_response", "timestamp": "2026-06-06T20:18:31.384093"}]
2026-06-06 20:18:31 ============================================================
2026-06-06 20:23:39 ============================================================
2026-06-06 20:23:39 ENTRY EXECUTION STARTED
2026-06-06 20:23:39   Timestamp: 2026-06-06T20:23:39.438744
2026-06-06 20:23:39   Token: 2073954095289737456214991548069400565383...
2026-06-06 20:23:39   Budget: $2
2026-06-06 20:23:39   Price Offset: 0.02
2026-06-06 20:23:39   Max Retries: 3
2026-06-06 20:23:39   Max Entry Price: 0.99
2026-06-06 20:23:39   WebSocket Price: 0.97
2026-06-06 20:23:39   Initial Price: 0.9700
2026-06-06 20:23:39   Contracts Needed: 5
2026-06-06 20:23:39   Estimated Cost: $4.85
2026-06-06 20:23:39 ----------------------------------------
2026-06-06 20:23:39   Order Price: 0.9900 (price + 0.02)
2026-06-06 20:23:39 ATTEMPT 1/3
2026-06-06 20:23:39   Contracts bought so far: 0
2026-06-06 20:23:39   Remaining needed: 5
2026-06-06 20:23:39   Order size: 5
2026-06-06 20:23:39 --------------------------------------------------
2026-06-06 20:23:39 PLACING ORDER
2026-06-06 20:23:39   Token: 207395409528973745621499154806...
2026-06-06 20:23:39   Side: BUY
2026-06-06 20:23:39   Price: 0.9900
2026-06-06 20:23:39   Size: 5 contracts
2026-06-06 20:23:39   Value: $4.95
2026-06-06 20:23:39   Type: FAK (Fill-And-Kill)
2026-06-06 20:23:40   Order signed in 892ms
2026-06-06 20:23:40 ORDER RESPONSE:
2026-06-06 20:23:40   Success: True
2026-06-06 20:23:40   Order ID: 0x1c298a312898915b8c4207f967cafeb294f051...
2026-06-06 20:23:40   Status: matched
2026-06-06 20:23:40   Taking Amount: 5.15625
2026-06-06 20:23:40   Making Amount: 4.95
2026-06-06 20:23:40   Latency: sign=892ms, post=0ms, total=892ms
2026-06-06 20:23:40 --------------------------------------------------
2026-06-06 20:23:40   Order ID: 0x1c298a312898915b8c4207f967ca...
2026-06-06 20:23:40   Progress: 5/5 (100.0%)
2026-06-06 20:23:40   Attempt time: 1025ms
2026-06-06 20:23:40   Total execution time: 1026ms
2026-06-06 20:23:40 ============================================================
2026-06-06 20:23:40 ENTRY EXECUTION COMPLETE
2026-06-06 20:23:40   Success: True
2026-06-06 20:23:40   Contracts Filled: 5/5
2026-06-06 20:23:40   Average Price: 0.9900
2026-06-06 20:23:40   Total Cost: $4.95
2026-06-06 20:23:40   Attempts: 1
2026-06-06 20:23:40   Total Time: 1026ms
2026-06-06 20:23:40   Fills: [{"attempt": 1, "filled": 5, "price": 0.99, "order_id": "0x1c298a312898915b8c", "source": "api_response", "timestamp": "2026-06-06T20:23:40.333324"}]
2026-06-06 20:23:40 ============================================================
2026-06-06 20:28:30 ============================================================
2026-06-06 20:28:30 ENTRY EXECUTION STARTED
2026-06-06 20:28:30   Timestamp: 2026-06-06T20:28:30.138702
2026-06-06 20:28:30   Token: 3785837393401794521962041898996345064423...
2026-06-06 20:28:30   Budget: $2
2026-06-06 20:28:30   Price Offset: 0.02
2026-06-06 20:28:30   Max Retries: 3
2026-06-06 20:28:30   Max Entry Price: 0.99
2026-06-06 20:28:30   WebSocket Price: 0.91
2026-06-06 20:28:30   Initial Price: 0.9100
2026-06-06 20:28:30   Contracts Needed: 5
2026-06-06 20:28:30   Estimated Cost: $4.55
2026-06-06 20:28:30 ----------------------------------------
2026-06-06 20:28:30   Order Price: 0.9300 (price + 0.02)
2026-06-06 20:28:30 ATTEMPT 1/3
2026-06-06 20:28:30   Contracts bought so far: 0
2026-06-06 20:28:30   Remaining needed: 5
2026-06-06 20:28:30   Order size: 5
2026-06-06 20:28:30 --------------------------------------------------
2026-06-06 20:28:30 PLACING ORDER
2026-06-06 20:28:30   Token: 378583739340179452196204189899...
2026-06-06 20:28:30   Side: BUY
2026-06-06 20:28:30   Price: 0.9300
2026-06-06 20:28:30   Size: 5 contracts
2026-06-06 20:28:30   Value: $4.65
2026-06-06 20:28:30   Type: FAK (Fill-And-Kill)
2026-06-06 20:28:34 ORDER FAILED: PolyApiException[status_code=400, error_message={'error': 'no orders found to match with FAK order. FAK orders are partially filled or killed if no match is found.', 'orderID': '0xcf3e766e1cae83cf30bfb2994c46e434bc371b0a2192fa6077894abfd0364e4d'}]
2026-06-06 20:28:34   Elapsed: 4255ms
2026-06-06 20:28:34 --------------------------------------------------
2026-06-06 20:28:34   Order rejected (API): PolyApiException[status_code=400, error_message={'error': 'no orders found to match with FAK order. FAK orders are partially filled or killed if no match is found.', 'orderID': '0xcf3e766e1cae83cf30bfb2994c46e434bc371b0a2192fa6077894abfd0364e4d'}]
2026-06-06 20:28:34 ATTEMPT 2/3
2026-06-06 20:28:34   Contracts bought so far: 0
2026-06-06 20:28:34   Remaining needed: 5
2026-06-06 20:28:34   Order size: 5
2026-06-06 20:28:34 --------------------------------------------------
2026-06-06 20:28:34 PLACING ORDER
2026-06-06 20:28:34   Token: 378583739340179452196204189899...
2026-06-06 20:28:34   Side: BUY
2026-06-06 20:28:34   Price: 0.9300
2026-06-06 20:28:34   Size: 5 contracts
2026-06-06 20:28:34   Value: $4.65
2026-06-06 20:28:34   Type: FAK (Fill-And-Kill)
2026-06-06 20:28:35 ORDER FAILED: PolyApiException[status_code=400, error_message={'error': 'no orders found to match with FAK order. FAK orders are partially filled or killed if no match is found.', 'orderID': '0x2902f28796c31e76df9f6028db7a2c5ee60938f417f13c94017197c4fd2cc9d8'}]
2026-06-06 20:28:35   Elapsed: 768ms
2026-06-06 20:28:35 --------------------------------------------------
2026-06-06 20:28:35   Order rejected (API): PolyApiException[status_code=400, error_message={'error': 'no orders found to match with FAK order. FAK orders are partially filled or killed if no match is found.', 'orderID': '0x2902f28796c31e76df9f6028db7a2c5ee60938f417f13c94017197c4fd2cc9d8'}]
2026-06-06 20:28:35 ATTEMPT 3/3
2026-06-06 20:28:35   Contracts bought so far: 0
2026-06-06 20:28:35   Remaining needed: 5
2026-06-06 20:28:35   Order size: 5
2026-06-06 20:28:35 --------------------------------------------------
2026-06-06 20:28:35 PLACING ORDER
2026-06-06 20:28:35   Token: 378583739340179452196204189899...
2026-06-06 20:28:35   Side: BUY
2026-06-06 20:28:35   Price: 0.9300
2026-06-06 20:28:35   Size: 5 contracts
2026-06-06 20:28:35   Value: $4.65
2026-06-06 20:28:35   Type: FAK (Fill-And-Kill)
2026-06-06 20:28:36 ORDER FAILED: PolyApiException[status_code=400, error_message={'error': 'no orders found to match with FAK order. FAK orders are partially filled or killed if no match is found.', 'orderID': '0x902c8f8f371f1095683e5b4508635fe446014038e16aca207ec64994735830a2'}]
2026-06-06 20:28:36   Elapsed: 478ms
2026-06-06 20:28:36 --------------------------------------------------
2026-06-06 20:28:36   Order rejected (API): PolyApiException[status_code=400, error_message={'error': 'no orders found to match with FAK order. FAK orders are partially filled or killed if no match is found.', 'orderID': '0x902c8f8f371f1095683e5b4508635fe446014038e16aca207ec64994735830a2'}]
2026-06-06 20:28:36   Total execution time: 6427ms
2026-06-06 20:28:36 ============================================================
2026-06-06 20:28:36 ENTRY EXECUTION COMPLETE
2026-06-06 20:28:36   Success: False
2026-06-06 20:28:36   Contracts Filled: 0/5
2026-06-06 20:28:36   Average Price: 0.0000
2026-06-06 20:28:36   Total Cost: $0.00
2026-06-06 20:28:36   Attempts: 3
2026-06-06 20:28:36   Total Time: 6427ms
2026-06-06 20:28:36   Error: PolyApiException[status_code=400, error_message={'error': 'no orders found to match with FAK order. FAK orders are partially filled or killed if no match is found.', 'orderID': '0x902c8f8f371f1095683e5b4508635fe446014038e16aca207ec64994735830a2'}]
2026-06-06 20:28:36   Fills: []
2026-06-06 20:28:36 ============================================================
2026-06-06 20:28:43 ============================================================
2026-06-06 20:28:43 ENTRY EXECUTION STARTED
2026-06-06 20:28:43   Timestamp: 2026-06-06T20:28:43.955161
2026-06-06 20:28:43   Token: 3785837393401794521962041898996345064423...
2026-06-06 20:28:43   Budget: $2
2026-06-06 20:28:43   Price Offset: 0.02
2026-06-06 20:28:43   Max Retries: 3
2026-06-06 20:28:43   Max Entry Price: 0.99
2026-06-06 20:28:43   WebSocket Price: 0.97
2026-06-06 20:28:43   Initial Price: 0.9700
2026-06-06 20:28:43   Contracts Needed: 5
2026-06-06 20:28:43   Estimated Cost: $4.85
2026-06-06 20:28:43 ----------------------------------------
2026-06-06 20:28:43   Order Price: 0.9900 (price + 0.02)
2026-06-06 20:28:43 ATTEMPT 1/3
2026-06-06 20:28:43   Contracts bought so far: 0
2026-06-06 20:28:43   Remaining needed: 5
2026-06-06 20:28:43   Order size: 5
2026-06-06 20:28:43 --------------------------------------------------
2026-06-06 20:28:43 PLACING ORDER
2026-06-06 20:28:43   Token: 378583739340179452196204189899...
2026-06-06 20:28:43   Side: BUY
2026-06-06 20:28:43   Price: 0.9900
2026-06-06 20:28:43   Size: 5 contracts
2026-06-06 20:28:43   Value: $4.95
2026-06-06 20:28:43   Type: FAK (Fill-And-Kill)
2026-06-06 20:28:45   Order signed in 1588ms
2026-06-06 20:28:45 ORDER RESPONSE:
2026-06-06 20:28:45   Success: True
2026-06-06 20:28:45   Order ID: 0x27593d9f3d06884dd52a26e9afefbd8a8cd966...
2026-06-06 20:28:45   Status: matched
2026-06-06 20:28:45   Taking Amount: 5.051
2026-06-06 20:28:45   Making Amount: 4.94998
2026-06-06 20:28:45   Latency: sign=1588ms, post=0ms, total=1588ms
2026-06-06 20:28:45 --------------------------------------------------
2026-06-06 20:28:45   Order ID: 0x27593d9f3d06884dd52a26e9afef...
2026-06-06 20:28:45   Progress: 5/5 (100.0%)
2026-06-06 20:28:45   Attempt time: 1717ms
2026-06-06 20:28:45   Total execution time: 1718ms
2026-06-06 20:28:45 ============================================================
2026-06-06 20:28:45 ENTRY EXECUTION COMPLETE
2026-06-06 20:28:45   Success: True
2026-06-06 20:28:45   Contracts Filled: 5/5
2026-06-06 20:28:45   Average Price: 0.9900
2026-06-06 20:28:45   Total Cost: $4.95
2026-06-06 20:28:45   Attempts: 1
2026-06-06 20:28:45   Total Time: 1718ms
2026-06-06 20:28:45   Fills: [{"attempt": 1, "filled": 5, "price": 0.99, "order_id": "0x27593d9f3d06884dd5", "source": "api_response", "timestamp": "2026-06-06T20:28:45.547867"}]
2026-06-06 20:28:45 ============================================================
2026-06-06 20:33:40 ============================================================
2026-06-06 20:33:40 ENTRY EXECUTION STARTED
2026-06-06 20:33:40   Timestamp: 2026-06-06T20:33:40.337014
2026-06-06 20:33:40   Token: 4384435469475146522193062726216684800558...
2026-06-06 20:33:40   Budget: $2
2026-06-06 20:33:40   Price Offset: 0.02
2026-06-06 20:33:40   Max Retries: 3
2026-06-06 20:33:40   Max Entry Price: 0.99
2026-06-06 20:33:40   WebSocket Price: 0.88
2026-06-06 20:33:40   Initial Price: 0.8800
2026-06-06 20:33:40   Contracts Needed: 5
2026-06-06 20:33:40   Estimated Cost: $4.40
2026-06-06 20:33:40 ----------------------------------------
2026-06-06 20:33:40   Order Price: 0.9000 (price + 0.02)
2026-06-06 20:33:40 ATTEMPT 1/3
2026-06-06 20:33:40   Contracts bought so far: 0
2026-06-06 20:33:40   Remaining needed: 5
2026-06-06 20:33:40   Order size: 5
2026-06-06 20:33:40 --------------------------------------------------
2026-06-06 20:33:40 PLACING ORDER
2026-06-06 20:33:40   Token: 438443546947514652219306272621...
2026-06-06 20:33:40   Side: BUY
2026-06-06 20:33:40   Price: 0.9000
2026-06-06 20:33:40   Size: 5 contracts
2026-06-06 20:33:40   Value: $4.50
2026-06-06 20:33:40   Type: FAK (Fill-And-Kill)
2026-06-06 20:33:42   Order signed in 2510ms
2026-06-06 20:33:42 ORDER RESPONSE:
2026-06-06 20:33:42   Success: True
2026-06-06 20:33:42   Order ID: 0xe46f190d762c95b0d94f81227f63b00860a061...
2026-06-06 20:33:42   Status: matched
2026-06-06 20:33:42   Taking Amount: 5.172407
2026-06-06 20:33:42   Making Amount: 4.499994
2026-06-06 20:33:42   Latency: sign=2510ms, post=0ms, total=2510ms
2026-06-06 20:33:42 --------------------------------------------------
2026-06-06 20:33:42   Order ID: 0xe46f190d762c95b0d94f81227f63...
2026-06-06 20:33:42   Progress: 5/5 (100.0%)
2026-06-06 20:33:42   Attempt time: 2631ms
2026-06-06 20:33:42   Total execution time: 2632ms
2026-06-06 20:33:42 ============================================================
2026-06-06 20:33:42 ENTRY EXECUTION COMPLETE
2026-06-06 20:33:42   Success: True
2026-06-06 20:33:42   Contracts Filled: 5/5
2026-06-06 20:33:42   Average Price: 0.9000
2026-06-06 20:33:42   Total Cost: $4.50
2026-06-06 20:33:42   Attempts: 1
2026-06-06 20:33:42   Total Time: 2632ms
2026-06-06 20:33:42   Fills: [{"attempt": 1, "filled": 5, "price": 0.9, "order_id": "0xe46f190d762c95b0d9", "source": "api_response", "timestamp": "2026-06-06T20:33:42.850316"}]
2026-06-06 20:33:42 ============================================================
2026-06-06 20:39:31 ============================================================
2026-06-06 20:39:31 ENTRY EXECUTION STARTED
2026-06-06 20:39:31   Timestamp: 2026-06-06T20:39:31.833306
2026-06-06 20:39:31   Token: 9725003276258058391642579750864846058040...
2026-06-06 20:39:31   Budget: $2
2026-06-06 20:39:31   Price Offset: 0.02
2026-06-06 20:39:31   Max Retries: 3
2026-06-06 20:39:31   Max Entry Price: 0.99
2026-06-06 20:39:31   WebSocket Price: 0.89
2026-06-06 20:39:31   Initial Price: 0.8900
2026-06-06 20:39:31   Contracts Needed: 5
2026-06-06 20:39:31   Estimated Cost: $4.45
2026-06-06 20:39:31 ----------------------------------------
2026-06-06 20:39:31   Order Price: 0.9100 (price + 0.02)
2026-06-06 20:39:31 ATTEMPT 1/3
2026-06-06 20:39:31   Contracts bought so far: 0
2026-06-06 20:39:31   Remaining needed: 5
2026-06-06 20:39:31   Order size: 5
2026-06-06 20:39:31 --------------------------------------------------
2026-06-06 20:39:31 PLACING ORDER
2026-06-06 20:39:31   Token: 972500327625805839164257975086...
2026-06-06 20:39:31   Side: BUY
2026-06-06 20:39:31   Price: 0.9100
2026-06-06 20:39:31   Size: 5 contracts
2026-06-06 20:39:31   Value: $4.55
2026-06-06 20:39:31   Type: FAK (Fill-And-Kill)
2026-06-06 20:39:32   Order signed in 1129ms
2026-06-06 20:39:32 ORDER RESPONSE:
2026-06-06 20:39:32   Success: True
2026-06-06 20:39:32   Order ID: 0x6bb933f15005f842e2497efa0e8c6628f045f3...
2026-06-06 20:39:32   Status: matched
2026-06-06 20:39:32   Taking Amount: 5
2026-06-06 20:39:32   Making Amount: 4.55
2026-06-06 20:39:32   Latency: sign=1129ms, post=0ms, total=1130ms
2026-06-06 20:39:32 --------------------------------------------------
2026-06-06 20:39:32   Order ID: 0x6bb933f15005f842e2497efa0e8c...
2026-06-06 20:39:33   Progress: 5/5 (100.0%)
2026-06-06 20:39:33   Attempt time: 1261ms
2026-06-06 20:39:33   Total execution time: 1262ms
2026-06-06 20:39:33 ============================================================
2026-06-06 20:39:33 ENTRY EXECUTION COMPLETE
2026-06-06 20:39:33   Success: True
2026-06-06 20:39:33   Contracts Filled: 5/5
2026-06-06 20:39:33   Average Price: 0.9100
2026-06-06 20:39:33   Total Cost: $4.55
2026-06-06 20:39:33   Attempts: 1
2026-06-06 20:39:33   Total Time: 1262ms
2026-06-06 20:39:33   Fills: [{"attempt": 1, "filled": 5, "price": 0.91, "order_id": "0x6bb933f15005f842e2", "source": "api_response", "timestamp": "2026-06-06T20:39:32.965040"}]
2026-06-06 20:39:33 ============================================================
2026-06-06 20:43:31 ============================================================
2026-06-06 20:43:31 ENTRY EXECUTION STARTED
2026-06-06 20:43:31   Timestamp: 2026-06-06T20:43:31.016141
2026-06-06 20:43:31   Token: 5228477486495779691231105522297752993827...
2026-06-06 20:43:31   Budget: $2
2026-06-06 20:43:31   Price Offset: 0.02
2026-06-06 20:43:31   Max Retries: 3
2026-06-06 20:43:31   Max Entry Price: 0.99
2026-06-06 20:43:31   WebSocket Price: 0.9
2026-06-06 20:43:31   Initial Price: 0.9000
2026-06-06 20:43:31   Contracts Needed: 5
2026-06-06 20:43:31   Estimated Cost: $4.50
2026-06-06 20:43:31 ----------------------------------------
2026-06-06 20:43:31   Order Price: 0.9200 (price + 0.02)
2026-06-06 20:43:31 ATTEMPT 1/3
2026-06-06 20:43:31   Contracts bought so far: 0
2026-06-06 20:43:31   Remaining needed: 5
2026-06-06 20:43:31   Order size: 5
2026-06-06 20:43:31 --------------------------------------------------
2026-06-06 20:43:31 PLACING ORDER
2026-06-06 20:43:31   Token: 522847748649577969123110552229...
2026-06-06 20:43:31   Side: BUY
2026-06-06 20:43:31   Price: 0.9200
2026-06-06 20:43:31   Size: 5 contracts
2026-06-06 20:43:31   Value: $4.60
2026-06-06 20:43:31   Type: FAK (Fill-And-Kill)
2026-06-06 20:43:31   Order signed in 841ms
2026-06-06 20:43:31 ORDER RESPONSE:
2026-06-06 20:43:31   Success: True
2026-06-06 20:43:31   Order ID: 0x44ac80ce1b49b65852d34afef6b1fc6b857a6e...
2026-06-06 20:43:31   Status: matched
2026-06-06 20:43:31   Taking Amount: 5.054944
2026-06-06 20:43:31   Making Amount: 4.599999
2026-06-06 20:43:31   Latency: sign=841ms, post=0ms, total=841ms
2026-06-06 20:43:31 --------------------------------------------------
2026-06-06 20:43:31   Order ID: 0x44ac80ce1b49b65852d34afef6b1...
2026-06-06 20:43:32   Progress: 5/5 (100.0%)
2026-06-06 20:43:32   Attempt time: 984ms
2026-06-06 20:43:32   Total execution time: 986ms
2026-06-06 20:43:32 ============================================================
2026-06-06 20:43:32 ENTRY EXECUTION COMPLETE
2026-06-06 20:43:32   Success: True
2026-06-06 20:43:32   Contracts Filled: 5/5
2026-06-06 20:43:32   Average Price: 0.9200
2026-06-06 20:43:32   Total Cost: $4.60
2026-06-06 20:43:32   Attempts: 1
2026-06-06 20:43:32   Total Time: 986ms
2026-06-06 20:43:32   Fills: [{"attempt": 1, "filled": 5, "price": 0.92, "order_id": "0x44ac80ce1b49b65852", "source": "api_response", "timestamp": "2026-06-06T20:43:31.863617"}]
2026-06-06 20:43:32 ============================================================
